Building for debugging...
[0/6] Write swift-version--58304C5D6DBC2206.txt
Build complete! (0.07s)
Test Suite 'All tests' started at 2026-09-17 17:04:56.946.
Test Suite 'DiskStewardPackageTests.xctest' started at 2026-09-17 17:04:56.946.
Test Suite 'AgentIntegrationContractTests' started at 2026-09-17 17:04:56.946.
Test Case '-[DiskStewardAppTests.AgentIntegrationContractTests testDetectionChecksOnlyDeclaredExecutableAndApplicationCandidates]' started.
Test Case '-[DiskStewardAppTests.AgentIntegrationContractTests testDetectionChecksOnlyDeclaredExecutableAndApplicationCandidates]' passed (0.000 seconds).
Test Case '-[DiskStewardAppTests.AgentIntegrationContractTests testOwnershipNeverTreatsAnUnreceiptedOrChangedDefinitionAsOwned]' started.
Test Case '-[DiskStewardAppTests.AgentIntegrationContractTests testOwnershipNeverTreatsAnUnreceiptedOrChangedDefinitionAsOwned]' passed (0.000 seconds).
Test Case '-[DiskStewardAppTests.AgentIntegrationContractTests testProcessFailureMappingPreservesExitCodeAndActionableOutput]' started.
Test Case '-[DiskStewardAppTests.AgentIntegrationContractTests testProcessFailureMappingPreservesExitCodeAndActionableOutput]' passed (0.000 seconds).
Test Case '-[DiskStewardAppTests.AgentIntegrationContractTests testReceiptStoreIsIdempotentAndPersistsOnlyOneReceiptPerClient]' started.
Test Case '-[DiskStewardAppTests.AgentIntegrationContractTests testReceiptStoreIsIdempotentAndPersistsOnlyOneReceiptPerClient]' passed (0.003 seconds).
Test Case '-[DiskStewardAppTests.AgentIntegrationContractTests testSelectionEligibilityIsExplicit]' started.
Test Case '-[DiskStewardAppTests.AgentIntegrationContractTests testSelectionEligibilityIsExplicit]' passed (0.000 seconds).
Test Case '-[DiskStewardAppTests.AgentIntegrationContractTests testStateDerivationKeepsPresenceConfigurationApprovalAndVerificationDistinct]' started.
Test Case '-[DiskStewardAppTests.AgentIntegrationContractTests testStateDerivationKeepsPresenceConfigurationApprovalAndVerificationDistinct]' passed (0.001 seconds).
Test Suite 'AgentIntegrationContractTests' passed at 2026-09-17 17:04:56.952.
	 Executed 6 tests, with 0 failures (0 unexpected) in 0.005 (0.005) seconds
Test Suite 'AgentIntegrationHardeningTests' started at 2026-09-17 17:04:56.952.
Test Case '-[DiskStewardAppTests.AgentIntegrationHardeningTests testConfigurationAndReceiptSymlinksFailClosed]' started.
Test Case '-[DiskStewardAppTests.AgentIntegrationHardeningTests testConfigurationAndReceiptSymlinksFailClosed]' passed (0.002 seconds).
Test Case '-[DiskStewardAppTests.AgentIntegrationHardeningTests testJSONReceiptFailureRestoresExactDocumentForAllMutations]' started.
Test Case '-[DiskStewardAppTests.AgentIntegrationHardeningTests testJSONReceiptFailureRestoresExactDocumentForAllMutations]' passed (0.008 seconds).
Test Case '-[DiskStewardAppTests.AgentIntegrationHardeningTests testMissingPackagedHelperNeverReportsSuccessfulSetup]' started.
Test Case '-[DiskStewardAppTests.AgentIntegrationHardeningTests testMissingPackagedHelperNeverReportsSuccessfulSetup]' passed (0.001 seconds).
Test Case '-[DiskStewardAppTests.AgentIntegrationHardeningTests testMovedPackagedHelperBecomesBrokenAndRepairUpdatesOnlyOwnedEntry]' started.
Test Case '-[DiskStewardAppTests.AgentIntegrationHardeningTests testMovedPackagedHelperBecomesBrokenAndRepairUpdatesOnlyOwnedEntry]' passed (0.003 seconds).
Test Case '-[DiskStewardAppTests.AgentIntegrationHardeningTests testReplacingHelperAtSamePathRequiresRepairBeforeVerification]' started.
Test Case '-[DiskStewardAppTests.AgentIntegrationHardeningTests testReplacingHelperAtSamePathRequiresRepairBeforeVerification]' passed (0.004 seconds).
Test Case '-[DiskStewardAppTests.AgentIntegrationHardeningTests testUserModificationAfterReceiptCreatesConflictAndBlocksRemoval]' started.
Test Case '-[DiskStewardAppTests.AgentIntegrationHardeningTests testUserModificationAfterReceiptCreatesConflictAndBlocksRemoval]' passed (0.002 seconds).
Test Suite 'AgentIntegrationHardeningTests' passed at 2026-09-17 17:04:56.972.
	 Executed 6 tests, with 0 failures (0 unexpected) in 0.020 (0.020) seconds
Test Suite 'AgentIntegrationsPresentationTests' started at 2026-09-17 17:04:56.972.
Test Case '-[DiskStewardAppTests.AgentIntegrationsPresentationTests testDetectedClientsAreSelectableAndAbsentClientsAreNotPreselected]' started.
Test Case '-[DiskStewardAppTests.AgentIntegrationsPresentationTests testDetectedClientsAreSelectableAndAbsentClientsAreNotPreselected]' passed (0.000 seconds).
Test Case '-[DiskStewardAppTests.AgentIntegrationsPresentationTests testMultiSelectReportsPartialResultsWithoutRollingBackSuccess]' started.
Test Case '-[DiskStewardAppTests.AgentIntegrationsPresentationTests testMultiSelectReportsPartialResultsWithoutRollingBackSuccess]' passed (0.000 seconds).
Test Case '-[DiskStewardAppTests.AgentIntegrationsPresentationTests testRepairAndRemoveAreForwardedToTheSelectedClientOnly]' started.
Test Case '-[DiskStewardAppTests.AgentIntegrationsPresentationTests testRepairAndRemoveAreForwardedToTheSelectedClientOnly]' passed (0.000 seconds).
Test Case '-[DiskStewardAppTests.AgentIntegrationsPresentationTests testSetupSelectionDoesNotMutateAgentAccessState]' started.
Test Case '-[DiskStewardAppTests.AgentIntegrationsPresentationTests testSetupSelectionDoesNotMutateAgentAccessState]' passed (0.000 seconds).
Test Suite 'AgentIntegrationsPresentationTests' passed at 2026-09-17 17:04:56.973.
	 Executed 4 tests, with 0 failures (0 unexpected) in 0.001 (0.001) seconds
Test Suite 'AgentQueryableEvidenceIncrementTests' started at 2026-09-17 17:04:56.973.
Test Case '-[IncrementTests.AgentQueryableEvidenceIncrementTests testAgentQueryableEvidenceIncrementComposesWithHumanJourneyAndFailsClosed]' started.
Test Case '-[IncrementTests.AgentQueryableEvidenceIncrementTests testAgentQueryableEvidenceIncrementComposesWithHumanJourneyAndFailsClosed]' passed (0.209 seconds).
Test Suite 'AgentQueryableEvidenceIncrementTests' passed at 2026-09-17 17:04:57.182.
	 Executed 1 test, with 0 failures (0 unexpected) in 0.209 (0.209) seconds
Test Suite 'AgentSessionRegistryTests' started at 2026-09-17 17:04:57.182.
Test Case '-[DiskStewardCoreTests.AgentSessionRegistryTests testAuthenticatedRegistrationEndsAndExpiresWithoutPersistingSecret]' started.
Test Case '-[DiskStewardCoreTests.AgentSessionRegistryTests testAuthenticatedRegistrationEndsAndExpiresWithoutPersistingSecret]' passed (0.000 seconds).
Test Case '-[DiskStewardCoreTests.AgentSessionRegistryTests testPIDReuseIsASeparateIdentityAndLocalInspectorFindsCurrentProcess]' started.
Test Case '-[DiskStewardCoreTests.AgentSessionRegistryTests testPIDReuseIsASeparateIdentityAndLocalInspectorFindsCurrentProcess]' passed (0.000 seconds).
Test Case '-[DiskStewardCoreTests.AgentSessionRegistryTests testSpoofedStaleDuplicateAndCrossTaskRegistrationsFailClosed]' started.
Test Case '-[DiskStewardCoreTests.AgentSessionRegistryTests testSpoofedStaleDuplicateAndCrossTaskRegistrationsFailClosed]' passed (0.000 seconds).
Test Suite 'AgentSessionRegistryTests' passed at 2026-09-17 17:04:57.184.
	 Executed 3 tests, with 0 failures (0 unexpected) in 0.001 (0.001) seconds
Test Suite 'AppEvidenceIPCIntegrationTests' started at 2026-09-17 17:04:57.184.
Test Case '-[DiskStewardAppTests.AppEvidenceIPCIntegrationTests testEndedSessionHeartbeatAndHistoricalImpactSurviveBackendRestart]' started.
Test Case '-[DiskStewardAppTests.AppEvidenceIPCIntegrationTests testEndedSessionHeartbeatAndHistoricalImpactSurviveBackendRestart]' passed (0.015 seconds).
Test Case '-[DiskStewardAppTests.AppEvidenceIPCIntegrationTests testPrivateUnixSocketServesRealSummarySessionAndExportQueries]' started.
Test Case '-[DiskStewardAppTests.AppEvidenceIPCIntegrationTests testPrivateUnixSocketServesRealSummarySessionAndExportQueries]' passed (0.059 seconds).
Test Case '-[DiskStewardAppTests.AppEvidenceIPCIntegrationTests testServerRemovesOwnedSocketAndClientReportsUnavailableAfterStop]' started.
Test Case '-[DiskStewardAppTests.AppEvidenceIPCIntegrationTests testServerRemovesOwnedSocketAndClientReportsUnavailableAfterStop]' passed (0.008 seconds).
Test Suite 'AppEvidenceIPCIntegrationTests' passed at 2026-09-17 17:04:57.266.
	 Executed 3 tests, with 0 failures (0 unexpected) in 0.083 (0.083) seconds
Test Suite 'AuthoritativeMCPReadModelTests' started at 2026-09-17 17:04:57.266.
Test Case '-[DiskStewardAppTests.AuthoritativeMCPReadModelTests testCleanupCandidateIsWithdrawnIfFileGainsHardLinkAfterObservation]' started.
Test Case '-[DiskStewardAppTests.AuthoritativeMCPReadModelTests testCleanupCandidateIsWithdrawnIfFileGainsHardLinkAfterObservation]' passed (0.011 seconds).
Test Case '-[DiskStewardAppTests.AuthoritativeMCPReadModelTests testCleanupCandidateMustStillBeTheSameLiveFileAndLifecycleIsQueryable]' started.
Test Case '-[DiskStewardAppTests.AuthoritativeMCPReadModelTests testCleanupCandidateMustStillBeTheSameLiveFileAndLifecycleIsQueryable]' passed (0.010 seconds).
Test Case '-[DiskStewardAppTests.AuthoritativeMCPReadModelTests testCursorIsOpaqueAndBoundToItsQuery]' started.
Test Case '-[DiskStewardAppTests.AuthoritativeMCPReadModelTests testCursorIsOpaqueAndBoundToItsQuery]' passed (0.012 seconds).
Test Case '-[DiskStewardAppTests.AuthoritativeMCPReadModelTests testTaskImpactSeparatesSurvivingBytesAndPartialCoverageExcludesCleanup]' started.
Test Case '-[DiskStewardAppTests.AuthoritativeMCPReadModelTests testTaskImpactSeparatesSurvivingBytesAndPartialCoverageExcludesCleanup]' passed (0.015 seconds).
Test Suite 'AuthoritativeMCPReadModelTests' passed at 2026-09-17 17:04:57.314.
	 Executed 4 tests, with 0 failures (0 unexpected) in 0.047 (0.047) seconds
Test Suite 'BackendIsolationTests' started at 2026-09-17 17:04:57.314.
Test Case '-[DiskStewardAppTests.BackendIsolationTests testBackendInitializationNeverSweepsAnotherInstancesTemporaryExports]' started.
Test Case '-[DiskStewardAppTests.BackendIsolationTests testBackendInitializationNeverSweepsAnotherInstancesTemporaryExports]' passed (0.007 seconds).
Test Case '-[DiskStewardAppTests.BackendIsolationTests testFailedBackendInitializationNeverSweepsAnotherInstancesTemporaryExports]' started.
Test Case '-[DiskStewardAppTests.BackendIsolationTests testFailedBackendInitializationNeverSweepsAnotherInstancesTemporaryExports]' passed (0.001 seconds).
Test Case '-[DiskStewardAppTests.BackendIsolationTests testOverlappingInlineExportsUseSeparateWorkspacesAndCleanTheirPayloads]' started.
Test Case '-[DiskStewardAppTests.BackendIsolationTests testOverlappingInlineExportsUseSeparateWorkspacesAndCleanTheirPayloads]' passed (0.018 seconds).
Test Case '-[DiskStewardAppTests.BackendIsolationTests testRequestCleanupPreservesSiblingAndReplacementDirectories]' started.
Test Case '-[DiskStewardAppTests.BackendIsolationTests testRequestCleanupPreservesSiblingAndReplacementDirectories]' passed (0.001 seconds).
Test Case '-[DiskStewardAppTests.BackendIsolationTests testWorkspaceRefusesSymlinkOrNonprivateParentBeforeCreatingChildren]' started.
Test Case '-[DiskStewardAppTests.BackendIsolationTests testWorkspaceRefusesSymlinkOrNonprivateParentBeforeCreatingChildren]' passed (0.000 seconds).
Test Suite 'BackendIsolationTests' passed at 2026-09-17 17:04:57.341.
	 Executed 5 tests, with 0 failures (0 unexpected) in 0.027 (0.027) seconds
Test Suite 'CodexAndClaudeCodeAdapterTests' started at 2026-09-17 17:04:57.341.
Test Case '-[DiskStewardAppTests.CodexAndClaudeCodeAdapterTests testClaudeCodeUsesUserScopeForAddAndRemove]' started.
Test Case '-[DiskStewardAppTests.CodexAndClaudeCodeAdapterTests testClaudeCodeUsesUserScopeForAddAndRemove]' passed (0.002 seconds).
Test Case '-[DiskStewardAppTests.CodexAndClaudeCodeAdapterTests testClaudeParserAcceptsEmptyEnvironmentButRejectsNonUserScopeAndUnknownFields]' started.
Test Case '-[DiskStewardAppTests.CodexAndClaudeCodeAdapterTests testClaudeParserAcceptsEmptyEnvironmentButRejectsNonUserScopeAndUnknownFields]' passed (0.000 seconds).
Test Case '-[DiskStewardAppTests.CodexAndClaudeCodeAdapterTests testClientCommandFailureIsReportedWithoutFalseReceipt]' started.
Test Case '-[DiskStewardAppTests.CodexAndClaudeCodeAdapterTests testClientCommandFailureIsReportedWithoutFalseReceipt]' passed (0.001 seconds).
Test Case '-[DiskStewardAppTests.CodexAndClaudeCodeAdapterTests testCodexUsesOfficialLifecycleAndRepeatedSetupIsIdempotent]' started.
Test Case '-[DiskStewardAppTests.CodexAndClaudeCodeAdapterTests testCodexUsesOfficialLifecycleAndRepeatedSetupIsIdempotent]' passed (0.001 seconds).
Test Case '-[DiskStewardAppTests.CodexAndClaudeCodeAdapterTests testConflictFailsClosedWithoutAddRemoveOrReceiptMutation]' started.
Test Case '-[DiskStewardAppTests.CodexAndClaudeCodeAdapterTests testConflictFailsClosedWithoutAddRemoveOrReceiptMutation]' passed (0.001 seconds).
Test Case '-[DiskStewardAppTests.CodexAndClaudeCodeAdapterTests testFailedMutationDoesNotRollBackOverConcurrentUserChange]' started.
Test Case '-[DiskStewardAppTests.CodexAndClaudeCodeAdapterTests testFailedMutationDoesNotRollBackOverConcurrentUserChange]' passed (0.001 seconds).
Test Case '-[DiskStewardAppTests.CodexAndClaudeCodeAdapterTests testFailedRepairRestoresPreviousOwnedDefinition]' started.
Test Case '-[DiskStewardAppTests.CodexAndClaudeCodeAdapterTests testFailedRepairRestoresPreviousOwnedDefinition]' passed (0.001 seconds).
Test Case '-[DiskStewardAppTests.CodexAndClaudeCodeAdapterTests testMissingHelperIsActionableAndDoesNotInvokeClientMutation]' started.
Test Case '-[DiskStewardAppTests.CodexAndClaudeCodeAdapterTests testMissingHelperIsActionableAndDoesNotInvokeClientMutation]' passed (0.000 seconds).
Test Case '-[DiskStewardAppTests.CodexAndClaudeCodeAdapterTests testReceiptFailureRollsBackSetupRepairAndRemoval]' started.
Test Case '-[DiskStewardAppTests.CodexAndClaudeCodeAdapterTests testReceiptFailureRollsBackSetupRepairAndRemoval]' passed (0.006 seconds).
Test Case '-[DiskStewardAppTests.CodexAndClaudeCodeAdapterTests testRepairReplacesOnlyReceiptedOwnedDefinition]' started.
Test Case '-[DiskStewardAppTests.CodexAndClaudeCodeAdapterTests testRepairReplacesOnlyReceiptedOwnedDefinition]' passed (0.001 seconds).
Test Case '-[DiskStewardAppTests.CodexAndClaudeCodeAdapterTests testVerificationRejectsConfigurationChangedDuringHelperCheck]' started.
Test Case '-[DiskStewardAppTests.CodexAndClaudeCodeAdapterTests testVerificationRejectsConfigurationChangedDuringHelperCheck]' passed (0.001 seconds).
Test Case '-[DiskStewardAppTests.CodexAndClaudeCodeAdapterTests testVerificationRunsBundledHelperSelfCheckAndUpdatesReceipt]' started.
Test Case '-[DiskStewardAppTests.CodexAndClaudeCodeAdapterTests testVerificationRunsBundledHelperSelfCheckAndUpdatesReceipt]' passed (0.001 seconds).
Test Suite 'CodexAndClaudeCodeAdapterTests' passed at 2026-09-17 17:04:57.360.
	 Executed 12 tests, with 0 failures (0 unexpected) in 0.018 (0.019) seconds
Test Suite 'CommandRunnerRegressionTests' started at 2026-09-17 17:04:57.360.
Test Case '-[DiskStewardAppTests.CommandRunnerRegressionTests testCancellationAtBothSpawnBoundariesHasOneCompletionAndReapsOwnedLeader]' started.
Test Case '-[DiskStewardAppTests.CommandRunnerRegressionTests testCancellationAtBothSpawnBoundariesHasOneCompletionAndReapsOwnedLeader]' passed (0.066 seconds).
Test Case '-[DiskStewardAppTests.CommandRunnerRegressionTests testCancellationStopsTermIgnoringChildAndItsDescendantBeforeReturning]' started.
Test Case '-[DiskStewardAppTests.CommandRunnerRegressionTests testCancellationStopsTermIgnoringChildAndItsDescendantBeforeReturning]' passed (0.228 seconds).
Test Case '-[DiskStewardAppTests.CommandRunnerRegressionTests testDrainsMoreThanPipeCapacityWithoutDeadlock]' started.
Test Case '-[DiskStewardAppTests.CommandRunnerRegressionTests testDrainsMoreThanPipeCapacityWithoutDeadlock]' passed (0.006 seconds).
Test Case '-[DiskStewardAppTests.CommandRunnerRegressionTests testDrainsOneMiBFromEachPipeAndPreservesFastExitStatus]' started.
Test Case '-[DiskStewardAppTests.CommandRunnerRegressionTests testDrainsOneMiBFromEachPipeAndPreservesFastExitStatus]' passed (0.010 seconds).
Test Case '-[DiskStewardAppTests.CommandRunnerRegressionTests testEnvironmentWorkingDirectoryStdinAndDelayedOutputArePreserved]' started.
Test Case '-[DiskStewardAppTests.CommandRunnerRegressionTests testEnvironmentWorkingDirectoryStdinAndDelayedOutputArePreserved]' passed (0.044 seconds).
Test Case '-[DiskStewardAppTests.CommandRunnerRegressionTests testFourOwnedCommandsAreCountedUntilCleanupAndRefuseAFifth]' started.
Test Case '-[DiskStewardAppTests.CommandRunnerRegressionTests testFourOwnedCommandsAreCountedUntilCleanupAndRefuseAFifth]' passed (0.832 seconds).
Test Case '-[DiskStewardAppTests.CommandRunnerRegressionTests testHugeOutputAndNeverExitStopAndReapTheOwnedProcessGroup]' started.
Test Case '-[DiskStewardAppTests.CommandRunnerRegressionTests testHugeOutputAndNeverExitStopAndReapTheOwnedProcessGroup]' passed (0.388 seconds).
Test Case '-[DiskStewardAppTests.CommandRunnerRegressionTests testParentExitAlsoStopsDescendantWithClosedOutputPipes]' started.
Test Case '-[DiskStewardAppTests.CommandRunnerRegressionTests testParentExitAlsoStopsDescendantWithClosedOutputPipes]' passed (0.256 seconds).
Test Case '-[DiskStewardAppTests.CommandRunnerRegressionTests testParentExitDoesNotLeaveAnInheritedPipeChildAlive]' started.
Test Case '-[DiskStewardAppTests.CommandRunnerRegressionTests testParentExitDoesNotLeaveAnInheritedPipeChildAlive]' passed (0.016 seconds).
Test Case '-[DiskStewardAppTests.CommandRunnerRegressionTests testRepeatedSuccessAndSpawnFailuresDoNotLeakDescriptorsOrZombies]' started.
Test Case '-[DiskStewardAppTests.CommandRunnerRegressionTests testRepeatedSuccessAndSpawnFailuresDoNotLeakDescriptorsOrZombies]' passed (0.229 seconds).
Test Case '-[DiskStewardAppTests.CommandRunnerRegressionTests testSpawnDelayIsIncludedInOverallDeadlineAndDoesNotLaunchAfterExpiry]' started.
Test Case '-[DiskStewardAppTests.CommandRunnerRegressionTests testSpawnDelayIsIncludedInOverallDeadlineAndDoesNotLaunchAfterExpiry]' passed (0.842 seconds).
Test Case '-[DiskStewardAppTests.CommandRunnerRegressionTests testSpawnFailureAndAlreadyCancelledCallRecover]' started.
Test Case '-[DiskStewardAppTests.CommandRunnerRegressionTests testSpawnFailureAndAlreadyCancelledCallRecover]' passed (0.032 seconds).
Test Case '-[DiskStewardAppTests.CommandRunnerRegressionTests testTimeoutAndOutputLimitsAreEnforced]' started.
Test Case '-[DiskStewardAppTests.CommandRunnerRegressionTests testTimeoutAndOutputLimitsAreEnforced]' passed (0.126 seconds).
Test Suite 'CommandRunnerRegressionTests' passed at 2026-09-17 17:05:00.439.
	 Executed 13 tests, with 0 failures (0 unexpected) in 3.076 (3.079) seconds
Test Suite 'ContractTests' started at 2026-09-17 17:05:00.439.
Test Case '-[ContractTests.ContractTests testEverySchemaIsClosedAndVersioned]' started.
Test Case '-[ContractTests.ContractTests testEverySchemaIsClosedAndVersioned]' passed (0.001 seconds).
Test Case '-[ContractTests.ContractTests testEvidenceRejectsFileContents]' started.
Test Case '-[ContractTests.ContractTests testEvidenceRejectsFileContents]' passed (0.001 seconds).
Test Case '-[ContractTests.ContractTests testEvidenceRequiresConfidence]' started.
Test Case '-[ContractTests.ContractTests testEvidenceRequiresConfidence]' passed (0.001 seconds).
Test Case '-[ContractTests.ContractTests testExportManifestRequiresLimitationsAndValidHashes]' started.
Test Case '-[ContractTests.ContractTests testExportManifestRequiresLimitationsAndValidHashes]' passed (0.001 seconds).
Test Case '-[ContractTests.ContractTests testPrivacyContractHardDisablesContentsAndEnvironment]' started.
Test Case '-[ContractTests.ContractTests testPrivacyContractHardDisablesContentsAndEnvironment]' passed (0.000 seconds).
Test Case '-[ContractTests.ContractTests testRetentionPolicyIsBounded]' started.
Test Case '-[ContractTests.ContractTests testRetentionPolicyIsBounded]' passed (0.001 seconds).
Test Case '-[ContractTests.ContractTests testValidEvidenceEvent]' started.
Test Case '-[ContractTests.ContractTests testValidEvidenceEvent]' passed (0.001 seconds).
Test Suite 'ContractTests' passed at 2026-09-17 17:05:00.446.
	 Executed 7 tests, with 0 failures (0 unexpected) in 0.006 (0.007) seconds
Test Suite 'DirectoryMetadataScannerConvergentScanGenerationTests' started at 2026-09-17 17:05:00.446.
Test Case '-[DiskStewardCoreTests.DirectoryMetadataScannerConvergentScanGenerationTests testAbsenceTimeComesFromCoveringPassNotLaterPublication]' started.
Test Case '-[DiskStewardCoreTests.DirectoryMetadataScannerConvergentScanGenerationTests testAbsenceTimeComesFromCoveringPassNotLaterPublication]' passed (0.056 seconds).
Test Case '-[DiskStewardCoreTests.DirectoryMetadataScannerConvergentScanGenerationTests testAllFailedRootsPublishUncertaintyAndRecoverWithoutFalseDeletion]' started.
Test Case '-[DiskStewardCoreTests.DirectoryMetadataScannerConvergentScanGenerationTests testAllFailedRootsPublishUncertaintyAndRecoverWithoutFalseDeletion]' passed (0.160 seconds).
Test Case '-[DiskStewardCoreTests.DirectoryMetadataScannerConvergentScanGenerationTests testAncestorDirtySignalResolvesOnlyWhenAllIntersectingRootsComplete]' started.
Test Case '-[DiskStewardCoreTests.DirectoryMetadataScannerConvergentScanGenerationTests testAncestorDirtySignalResolvesOnlyWhenAllIntersectingRootsComplete]' passed (0.021 seconds).
Test Case '-[DiskStewardCoreTests.DirectoryMetadataScannerConvergentScanGenerationTests testBoundedSelectorKeepsOnlyFirstBatchAcrossOneHundredThousandNames]' started.
Test Case '-[DiskStewardCoreTests.DirectoryMetadataScannerConvergentScanGenerationTests testBoundedSelectorKeepsOnlyFirstBatchAcrossOneHundredThousandNames]' passed (0.283 seconds).
Test Case '-[DiskStewardCoreTests.DirectoryMetadataScannerConvergentScanGenerationTests testCompletedGenerationReconcilesLargeStateWithBoundedInlineResult]' started.
Test Case '-[DiskStewardCoreTests.DirectoryMetadataScannerConvergentScanGenerationTests testCompletedGenerationReconcilesLargeStateWithBoundedInlineResult]' passed (1.034 seconds).
Test Case '-[DiskStewardCoreTests.DirectoryMetadataScannerConvergentScanGenerationTests testCompletedGenerationsDoNotRetainTransientDirectoryProofs]' started.
Test Case '-[DiskStewardCoreTests.DirectoryMetadataScannerConvergentScanGenerationTests testCompletedGenerationsDoNotRetainTransientDirectoryProofs]' passed (0.072 seconds).
Test Case '-[DiskStewardCoreTests.DirectoryMetadataScannerConvergentScanGenerationTests testCompletedNestedDirectoryIsRevalidatedWhileAnotherDirectoryIsStillScanning]' started.
Test Case '-[DiskStewardCoreTests.DirectoryMetadataScannerConvergentScanGenerationTests testCompletedNestedDirectoryIsRevalidatedWhileAnotherDirectoryIsStillScanning]' passed (0.014 seconds).
Test Case '-[DiskStewardCoreTests.DirectoryMetadataScannerConvergentScanGenerationTests testDeletedQueuedDirectoryIsRescannedAndScopeChangeAbandonsOnlyUnpublishedWork]' started.
Test Case '-[DiskStewardCoreTests.DirectoryMetadataScannerConvergentScanGenerationTests testDeletedQueuedDirectoryIsRescannedAndScopeChangeAbandonsOnlyUnpublishedWork]' passed (0.011 seconds).
Test Case '-[DiskStewardCoreTests.DirectoryMetadataScannerConvergentScanGenerationTests testDirectoryChangeBeforeResumeResetsCursorAndDoesNotSkipEarlierName]' started.
Test Case '-[DiskStewardCoreTests.DirectoryMetadataScannerConvergentScanGenerationTests testDirectoryChangeBeforeResumeResetsCursorAndDoesNotSkipEarlierName]' passed (0.016 seconds).
Test Case '-[DiskStewardCoreTests.DirectoryMetadataScannerConvergentScanGenerationTests testDirtySignalDuringValidationFencesInflightSliceAndSurvivesRestart]' started.
Test Case '-[DiskStewardCoreTests.DirectoryMetadataScannerConvergentScanGenerationTests testDirtySignalDuringValidationFencesInflightSliceAndSurvivesRestart]' passed (0.032 seconds).
Test Case '-[DiskStewardCoreTests.DirectoryMetadataScannerConvergentScanGenerationTests testEmptyDirectoryPassOutputIsBoundedBySliceBudget]' started.
Test Case '-[DiskStewardCoreTests.DirectoryMetadataScannerConvergentScanGenerationTests testEmptyDirectoryPassOutputIsBoundedBySliceBudget]' passed (0.006 seconds).
Test Case '-[DiskStewardCoreTests.DirectoryMetadataScannerConvergentScanGenerationTests testEventGapPersistsAcrossRestartUntilCompleteReconciliation]' started.
Test Case '-[DiskStewardCoreTests.DirectoryMetadataScannerConvergentScanGenerationTests testEventGapPersistsAcrossRestartUntilCompleteReconciliation]' passed (0.011 seconds).
Test Case '-[DiskStewardCoreTests.DirectoryMetadataScannerConvergentScanGenerationTests testFailedAncestorDoesNotEraseSuccessfulDescendantContribution]' started.
Test Case '-[DiskStewardCoreTests.DirectoryMetadataScannerConvergentScanGenerationTests testFailedAncestorDoesNotEraseSuccessfulDescendantContribution]' passed (0.010 seconds).
Test Case '-[DiskStewardCoreTests.DirectoryMetadataScannerConvergentScanGenerationTests testFinalDirectoryBatchIsRevalidatedBeforePublishingStagedMembership]' started.
Test Case '-[DiskStewardCoreTests.DirectoryMetadataScannerConvergentScanGenerationTests testFinalDirectoryBatchIsRevalidatedBeforePublishingStagedMembership]' passed (0.009 seconds).
Test Case '-[DiskStewardCoreTests.DirectoryMetadataScannerConvergentScanGenerationTests testFreshOverlappingPassCannotInheritSupersededMembership]' started.
Test Case '-[DiskStewardCoreTests.DirectoryMetadataScannerConvergentScanGenerationTests testFreshOverlappingPassCannotInheritSupersededMembership]' passed (0.012 seconds).
Test Case '-[DiskStewardCoreTests.DirectoryMetadataScannerConvergentScanGenerationTests testGenerationScopeReentryUsesFreshBaselineWithoutPhantomChanges]' started.
Test Case '-[DiskStewardCoreTests.DirectoryMetadataScannerConvergentScanGenerationTests testGenerationScopeReentryUsesFreshBaselineWithoutPhantomChanges]' passed (0.055 seconds).
Test Case '-[DiskStewardCoreTests.DirectoryMetadataScannerConvergentScanGenerationTests testHealthyHardLinkDoesNotCloseBindingInFailedRoot]' started.
Test Case '-[DiskStewardCoreTests.DirectoryMetadataScannerConvergentScanGenerationTests testHealthyHardLinkDoesNotCloseBindingInFailedRoot]' passed (0.031 seconds).
Test Case '-[DiskStewardCoreTests.DirectoryMetadataScannerConvergentScanGenerationTests testHighFanoutSliceUsesOneStreamingPassAndRetainsOnlyItsBudget]' started.
Test Case '-[DiskStewardCoreTests.DirectoryMetadataScannerConvergentScanGenerationTests testHighFanoutSliceUsesOneStreamingPassAndRetainsOnlyItsBudget]' passed (0.198 seconds).
Test Case '-[DiskStewardCoreTests.DirectoryMetadataScannerConvergentScanGenerationTests testInterruptedPublicationDoesNotReplayCompletedStagingWithoutRevalidation]' started.
Test Case '-[DiskStewardCoreTests.DirectoryMetadataScannerConvergentScanGenerationTests testInterruptedPublicationDoesNotReplayCompletedStagingWithoutRevalidation]' passed (0.014 seconds).
Test Case '-[DiskStewardCoreTests.DirectoryMetadataScannerConvergentScanGenerationTests testLegacyCursorWithoutSignatureRestartsRatherThanSkippingEarlierNames]' started.
Test Case '-[DiskStewardCoreTests.DirectoryMetadataScannerConvergentScanGenerationTests testLegacyCursorWithoutSignatureRestartsRatherThanSkippingEarlierNames]' passed (0.001 seconds).
Test Case '-[DiskStewardCoreTests.DirectoryMetadataScannerConvergentScanGenerationTests testLegacyPersistedGenerationDecodesWithoutNewCursorFields]' started.
Test Case '-[DiskStewardCoreTests.DirectoryMetadataScannerConvergentScanGenerationTests testLegacyPersistedGenerationDecodesWithoutNewCursorFields]' passed (0.000 seconds).
Test Case '-[DiskStewardCoreTests.DirectoryMetadataScannerConvergentScanGenerationTests testLegacyUnpublishedGenerationIsAbandonedWithoutChangingCommittedTruth]' started.
Test Case '-[DiskStewardCoreTests.DirectoryMetadataScannerConvergentScanGenerationTests testLegacyUnpublishedGenerationIsAbandonedWithoutChangingCommittedTruth]' passed (0.013 seconds).
Test Case '-[DiskStewardCoreTests.DirectoryMetadataScannerConvergentScanGenerationTests testMissingHealthyHardLinkDoesNotDeleteObjectWithFailedRootBinding]' started.
Test Case '-[DiskStewardCoreTests.DirectoryMetadataScannerConvergentScanGenerationTests testMissingHealthyHardLinkDoesNotDeleteObjectWithFailedRootBinding]' passed (0.028 seconds).
Test Case '-[DiskStewardCoreTests.DirectoryMetadataScannerConvergentScanGenerationTests testMoveAndGrowthRetainBothIdentityAndByteChange]' started.
Test Case '-[DiskStewardCoreTests.DirectoryMetadataScannerConvergentScanGenerationTests testMoveAndGrowthRetainBothIdentityAndByteChange]' passed (0.010 seconds).
Test Case '-[DiskStewardCoreTests.DirectoryMetadataScannerConvergentScanGenerationTests testMultipleRootsReceiveWorkInTheSameBoundedSlice]' started.
Test Case '-[DiskStewardCoreTests.DirectoryMetadataScannerConvergentScanGenerationTests testMultipleRootsReceiveWorkInTheSameBoundedSlice]' passed (0.003 seconds).
Test Case '-[DiskStewardCoreTests.DirectoryMetadataScannerConvergentScanGenerationTests testNewestHardLinkSampleWinsOverPreferredPathAcrossSlicesAndRestart]' started.
Test Case '-[DiskStewardCoreTests.DirectoryMetadataScannerConvergentScanGenerationTests testNewestHardLinkSampleWinsOverPreferredPathAcrossSlicesAndRestart]' passed (0.024 seconds).
Test Case '-[DiskStewardCoreTests.DirectoryMetadataScannerConvergentScanGenerationTests testOneOldHardLinkedObjectReplacedByTwoObjectsIsDebitedOnlyOnce]' started.
Test Case '-[DiskStewardCoreTests.DirectoryMetadataScannerConvergentScanGenerationTests testOneOldHardLinkedObjectReplacedByTwoObjectsIsDebitedOnlyOnce]' passed (0.023 seconds).
Test Case '-[DiskStewardCoreTests.DirectoryMetadataScannerConvergentScanGenerationTests testOverlappingRootsSharePhysicalDirectoryProofWithoutLosingCoverage]' started.
Test Case '-[DiskStewardCoreTests.DirectoryMetadataScannerConvergentScanGenerationTests testOverlappingRootsSharePhysicalDirectoryProofWithoutLosingCoverage]' passed (0.011 seconds).
Test Case '-[DiskStewardCoreTests.DirectoryMetadataScannerConvergentScanGenerationTests testPartialGenerationDoesNotResolveGlobalDirtyCoverage]' started.
Test Case '-[DiskStewardCoreTests.DirectoryMetadataScannerConvergentScanGenerationTests testPartialGenerationDoesNotResolveGlobalDirtyCoverage]' passed (0.009 seconds).
Test Case '-[DiskStewardCoreTests.DirectoryMetadataScannerConvergentScanGenerationTests testPassValidationRestartsFromTheBeginningAfterDatabaseReopen]' started.
Test Case '-[DiskStewardCoreTests.DirectoryMetadataScannerConvergentScanGenerationTests testPassValidationRestartsFromTheBeginningAfterDatabaseReopen]' passed (0.016 seconds).
Test Case '-[DiskStewardCoreTests.DirectoryMetadataScannerConvergentScanGenerationTests testReconciliationIsAtomicAcrossEveryInjectedInterruptionBoundary]' started.
Test Case '-[DiskStewardCoreTests.DirectoryMetadataScannerConvergentScanGenerationTests testReconciliationIsAtomicAcrossEveryInjectedInterruptionBoundary]' passed (0.060 seconds).
Test Case '-[DiskStewardCoreTests.DirectoryMetadataScannerConvergentScanGenerationTests testRenameAndGrowthRetainDistinctPositiveAndAbsenceBounds]' started.
Test Case '-[DiskStewardCoreTests.DirectoryMetadataScannerConvergentScanGenerationTests testRenameAndGrowthRetainDistinctPositiveAndAbsenceBounds]' passed (0.012 seconds).
Test Case '-[DiskStewardCoreTests.DirectoryMetadataScannerConvergentScanGenerationTests testRenameOverExistingObjectAccountsForDisplacedBytes]' started.
Test Case '-[DiskStewardCoreTests.DirectoryMetadataScannerConvergentScanGenerationTests testRenameOverExistingObjectAccountsForDisplacedBytes]' passed (0.023 seconds).
Test Case '-[DiskStewardCoreTests.DirectoryMetadataScannerConvergentScanGenerationTests testRepeatedEventGapsCoalesceUntilReconciliationAndCanReopen]' started.
Test Case '-[DiskStewardCoreTests.DirectoryMetadataScannerConvergentScanGenerationTests testRepeatedEventGapsCoalesceUntilReconciliationAndCanReopen]' passed (0.009 seconds).
Test Case '-[DiskStewardCoreTests.DirectoryMetadataScannerConvergentScanGenerationTests testReplacingHealthyHardLinkDoesNotDeleteObjectWithFailedRootBinding]' started.
Test Case '-[DiskStewardCoreTests.DirectoryMetadataScannerConvergentScanGenerationTests testReplacingHealthyHardLinkDoesNotDeleteObjectWithFailedRootBinding]' passed (0.032 seconds).
Test Case '-[DiskStewardCoreTests.DirectoryMetadataScannerConvergentScanGenerationTests testReplacingOneHardLinkPreservesOtherHealthyPathInBothObjectOrders]' started.
Test Case '-[DiskStewardCoreTests.DirectoryMetadataScannerConvergentScanGenerationTests testReplacingOneHardLinkPreservesOtherHealthyPathInBothObjectOrders]' passed (0.051 seconds).
Test Case '-[DiskStewardCoreTests.DirectoryMetadataScannerConvergentScanGenerationTests testReplayedFSEventGapDoesNotResetProgressOrReopenResolvedGap]' started.
Test Case '-[DiskStewardCoreTests.DirectoryMetadataScannerConvergentScanGenerationTests testReplayedFSEventGapDoesNotResetProgressOrReopenResolvedGap]' passed (0.010 seconds).
Test Case '-[DiskStewardCoreTests.DirectoryMetadataScannerConvergentScanGenerationTests testRestartedDirectoryDoesNotPublishDeletedStagedFile]' started.
Test Case '-[DiskStewardCoreTests.DirectoryMetadataScannerConvergentScanGenerationTests testRestartedDirectoryDoesNotPublishDeletedStagedFile]' passed (0.010 seconds).
Test Case '-[DiskStewardCoreTests.DirectoryMetadataScannerConvergentScanGenerationTests testRootSpecificDirtySignalPreservesIndependentStagingAndFencesEqualTimestampSlice]' started.
Test Case '-[DiskStewardCoreTests.DirectoryMetadataScannerConvergentScanGenerationTests testRootSpecificDirtySignalPreservesIndependentStagingAndFencesEqualTimestampSlice]' passed (0.012 seconds).
Test Case '-[DiskStewardCoreTests.DirectoryMetadataScannerConvergentScanGenerationTests testSampleTimesSurviveDelayedPublicationAcrossEvidenceTables]' started.
Test Case '-[DiskStewardCoreTests.DirectoryMetadataScannerConvergentScanGenerationTests testSampleTimesSurviveDelayedPublicationAcrossEvidenceTables]' passed (0.012 seconds).
Test Case '-[DiskStewardCoreTests.DirectoryMetadataScannerConvergentScanGenerationTests testSmallSlicesResumeReconcileOnlyWhenCompleteAndDeleteBAfterFullSecondGeneration]' started.
Test Case '-[DiskStewardCoreTests.DirectoryMetadataScannerConvergentScanGenerationTests testSmallSlicesResumeReconcileOnlyWhenCompleteAndDeleteBAfterFullSecondGeneration]' passed (0.016 seconds).
Test Case '-[DiskStewardCoreTests.DirectoryMetadataScannerConvergentScanGenerationTests testSurvivingHardLinkRebaseAndGrowthDoesNotLoseByteChange]' started.
Test Case '-[DiskStewardCoreTests.DirectoryMetadataScannerConvergentScanGenerationTests testSurvivingHardLinkRebaseAndGrowthDoesNotLoseByteChange]' passed (0.012 seconds).
Test Case '-[DiskStewardCoreTests.DirectoryMetadataScannerConvergentScanGenerationTests testSwappedObjectPathsPublishAtomicallyWithoutUniquePathCollision]' started.
Test Case '-[DiskStewardCoreTests.DirectoryMetadataScannerConvergentScanGenerationTests testSwappedObjectPathsPublishAtomicallyWithoutUniquePathCollision]' passed (0.013 seconds).
Test Case '-[DiskStewardCoreTests.DirectoryMetadataScannerConvergentScanGenerationTests testTwoOldObjectsReplacedByOneHardLinkedObjectAreBothDebited]' started.
Test Case '-[DiskStewardCoreTests.DirectoryMetadataScannerConvergentScanGenerationTests testTwoOldObjectsReplacedByOneHardLinkedObjectAreBothDebited]' passed (0.025 seconds).
Test Case '-[DiskStewardCoreTests.DirectoryMetadataScannerConvergentScanGenerationTests testUnavailableRootDoesNotBlockHealthyRootOrProveDeletion]' started.
Test Case '-[DiskStewardCoreTests.DirectoryMetadataScannerConvergentScanGenerationTests testUnavailableRootDoesNotBlockHealthyRootOrProveDeletion]' passed (0.012 seconds).
Test Case '-[DiskStewardCoreTests.DirectoryMetadataScannerConvergentScanGenerationTests testUnchangedCompletedGenerationsDoNotMultiplyFileHistory]' started.
Test Case '-[DiskStewardCoreTests.DirectoryMetadataScannerConvergentScanGenerationTests testUnchangedCompletedGenerationsDoNotMultiplyFileHistory]' passed (0.011 seconds).
Test Case '-[DiskStewardCoreTests.DirectoryMetadataScannerConvergentScanGenerationTests testUnsignalledMutationAfterValidationRetainsOriginalSampleTimeAndNextScanCorrectsIt]' started.
Test Case '-[DiskStewardCoreTests.DirectoryMetadataScannerConvergentScanGenerationTests testUnsignalledMutationAfterValidationRetainsOriginalSampleTimeAndNextScanCorrectsIt]' passed (0.014 seconds).
Test Suite 'DirectoryMetadataScannerConvergentScanGenerationTests' passed at 2026-09-17 17:05:02.968.
	 Executed 47 tests, with 0 failures (0 unexpected) in 2.519 (2.522) seconds
Test Suite 'DiskStewardAppTests' started at 2026-09-17 17:05:02.968.
Test Case '-[DiskStewardAppTests.DiskStewardAppTests testApplicationUsesAccessoryPolicyWithoutDockPresence]' started.
Test Case '-[DiskStewardAppTests.DiskStewardAppTests testApplicationUsesAccessoryPolicyWithoutDockPresence]' passed (0.000 seconds).
Test Case '-[DiskStewardAppTests.DiskStewardAppTests testClickRoutesAreDistinct]' started.
Test Case '-[DiskStewardAppTests.DiskStewardAppTests testClickRoutesAreDistinct]' passed (0.000 seconds).
Test Case '-[DiskStewardAppTests.DiskStewardAppTests testRequiredUtilityMenuLabelsRemainStable]' started.
Test Case '-[DiskStewardAppTests.DiskStewardAppTests testRequiredUtilityMenuLabelsRemainStable]' passed (0.000 seconds).
Test Case '-[DiskStewardAppTests.DiskStewardAppTests testViewModelShowsRealSnapshotValuesAndExports]' started.
Test Case '-[DiskStewardAppTests.DiskStewardAppTests testViewModelShowsRealSnapshotValuesAndExports]' passed (0.001 seconds).
Test Suite 'DiskStewardAppTests' passed at 2026-09-17 17:05:02.970.
	 Executed 4 tests, with 0 failures (0 unexpected) in 0.001 (0.001) seconds
Test Suite 'DiskStewardEndpointTests' started at 2026-09-17 17:05:02.970.
Test Case '-[DiskStewardEndpointTests.DiskStewardEndpointTests testBridgeRejectsSpoofedPeerAndDetectsSequenceLoss]' started.
Test Case '-[DiskStewardEndpointTests.DiskStewardEndpointTests testBridgeRejectsSpoofedPeerAndDetectsSequenceLoss]' passed (0.000 seconds).
Test Case '-[DiskStewardEndpointTests.DiskStewardEndpointTests testDenialCrashAndMissingEntitlementKeepFallbackVisible]' started.
Test Case '-[DiskStewardEndpointTests.DiskStewardEndpointTests testDenialCrashAndMissingEntitlementKeepFallbackVisible]' passed (0.008 seconds).
Test Case '-[DiskStewardEndpointTests.DiskStewardEndpointTests testFixtureRuntimeFiltersNormalizesAndDeliversWithoutAuthorizationEvents]' started.
Test Case '-[DiskStewardEndpointTests.DiskStewardEndpointTests testFixtureRuntimeFiltersNormalizesAndDeliversWithoutAuthorizationEvents]' passed (0.001 seconds).
Test Case '-[DiskStewardEndpointTests.DiskStewardEndpointTests testWritesCoalesceWithinBoundsAndOverloadSignalsFallback]' started.
Test Case '-[DiskStewardEndpointTests.DiskStewardEndpointTests testWritesCoalesceWithinBoundsAndOverloadSignalsFallback]' passed (0.000 seconds).
Test Suite 'DiskStewardEndpointTests' passed at 2026-09-17 17:05:02.980.
	 Executed 4 tests, with 0 failures (0 unexpected) in 0.010 (0.010) seconds
Test Suite 'DiskStewardMCPTests' started at 2026-09-17 17:05:02.980.
Test Case '-[DiskStewardMCPTests.DiskStewardMCPTests testInitializationAndToolDiscoveryExposeOnlyReadOnlyCatalog]' started.
Test Case '-[DiskStewardMCPTests.DiskStewardMCPTests testInitializationAndToolDiscoveryExposeOnlyReadOnlyCatalog]' passed (0.002 seconds).
Test Case '-[DiskStewardMCPTests.DiskStewardMCPTests testMalformedInputAndUnknownToolsAreProtocolErrors]' started.
Test Case '-[DiskStewardMCPTests.DiskStewardMCPTests testMalformedInputAndUnknownToolsAreProtocolErrors]' passed (0.001 seconds).
Test Case '-[DiskStewardMCPTests.DiskStewardMCPTests testResourcesForwardThroughProtectedIPC]' started.
Test Case '-[DiskStewardMCPTests.DiskStewardMCPTests testResourcesForwardThroughProtectedIPC]' passed (0.001 seconds).
Test Case '-[DiskStewardMCPTests.DiskStewardMCPTests testResponseLimitFailsClosedAndExportPreservesInlineParity]' started.
Test Case '-[DiskStewardMCPTests.DiskStewardMCPTests testResponseLimitFailsClosedAndExportPreservesInlineParity]' passed (0.001 seconds).
Test Case '-[DiskStewardMCPTests.DiskStewardMCPTests testToolCallReturnsStructuredAndTextContentWithSanitization]' started.
Test Case '-[DiskStewardMCPTests.DiskStewardMCPTests testToolCallReturnsStructuredAndTextContentWithSanitization]' passed (0.000 seconds).
Test Case '-[DiskStewardMCPTests.DiskStewardMCPTests testUnavailableAppAndInsecureSocketReturnActionableErrors]' started.
Test Case '-[DiskStewardMCPTests.DiskStewardMCPTests testUnavailableAppAndInsecureSocketReturnActionableErrors]' passed (0.001 seconds).
Test Case '-[DiskStewardMCPTests.DiskStewardMCPTests testUnknownCancellationDoesNotPoisonLaterRequest]' started.
Test Case '-[DiskStewardMCPTests.DiskStewardMCPTests testUnknownCancellationDoesNotPoisonLaterRequest]' passed (0.000 seconds).
Test Suite 'DiskStewardMCPTests' passed at 2026-09-17 17:05:02.988.
	 Executed 7 tests, with 0 failures (0 unexpected) in 0.007 (0.008) seconds
Test Suite 'DistributionReleaseIntegrityTests' started at 2026-09-17 17:05:02.988.
Test Case '-[IncrementTests.DistributionReleaseIntegrityTests testActualVerifierRejectsMissingHelperWrongBundleAndUnsignedArtifact]' started.
Test Case '-[IncrementTests.DistributionReleaseIntegrityTests testActualVerifierRejectsMissingHelperWrongBundleAndUnsignedArtifact]' passed (0.220 seconds).
Test Case '-[IncrementTests.DistributionReleaseIntegrityTests testProductionVerifierContainsEveryFailClosedArtifactGate]' started.
Test Case '-[IncrementTests.DistributionReleaseIntegrityTests testProductionVerifierContainsEveryFailClosedArtifactGate]' passed (0.003 seconds).
Test Case '-[IncrementTests.DistributionReleaseIntegrityTests testReleasePolicyAcceptsOnlyCompleteDeveloperIDFixture]' started.
Test Case '-[IncrementTests.DistributionReleaseIntegrityTests testReleasePolicyAcceptsOnlyCompleteDeveloperIDFixture]' passed (0.000 seconds).
Test Case '-[IncrementTests.DistributionReleaseIntegrityTests testRepositoryReleaseSurfacesContainNoCredentialMaterial]' started.
Test Case '-[IncrementTests.DistributionReleaseIntegrityTests testRepositoryReleaseSurfacesContainNoCredentialMaterial]' passed (0.031 seconds).
Test Case '-[IncrementTests.DistributionReleaseIntegrityTests testStandardAndOptionalEntitlementsRemainSeparated]' started.
Test Case '-[IncrementTests.DistributionReleaseIntegrityTests testStandardAndOptionalEntitlementsRemainSeparated]' passed (0.000 seconds).
Test Suite 'DistributionReleaseIntegrityTests' passed at 2026-09-17 17:05:03.242.
	 Executed 5 tests, with 0 failures (0 unexpected) in 0.254 (0.254) seconds
Test Suite 'DurableProvenanceLifecycleTests' started at 2026-09-17 17:05:03.242.
Test Case '-[DiskStewardCoreTests.DurableProvenanceLifecycleTests testClaimsPersistIntervalsContradictionsAncestryUnknownAndSupersession]' started.
Test Case '-[DiskStewardCoreTests.DurableProvenanceLifecycleTests testClaimsPersistIntervalsContradictionsAncestryUnknownAndSupersession]' passed (0.011 seconds).
Test Case '-[DiskStewardCoreTests.DurableProvenanceLifecycleTests testEvidenceBundleExportsPersistedActorSessionMethodAndSupportWithoutSynthesis]' started.
Test Case '-[DiskStewardCoreTests.DurableProvenanceLifecycleTests testEvidenceBundleExportsPersistedActorSessionMethodAndSupportWithoutSynthesis]' passed (0.018 seconds).
Test Case '-[DiskStewardCoreTests.DurableProvenanceLifecycleTests testFSEventFlagsAndEndpointEvidenceRemainDistinctAndLinkedAfterRestart]' started.
Test Case '-[DiskStewardCoreTests.DurableProvenanceLifecycleTests testFSEventFlagsAndEndpointEvidenceRemainDistinctAndLinkedAfterRestart]' passed (0.009 seconds).
Test Case '-[DiskStewardCoreTests.DurableProvenanceLifecycleTests testOverlappingSessionsGapsDeleteAndPathReuseNeverInventAuthorship]' started.
Test Case '-[DiskStewardCoreTests.DurableProvenanceLifecycleTests testOverlappingSessionsGapsDeleteAndPathReuseNeverInventAuthorship]' passed (0.000 seconds).
Test Case '-[DiskStewardCoreTests.DurableProvenanceLifecycleTests testSessionHeartbeatEndExpiryAndHistoricalContextSurviveRegistryRestart]' started.
Test Case '-[DiskStewardCoreTests.DurableProvenanceLifecycleTests testSessionHeartbeatEndExpiryAndHistoricalContextSurviveRegistryRestart]' passed (0.008 seconds).
Test Suite 'DurableProvenanceLifecycleTests' passed at 2026-09-17 17:05:03.288.
	 Executed 5 tests, with 0 failures (0 unexpected) in 0.046 (0.046) seconds
Test Suite 'EndpointDeliveryRegressionTests' started at 2026-09-17 17:05:03.288.
Test Case '-[DiskStewardEndpointTests.EndpointDeliveryRegressionTests testByteBudgetIncludesOldInFlightReservationAcrossRestart]' started.
Test Case '-[DiskStewardEndpointTests.EndpointDeliveryRegressionTests testByteBudgetIncludesOldInFlightReservationAcrossRestart]' passed (0.000 seconds).
Test Case '-[DiskStewardEndpointTests.EndpointDeliveryRegressionTests testChallengeLengthMismatchCannotAuthenticateThroughByteTruncation]' started.
Test Case '-[DiskStewardEndpointTests.EndpointDeliveryRegressionTests testChallengeLengthMismatchCannotAuthenticateThroughByteTruncation]' passed (0.000 seconds).
Test Case '-[DiskStewardEndpointTests.EndpointDeliveryRegressionTests testDelayedFirstDeliveryPreservesOrderIncludingExcludedMiddle]' started.
Test Case '-[DiskStewardEndpointTests.EndpointDeliveryRegressionTests testDelayedFirstDeliveryPreservesOrderIncludingExcludedMiddle]' passed (0.002 seconds).
Test Case '-[DiskStewardEndpointTests.EndpointDeliveryRegressionTests testEveryVariableFieldCountsTowardByteLimit]' started.
Test Case '-[DiskStewardEndpointTests.EndpointDeliveryRegressionTests testEveryVariableFieldCountsTowardByteLimit]' passed (0.001 seconds).
Test Case '-[DiskStewardEndpointTests.EndpointDeliveryRegressionTests testGapOnExcludedOrInvalidEventRemainsVisibleAndWrapDoesNotTrap]' started.
Test Case '-[DiskStewardEndpointTests.EndpointDeliveryRegressionTests testGapOnExcludedOrInvalidEventRemainsVisibleAndWrapDoesNotTrap]' passed (0.000 seconds).
Test Case '-[DiskStewardEndpointTests.EndpointDeliveryRegressionTests testMalformedSizeAndCoalescedArithmeticOverflowBecomeGapsNotTraps]' started.
Test Case '-[DiskStewardEndpointTests.EndpointDeliveryRegressionTests testMalformedSizeAndCoalescedArithmeticOverflowBecomeGapsNotTraps]' passed (0.000 seconds).
Test Case '-[DiskStewardEndpointTests.EndpointDeliveryRegressionTests testManagedBridgeRejectsSpoofAndRevokedEpochWithoutStateMutation]' started.
Test Case '-[DiskStewardEndpointTests.EndpointDeliveryRegressionTests testManagedBridgeRejectsSpoofAndRevokedEpochWithoutStateMutation]' passed (0.000 seconds).
Test Case '-[DiskStewardEndpointTests.EndpointDeliveryRegressionTests testNormalizedBufferRejectsOversizedCoalescedReplacement]' started.
Test Case '-[DiskStewardEndpointTests.EndpointDeliveryRegressionTests testNormalizedBufferRejectsOversizedCoalescedReplacement]' passed (0.000 seconds).
Test Case '-[DiskStewardEndpointTests.EndpointDeliveryRegressionTests testOldActivationCannotResumeAfterStopOrReplaceNewSession]' started.
Test Case '-[DiskStewardEndpointTests.EndpointDeliveryRegressionTests testOldActivationCannotResumeAfterStopOrReplaceNewSession]' passed (0.003 seconds).
Test Case '-[DiskStewardEndpointTests.EndpointDeliveryRegressionTests testOverflowIsBoundedIncludingInFlightAndReportsLossWithoutAnotherEvent]' started.
Test Case '-[DiskStewardEndpointTests.EndpointDeliveryRegressionTests testOverflowIsBoundedIncludingInFlightAndReportsLossWithoutAnotherEvent]' passed (0.175 seconds).
Test Case '-[DiskStewardEndpointTests.EndpointDeliveryRegressionTests testRepeatedRestartDrainsAndDeinitRevokesRetainedHandler]' started.
Test Case '-[DiskStewardEndpointTests.EndpointDeliveryRegressionTests testRepeatedRestartDrainsAndDeinitRevokesRetainedHandler]' passed (0.036 seconds).
Test Case '-[DiskStewardEndpointTests.EndpointDeliveryRegressionTests testStopAndCrashFenceHeldDeliveriesAndRetainedCallbacks]' started.
Test Case '-[DiskStewardEndpointTests.EndpointDeliveryRegressionTests testStopAndCrashFenceHeldDeliveriesAndRetainedCallbacks]' passed (0.006 seconds).
Test Case '-[DiskStewardEndpointTests.EndpointDeliveryRegressionTests testSynchronousStartupCallbacksPublishOnlyAfterSuccessfulStart]' started.
Test Case '-[DiskStewardEndpointTests.EndpointDeliveryRegressionTests testSynchronousStartupCallbacksPublishOnlyAfterSuccessfulStart]' passed (0.004 seconds).
Test Suite 'EndpointDeliveryRegressionTests' passed at 2026-09-17 17:05:03.517.
	 Executed 13 tests, with 0 failures (0 unexpected) in 0.228 (0.229) seconds
Test Suite 'EndpointSecurityContractTests' started at 2026-09-17 17:05:03.517.
Test Case '-[ContractTests.EndpointSecurityContractTests testDenialLossOverloadAndUnavailableStatesKeepFallbackActive]' started.
Test Case '-[ContractTests.EndpointSecurityContractTests testDenialLossOverloadAndUnavailableStatesKeepFallbackActive]' passed (0.001 seconds).
Test Case '-[ContractTests.EndpointSecurityContractTests testExactCreateRenameAndCoalescedCloseRequireCompleteLinkage]' started.
Test Case '-[ContractTests.EndpointSecurityContractTests testExactCreateRenameAndCoalescedCloseRequireCompleteLinkage]' passed (0.001 seconds).
Test Case '-[ContractTests.EndpointSecurityContractTests testIncompleteOrGappedEventCannotClaimExact]' started.
Test Case '-[ContractTests.EndpointSecurityContractTests testIncompleteOrGappedEventCannotClaimExact]' passed (0.000 seconds).
Test Case '-[ContractTests.EndpointSecurityContractTests testPIDReuseUsesPIDAndStartTimeIdentity]' started.
Test Case '-[ContractTests.EndpointSecurityContractTests testPIDReuseUsesPIDAndStartTimeIdentity]' passed (0.000 seconds).
Test Case '-[ContractTests.EndpointSecurityContractTests testPrivacyFilteringIsDeterministicAndContentsAreUnrepresentable]' started.
Test Case '-[ContractTests.EndpointSecurityContractTests testPrivacyFilteringIsDeterministicAndContentsAreUnrepresentable]' passed (0.000 seconds).
Test Suite 'EndpointSecurityContractTests' passed at 2026-09-17 17:05:03.519.
	 Executed 5 tests, with 0 failures (0 unexpected) in 0.002 (0.002) seconds
Test Suite 'EvidenceBundleExporterTests' started at 2026-09-17 17:05:03.519.
Test Case '-[DiskStewardCoreTests.EvidenceBundleExporterTests testActionableBundleDisclosesRootsPartialCoverageCurrentConsumersAndUnavailableGrowth]' started.
Test Case '-[DiskStewardCoreTests.EvidenceBundleExporterTests testActionableBundleDisclosesRootsPartialCoverageCurrentConsumersAndUnavailableGrowth]' passed (0.021 seconds).
Test Case '-[DiskStewardCoreTests.EvidenceBundleExporterTests testConcurrentWritesProduceOneInternallyConsistentBackupView]' started.
Test Case '-[DiskStewardCoreTests.EvidenceBundleExporterTests testConcurrentWritesProduceOneInternallyConsistentBackupView]' passed (0.034 seconds).
Test Case '-[DiskStewardCoreTests.EvidenceBundleExporterTests testExportDuringActiveGenerationDisclosesProgressAndKeepsPriorStateStale]' started.
Test Case '-[DiskStewardCoreTests.EvidenceBundleExporterTests testExportDuringActiveGenerationDisclosesProgressAndKeepsPriorStateStale]' passed (0.020 seconds).
Test Case '-[DiskStewardCoreTests.EvidenceBundleExporterTests testGoldenBundleIsDeterministicSchemaValidAndIntegrityVerifiable]' started.
Test Case '-[DiskStewardCoreTests.EvidenceBundleExporterTests testGoldenBundleIsDeterministicSchemaValidAndIntegrityVerifiable]' passed (0.016 seconds).
Test Case '-[DiskStewardCoreTests.EvidenceBundleExporterTests testInvalidRangeAndExistingDestinationFailClosed]' started.
Test Case '-[DiskStewardCoreTests.EvidenceBundleExporterTests testInvalidRangeAndExistingDestinationFailClosed]' passed (0.014 seconds).
Test Case '-[DiskStewardCoreTests.EvidenceBundleExporterTests testLargeEventPayloadUsesStreamingCompressionAndRemainsVerifiable]' started.
Test Case '-[DiskStewardCoreTests.EvidenceBundleExporterTests testLargeEventPayloadUsesStreamingCompressionAndRemainsVerifiable]' passed (1.682 seconds).
Test Case '-[DiskStewardCoreTests.EvidenceBundleExporterTests testManualExportInventoryRetainsOwnershipHashRangePrecisionAndMissingState]' started.
Test Case '-[DiskStewardCoreTests.EvidenceBundleExporterTests testManualExportInventoryRetainsOwnershipHashRangePrecisionAndMissingState]' passed (0.021 seconds).
Test Case '-[DiskStewardCoreTests.EvidenceBundleExporterTests testRequestedPeriodAndEventLimitAreExplicit]' started.
Test Case '-[DiskStewardCoreTests.EvidenceBundleExporterTests testRequestedPeriodAndEventLimitAreExplicit]' passed (0.014 seconds).
Test Case '-[DiskStewardCoreTests.EvidenceBundleExporterTests testRetainedRollupsRemainExportableAfterRawEventsExpire]' started.
Test Case '-[DiskStewardCoreTests.EvidenceBundleExporterTests testRetainedRollupsRemainExportableAfterRawEventsExpire]' passed (0.023 seconds).
Test Case '-[DiskStewardCoreTests.EvidenceBundleExporterTests testSecretLikePathFragmentsAreRedactedAndHashedModeIsOpaque]' started.
Test Case '-[DiskStewardCoreTests.EvidenceBundleExporterTests testSecretLikePathFragmentsAreRedactedAndHashedModeIsOpaque]' passed (0.021 seconds).
Test Suite 'EvidenceBundleExporterTests' passed at 2026-09-17 17:05:05.386.
	 Executed 10 tests, with 0 failures (0 unexpected) in 1.866 (1.866) seconds
Test Suite 'EvidenceObjectLifecycleTests' started at 2026-09-17 17:05:05.386.
Test Case '-[DiskStewardCoreTests.EvidenceObjectLifecycleTests testCompleteABCObservationRecordsDeletionAndReplayIsIdempotent]' started.
Test Case '-[DiskStewardCoreTests.EvidenceObjectLifecycleTests testCompleteABCObservationRecordsDeletionAndReplayIsIdempotent]' passed (0.008 seconds).
Test Case '-[DiskStewardCoreTests.EvidenceObjectLifecycleTests testContradictorySampleChronologyCannotOverwriteCurrentTruth]' started.
Test Case '-[DiskStewardCoreTests.EvidenceObjectLifecycleTests testContradictorySampleChronologyCannotOverwriteCurrentTruth]' passed (0.015 seconds).
Test Case '-[DiskStewardCoreTests.EvidenceObjectLifecycleTests testDuplicateRootCoverageIsRejectedWithoutWritingAnObservation]' started.
Test Case '-[DiskStewardCoreTests.EvidenceObjectLifecycleTests testDuplicateRootCoverageIsRejectedWithoutWritingAnObservation]' passed (0.006 seconds).
Test Case '-[DiskStewardCoreTests.EvidenceObjectLifecycleTests testFirstObservationHasUnknownOccurrenceStartAndMeasuredUpperBound]' started.
Test Case '-[DiskStewardCoreTests.EvidenceObjectLifecycleTests testFirstObservationHasUnknownOccurrenceStartAndMeasuredUpperBound]' passed (0.014 seconds).
Test Case '-[DiskStewardCoreTests.EvidenceObjectLifecycleTests testHardLinkedPathsRemainOnePhysicalObjectAndNeverCrashReconciliation]' started.
Test Case '-[DiskStewardCoreTests.EvidenceObjectLifecycleTests testHardLinkedPathsRemainOnePhysicalObjectAndNeverCrashReconciliation]' passed (0.009 seconds).
Test Case '-[DiskStewardCoreTests.EvidenceObjectLifecycleTests testLegacyCompleteSnapshotCannotResolveDurableDirtyEvidence]' started.
Test Case '-[DiskStewardCoreTests.EvidenceObjectLifecycleTests testLegacyCompleteSnapshotCannotResolveDurableDirtyEvidence]' passed (0.007 seconds).
Test Case '-[DiskStewardCoreTests.EvidenceObjectLifecycleTests testLegacyExplicitSampleTimeIsNotReplacedWithSnapshotTime]' started.
Test Case '-[DiskStewardCoreTests.EvidenceObjectLifecycleTests testLegacyExplicitSampleTimeIsNotReplacedWithSnapshotTime]' passed (0.008 seconds).
Test Case '-[DiskStewardCoreTests.EvidenceObjectLifecycleTests testLegacyMixedRootsPublishesHealthyChangesAndRetainsFailedRootUncertainty]' started.
Test Case '-[DiskStewardCoreTests.EvidenceObjectLifecycleTests testLegacyMixedRootsPublishesHealthyChangesAndRetainsFailedRootUncertainty]' passed (0.009 seconds).
Test Case '-[DiskStewardCoreTests.EvidenceObjectLifecycleTests testLegacyMovePlusGrowthRecordsBothChanges]' started.
Test Case '-[DiskStewardCoreTests.EvidenceObjectLifecycleTests testLegacyMovePlusGrowthRecordsBothChanges]' passed (0.009 seconds).
Test Case '-[DiskStewardCoreTests.EvidenceObjectLifecycleTests testLegacyMultiObjectReplacementAccountsEachPhysicalObjectOnce]' started.
Test Case '-[DiskStewardCoreTests.EvidenceObjectLifecycleTests testLegacyMultiObjectReplacementAccountsEachPhysicalObjectOnce]' passed (0.018 seconds).
Test Case '-[DiskStewardCoreTests.EvidenceObjectLifecycleTests testLegacyNewestAliasSampleWinsWithoutInventingRename]' started.
Test Case '-[DiskStewardCoreTests.EvidenceObjectLifecycleTests testLegacyNewestAliasSampleWinsWithoutInventingRename]' passed (0.009 seconds).
Test Case '-[DiskStewardCoreTests.EvidenceObjectLifecycleTests testLegacyPartialCoverageCannotCloseAnExistingEventGap]' started.
Test Case '-[DiskStewardCoreTests.EvidenceObjectLifecycleTests testLegacyPartialCoverageCannotCloseAnExistingEventGap]' passed (0.009 seconds).
Test Case '-[DiskStewardCoreTests.EvidenceObjectLifecycleTests testLegacyPartialReplacementKeepsUnobservedAliasUnknown]' started.
Test Case '-[DiskStewardCoreTests.EvidenceObjectLifecycleTests testLegacyPartialReplacementKeepsUnobservedAliasUnknown]' passed (0.009 seconds).
Test Case '-[DiskStewardCoreTests.EvidenceObjectLifecycleTests testLegacyPathSwapDoesNotDependOnCurrentRowUpdateOrder]' started.
Test Case '-[DiskStewardCoreTests.EvidenceObjectLifecycleTests testLegacyPathSwapDoesNotDependOnCurrentRowUpdateOrder]' passed (0.009 seconds).
Test Case '-[DiskStewardCoreTests.EvidenceObjectLifecycleTests testLegacyReplacementOfNoncanonicalAliasPreservesSurvivingObjectAndBinding]' started.
Test Case '-[DiskStewardCoreTests.EvidenceObjectLifecycleTests testLegacyReplacementOfNoncanonicalAliasPreservesSurvivingObjectAndBinding]' passed (0.009 seconds).
Test Case '-[DiskStewardCoreTests.EvidenceObjectLifecycleTests testLegacyResultPreservesFullArrayContractAboveGenerationInlineLimit]' started.
Test Case '-[DiskStewardCoreTests.EvidenceObjectLifecycleTests testLegacyResultPreservesFullArrayContractAboveGenerationInlineLimit]' passed (0.394 seconds).
Test Case '-[DiskStewardCoreTests.EvidenceObjectLifecycleTests testLegacyRollbackAtEveryBoundaryPreservesPriorStateAndActiveGeneration]' started.
Test Case '-[DiskStewardCoreTests.EvidenceObjectLifecycleTests testLegacyRollbackAtEveryBoundaryPreservesPriorStateAndActiveGeneration]' passed (0.045 seconds).
Test Case '-[DiskStewardCoreTests.EvidenceObjectLifecycleTests testLegacyScopeMoveDoesNotInferRenameAndScopeExitDoesNotRepeat]' started.
Test Case '-[DiskStewardCoreTests.EvidenceObjectLifecycleTests testLegacyScopeMoveDoesNotInferRenameAndScopeExitDoesNotRepeat]' passed (0.009 seconds).
Test Case '-[DiskStewardCoreTests.EvidenceObjectLifecycleTests testModifyTruncateRenameAndReplacementHaveDistinctIdentityAwareEvents]' started.
Test Case '-[DiskStewardCoreTests.EvidenceObjectLifecycleTests testModifyTruncateRenameAndReplacementHaveDistinctIdentityAwareEvents]' passed (0.010 seconds).
Test Case '-[DiskStewardCoreTests.EvidenceObjectLifecycleTests testObservationTransactionRollsBackOnScopeMismatch]' started.
Test Case '-[DiskStewardCoreTests.EvidenceObjectLifecycleTests testObservationTransactionRollsBackOnScopeMismatch]' passed (0.007 seconds).
Test Case '-[DiskStewardCoreTests.EvidenceObjectLifecycleTests testPartialABCObservationKeepsBUnknownUntilCompleteRecovery]' started.
Test Case '-[DiskStewardCoreTests.EvidenceObjectLifecycleTests testPartialABCObservationKeepsBUnknownUntilCompleteRecovery]' passed (0.009 seconds).
Test Case '-[DiskStewardCoreTests.EvidenceObjectLifecycleTests testReplacementOfAliasUsesItsBindingEvidenceNotAnotherAliasSampleTime]' started.
Test Case '-[DiskStewardCoreTests.EvidenceObjectLifecycleTests testReplacementOfAliasUsesItsBindingEvidenceNotAnotherAliasSampleTime]' passed (0.008 seconds).
Test Case '-[DiskStewardCoreTests.EvidenceObjectLifecycleTests testRestartRecordsOfflineIntervalAndStillReconcilesCompleteDeletion]' started.
Test Case '-[DiskStewardCoreTests.EvidenceObjectLifecycleTests testRestartRecordsOfflineIntervalAndStillReconcilesCompleteDeletion]' passed (0.010 seconds).
Test Case '-[DiskStewardCoreTests.EvidenceObjectLifecycleTests testScopeChangeEmitsEnterAndExitWithoutClaimingDeletion]' started.
Test Case '-[DiskStewardCoreTests.EvidenceObjectLifecycleTests testScopeChangeEmitsEnterAndExitWithoutClaimingDeletion]' passed (0.007 seconds).
Test Case '-[DiskStewardCoreTests.EvidenceObjectLifecycleTests testScopeReentryDoesNotInventReplacementGrowthOrDelayedDeletion]' started.
Test Case '-[DiskStewardCoreTests.EvidenceObjectLifecycleTests testScopeReentryDoesNotInventReplacementGrowthOrDelayedDeletion]' passed (0.033 seconds).
Test Suite 'EvidenceObjectLifecycleTests' passed at 2026-09-17 17:05:06.067.
	 Executed 25 tests, with 0 failures (0 unexpected) in 0.679 (0.681) seconds
Test Suite 'EvidenceQueryReadModelTests' started at 2026-09-17 17:05:06.067.
Test Case '-[DiskStewardCoreTests.EvidenceQueryReadModelTests testCurrentConsumerFilteringHappensBeforeLimitAndCursorIsStable]' started.
Test Case '-[DiskStewardCoreTests.EvidenceQueryReadModelTests testCurrentConsumerFilteringHappensBeforeLimitAndCursorIsStable]' passed (0.081 seconds).
Test Case '-[DiskStewardCoreTests.EvidenceQueryReadModelTests testDuplicateBasenamesRemainSeparateObjectsAndGrowthIncludesRollups]' started.
Test Case '-[DiskStewardCoreTests.EvidenceQueryReadModelTests testDuplicateBasenamesRemainSeparateObjectsAndGrowthIncludesRollups]' passed (0.021 seconds).
Test Case '-[DiskStewardCoreTests.EvidenceQueryReadModelTests testPaginationCursorExpiresWhenEvidenceRevisionChanges]' started.
Test Case '-[DiskStewardCoreTests.EvidenceQueryReadModelTests testPaginationCursorExpiresWhenEvidenceRevisionChanges]' passed (0.009 seconds).
Test Suite 'EvidenceQueryReadModelTests' passed at 2026-09-17 17:05:06.178.
	 Executed 3 tests, with 0 failures (0 unexpected) in 0.111 (0.111) seconds
Test Suite 'EvidenceRetentionLifecycleTests' started at 2026-09-17 17:05:06.178.
Test Case '-[DiskStewardCoreTests.EvidenceRetentionLifecycleTests testCapacityRecoveryEvictsLegacyDetailedHistoryWithoutBreakingCurrentTruth]' started.
Test Case '-[DiskStewardCoreTests.EvidenceRetentionLifecycleTests testCapacityRecoveryEvictsLegacyDetailedHistoryWithoutBreakingCurrentTruth]' passed (0.253 seconds).
Test Case '-[DiskStewardCoreTests.EvidenceRetentionLifecycleTests testCurrentPresentStateSurvivesWhileExpiredUnknownTombstoneIsRemoved]' started.
Test Case '-[DiskStewardCoreTests.EvidenceRetentionLifecycleTests testCurrentPresentStateSurvivesWhileExpiredUnknownTombstoneIsRemoved]' passed (0.024 seconds).
Test Case '-[DiskStewardCoreTests.EvidenceRetentionLifecycleTests testDefaultTierBoundariesAndSnapshotDownsamplingAreDeterministic]' started.
Test Case '-[DiskStewardCoreTests.EvidenceRetentionLifecycleTests testDefaultTierBoundariesAndSnapshotDownsamplingAreDeterministic]' passed (0.029 seconds).
Test Case '-[DiskStewardCoreTests.EvidenceRetentionLifecycleTests testInterruptedExportsRecoverAsFailedAndInventoryRemainsBounded]' started.
Test Case '-[DiskStewardCoreTests.EvidenceRetentionLifecycleTests testInterruptedExportsRecoverAsFailedAndInventoryRemainsBounded]' passed (0.132 seconds).
Test Case '-[DiskStewardCoreTests.EvidenceRetentionLifecycleTests testRetentionProcessesOldHistoryInBoundedRestartableBatches]' started.
Test Case '-[DiskStewardCoreTests.EvidenceRetentionLifecycleTests testRetentionProcessesOldHistoryInBoundedRestartableBatches]' passed (0.139 seconds).
Test Case '-[DiskStewardCoreTests.EvidenceRetentionLifecycleTests testUnchangedObservationsDoNotMultiplyDetailedStateHistory]' started.
Test Case '-[DiskStewardCoreTests.EvidenceRetentionLifecycleTests testUnchangedObservationsDoNotMultiplyDetailedStateHistory]' passed (0.009 seconds).
Test Suite 'EvidenceRetentionLifecycleTests' passed at 2026-09-17 17:05:06.764.
	 Executed 6 tests, with 0 failures (0 unexpected) in 0.585 (0.586) seconds
Test Suite 'EvidenceStoreTests' started at 2026-09-17 17:05:06.764.
Test Case '-[DiskStewardCoreTests.EvidenceStoreTests testBackupIsConsistentAndReadable]' started.
Test Case '-[DiskStewardCoreTests.EvidenceStoreTests testBackupIsConsistentAndReadable]' passed (0.010 seconds).
Test Case '-[DiskStewardCoreTests.EvidenceStoreTests testConcurrentReadsAndWritesPreserveEveryCommittedEvent]' started.
Test Case '-[DiskStewardCoreTests.EvidenceStoreTests testConcurrentReadsAndWritesPreserveEveryCommittedEvent]' passed (0.033 seconds).
Test Case '-[DiskStewardCoreTests.EvidenceStoreTests testCorruptionIsDetectedOnOpen]' started.
Test Case '-[DiskStewardCoreTests.EvidenceStoreTests testCorruptionIsDetectedOnOpen]' passed (0.000 seconds).
Test Case '-[DiskStewardCoreTests.EvidenceStoreTests testDatabaseCeilingForcesBoundedEvictionAndCompaction]' started.
Test Case '-[DiskStewardCoreTests.EvidenceStoreTests testDatabaseCeilingForcesBoundedEvictionAndCompaction]' passed (0.409 seconds).
Test Case '-[DiskStewardCoreTests.EvidenceStoreTests testEveryMigrationInterruptionRecoversWithoutLosingTheLegacyDatabase]' started.
Test Case '-[DiskStewardCoreTests.EvidenceStoreTests testEveryMigrationInterruptionRecoversWithoutLosingTheLegacyDatabase]' passed (0.098 seconds).
Test Case '-[DiskStewardCoreTests.EvidenceStoreTests testInvalidBatchRollsBackAndReopenRecoversCommittedEvidence]' started.
Test Case '-[DiskStewardCoreTests.EvidenceStoreTests testInvalidBatchRollsBackAndReopenRecoversCommittedEvidence]' passed (0.009 seconds).
Test Case '-[DiskStewardCoreTests.EvidenceStoreTests testLegacyUpgradeUsesAValidatedAtomicShadowAndPreservesEvidence]' started.
Test Case '-[DiskStewardCoreTests.EvidenceStoreTests testLegacyUpgradeUsesAValidatedAtomicShadowAndPreservesEvidence]' passed (0.019 seconds).
Test Case '-[DiskStewardCoreTests.EvidenceStoreTests testMigrationEnablesWALAndIntegrityChecks]' started.
Test Case '-[DiskStewardCoreTests.EvidenceStoreTests testMigrationEnablesWALAndIntegrityChecks]' passed (0.007 seconds).
Test Case '-[DiskStewardCoreTests.EvidenceStoreTests testMigrationPreflightLeavesTheLegacyDatabaseUntouchedWhenCapacityIsInsufficient]' started.
Test Case '-[DiskStewardCoreTests.EvidenceStoreTests testMigrationPreflightLeavesTheLegacyDatabaseUntouchedWhenCapacityIsInsufficient]' passed (0.012 seconds).
Test Case '-[DiskStewardCoreTests.EvidenceStoreTests testRetentionAggregatesRawEventsAndBoundsHistory]' started.
Test Case '-[DiskStewardCoreTests.EvidenceStoreTests testRetentionAggregatesRawEventsAndBoundsHistory]' passed (0.018 seconds).
Test Case '-[DiskStewardCoreTests.EvidenceStoreTests testRetentionContractRejectsUnboundedValues]' started.
Test Case '-[DiskStewardCoreTests.EvidenceStoreTests testRetentionContractRejectsUnboundedValues]' passed (0.000 seconds).
Test Case '-[DiskStewardCoreTests.EvidenceStoreTests testStorageAdmissionRejectsAWriteBeforeItCanRunPastTheAllFileBudget]' started.
Test Case '-[DiskStewardCoreTests.EvidenceStoreTests testStorageAdmissionRejectsAWriteBeforeItCanRunPastTheAllFileBudget]' passed (0.009 seconds).
Test Suite 'EvidenceStoreTests' passed at 2026-09-17 17:05:07.390.
	 Executed 12 tests, with 0 failures (0 unexpected) in 0.625 (0.626) seconds
Test Suite 'EvidenceUsefulnessContractTests' started at 2026-09-17 17:05:07.390.
Test Case '-[ContractTests.EvidenceUsefulnessContractTests testActionableExportFixtureIsClosedCompleteAndHonest]' started.
Test Case '-[ContractTests.EvidenceUsefulnessContractTests testActionableExportFixtureIsClosedCompleteAndHonest]' passed (0.001 seconds).
Test Case '-[ContractTests.EvidenceUsefulnessContractTests testCapacityOnlyBundleFailsRequiredRoleContract]' started.
Test Case '-[ContractTests.EvidenceUsefulnessContractTests testCapacityOnlyBundleFailsRequiredRoleContract]' passed (0.000 seconds).
Test Case '-[ContractTests.EvidenceUsefulnessContractTests testMultiSliceGenerationReconcilesOnlyAtCompletion]' started.
Test Case '-[ContractTests.EvidenceUsefulnessContractTests testMultiSliceGenerationReconcilesOnlyAtCompletion]' passed (0.000 seconds).
Test Case '-[ContractTests.EvidenceUsefulnessContractTests testOpenCoverageGapCannotClaimCompleteOrNoMeasuredChange]' started.
Test Case '-[ContractTests.EvidenceUsefulnessContractTests testOpenCoverageGapCannotClaimCompleteOrNoMeasuredChange]' passed (0.000 seconds).
Test Case '-[ContractTests.EvidenceUsefulnessContractTests testRestartResumesSameGenerationAndFrontier]' started.
Test Case '-[ContractTests.EvidenceUsefulnessContractTests testRestartResumesSameGenerationAndFrontier]' passed (0.000 seconds).
Test Case '-[ContractTests.EvidenceUsefulnessContractTests testScopeChangeAbandonsOldGenerationWithoutPromotingIt]' started.
Test Case '-[ContractTests.EvidenceUsefulnessContractTests testScopeChangeAbandonsOldGenerationWithoutPromotingIt]' passed (0.000 seconds).
Test Suite 'EvidenceUsefulnessContractTests' passed at 2026-09-17 17:05:07.393.
	 Executed 6 tests, with 0 failures (0 unexpected) in 0.002 (0.003) seconds
Test Suite 'ExplanationTests' started at 2026-09-17 17:05:07.393.
Test Case '-[DiskStewardCoreTests.ExplanationTests testEventGapWeakensEveryDetailedCauseAndIsExplicit]' started.
Test Case '-[DiskStewardCoreTests.ExplanationTests testEventGapWeakensEveryDetailedCauseAndIsExplicit]' passed (0.000 seconds).
Test Case '-[DiskStewardCoreTests.ExplanationTests testExplanationSeparatesDetailedAndUnexplainedGrowth]' started.
Test Case '-[DiskStewardCoreTests.ExplanationTests testExplanationSeparatesDetailedAndUnexplainedGrowth]' passed (0.000 seconds).
Test Case '-[DiskStewardCoreTests.ExplanationTests testObservedDetailCannotCreateNegativeUnexplainedGrowth]' started.
Test Case '-[DiskStewardCoreTests.ExplanationTests testObservedDetailCannotCreateNegativeUnexplainedGrowth]' passed (0.000 seconds).
Test Suite 'ExplanationTests' passed at 2026-09-17 17:05:07.393.
	 Executed 3 tests, with 0 failures (0 unexpected) in 0.000 (0.000) seconds
Test Suite 'FinalProductIncrementTests' started at 2026-09-17 17:05:07.393.
Test Case '-[IncrementTests.FinalProductIncrementTests testCompleteProductJourneyPreservesEvidenceAndHonestFallback]' started.
Test Case '-[IncrementTests.FinalProductIncrementTests testCompleteProductJourneyPreservesEvidenceAndHonestFallback]' passed (0.239 seconds).
Test Case '-[IncrementTests.FinalProductIncrementTests testReleaseSmokeGateRejectsMissingOrUnsafeIsolationFields]' started.
Test Case '-[IncrementTests.FinalProductIncrementTests testReleaseSmokeGateRejectsMissingOrUnsafeIsolationFields]' passed (1.075 seconds).
Test Case '-[IncrementTests.FinalProductIncrementTests testSmokeStartupPreservesLiveFixtureEndpointAndAllSentinelState]' started.
Test Case '-[IncrementTests.FinalProductIncrementTests testSmokeStartupPreservesLiveFixtureEndpointAndAllSentinelState]' passed (0.433 seconds).
Test Suite 'FinalProductIncrementTests' passed at 2026-09-17 17:05:09.141.
	 Executed 3 tests, with 0 failures (0 unexpected) in 1.747 (1.747) seconds
Test Suite 'HistoricalMigrationTests' started at 2026-09-17 17:05:09.141.
Test Case '-[DiskStewardCoreTests.HistoricalMigrationTests testActualHistoricalSchemasRecoverAtEveryAtomicMigrationCheckpoint]' started.
Test Case '-[DiskStewardCoreTests.HistoricalMigrationTests testActualHistoricalSchemasRecoverAtEveryAtomicMigrationCheckpoint]' passed (0.311 seconds).
Test Case '-[DiskStewardCoreTests.HistoricalMigrationTests testActualHistoricalSchemasRemainIntactWhenMigrationHasNoHeadroom]' started.
Test Case '-[DiskStewardCoreTests.HistoricalMigrationTests testActualHistoricalSchemasRemainIntactWhenMigrationHasNoHeadroom]' passed (0.034 seconds).
Test Case '-[DiskStewardCoreTests.HistoricalMigrationTests testActualV5AndV6BackfillAcrossBatchBoundaryWithoutReplayingUnprovenMembership]' started.
Test Case '-[DiskStewardCoreTests.HistoricalMigrationTests testActualV5AndV6BackfillAcrossBatchBoundaryWithoutReplayingUnprovenMembership]' passed (0.205 seconds).
Test Case '-[DiskStewardCoreTests.HistoricalMigrationTests testHistoricalOccurrenceBoundsMigrateWithoutInventingLowerEvidence]' started.
Test Case '-[DiskStewardCoreTests.HistoricalMigrationTests testHistoricalOccurrenceBoundsMigrateWithoutInventingLowerEvidence]' passed (0.072 seconds).
Test Suite 'HistoricalMigrationTests' passed at 2026-09-17 17:05:09.763.
	 Executed 4 tests, with 0 failures (0 unexpected) in 0.622 (0.622) seconds
Test Suite 'IntegrationInstallTests' started at 2026-09-17 17:05:09.763.
Test Case '-[IntegrationInstallTests.IntegrationInstallTests testClaudeInstallUpgradeAndUninstallMergeOnlyOwnedServer]' started.
Test Case '-[IntegrationInstallTests.IntegrationInstallTests testClaudeInstallUpgradeAndUninstallMergeOnlyOwnedServer]' passed (0.639 seconds).
Test Case '-[IntegrationInstallTests.IntegrationInstallTests testCodexInstallerFailsClosedOnMalformedManagedMarkers]' started.
Test Case '-[IntegrationInstallTests.IntegrationInstallTests testCodexInstallerFailsClosedOnMalformedManagedMarkers]' passed (0.074 seconds).
Test Case '-[IntegrationInstallTests.IntegrationInstallTests testCodexInstallUpgradeAndUninstallPreserveUnrelatedConfigurationAndEvidence]' started.
Test Case '-[IntegrationInstallTests.IntegrationInstallTests testCodexInstallUpgradeAndUninstallPreserveUnrelatedConfigurationAndEvidence]' passed (0.493 seconds).
Test Case '-[IntegrationInstallTests.IntegrationInstallTests testHelperSelfCheckRequiresLiveEvidenceService]' started.
Test Case '-[IntegrationInstallTests.IntegrationInstallTests testHelperSelfCheckRequiresLiveEvidenceService]' passed (0.147 seconds).
Test Case '-[IntegrationInstallTests.IntegrationInstallTests testInstallAndUninstallDryRunsAreMutationFree]' started.
Test Case '-[IntegrationInstallTests.IntegrationInstallTests testInstallAndUninstallDryRunsAreMutationFree]' passed (0.294 seconds).
Test Case '-[IntegrationInstallTests.IntegrationInstallTests testInstalledConnectorDiscoversToolsAndQueriesEvidenceOverPrivateSocket]' started.
Test Case '-[IntegrationInstallTests.IntegrationInstallTests testInstalledConnectorDiscoversToolsAndQueriesEvidenceOverPrivateSocket]' passed (0.079 seconds).
Test Case '-[IntegrationInstallTests.IntegrationInstallTests testPackagedHelperOverridesFailBeforeExecutionOutsideDisposableBuild]' started.
Test Case '-[IntegrationInstallTests.IntegrationInstallTests testPackagedHelperOverridesFailBeforeExecutionOutsideDisposableBuild]' passed (0.001 seconds).
Test Case '-[IntegrationInstallTests.IntegrationInstallTests testSessionAdapterRegistersFixtureAndDoctorExplainsUnavailableApp]' started.
Test Case '-[IntegrationInstallTests.IntegrationInstallTests testSessionAdapterRegistersFixtureAndDoctorExplainsUnavailableApp]' passed (0.990 seconds).
Test Suite 'IntegrationInstallTests' passed at 2026-09-17 17:05:12.482.
	 Executed 8 tests, with 0 failures (0 unexpected) in 2.718 (2.719) seconds
Test Suite 'LaunchAtLoginControllerTests' started at 2026-09-17 17:05:12.482.
Test Case '-[DiskStewardAppTests.LaunchAtLoginControllerTests testAdapterPreservesObservedStatusWhenRegistrationFails]' started.
Test Case '-[DiskStewardAppTests.LaunchAtLoginControllerTests testAdapterPreservesObservedStatusWhenRegistrationFails]' passed (0.001 seconds).
Test Case '-[DiskStewardAppTests.LaunchAtLoginControllerTests testAdapterRegistersAndUnregistersMainAppService]' started.
Test Case '-[DiskStewardAppTests.LaunchAtLoginControllerTests testAdapterRegistersAndUnregistersMainAppService]' passed (0.000 seconds).
Test Suite 'LaunchAtLoginControllerTests' passed at 2026-09-17 17:05:12.484.
	 Executed 2 tests, with 0 failures (0 unexpected) in 0.001 (0.002) seconds
Test Suite 'MCPAccessTests' started at 2026-09-17 17:05:12.484.
Test Case '-[DiskStewardAppTests.MCPAccessTests testEveryStateHasHumanReadableTextIndependentOfColor]' started.
Test Case '-[DiskStewardAppTests.MCPAccessTests testEveryStateHasHumanReadableTextIndependentOfColor]' passed (0.000 seconds).
Test Case '-[DiskStewardAppTests.MCPAccessTests testFreshInstallDefaultsOffWithoutStartingAService]' started.
Test Case '-[DiskStewardAppTests.MCPAccessTests testFreshInstallDefaultsOffWithoutStartingAService]' passed (0.000 seconds).
Test Case '-[DiskStewardAppTests.MCPAccessTests testRealPrivateSocketIsQueryableOnlyWhileEnabled]' started.
Test Case '-[DiskStewardAppTests.MCPAccessTests testRealPrivateSocketIsQueryableOnlyWhileEnabled]' passed (0.004 seconds).
Test Case '-[DiskStewardAppTests.MCPAccessTests testRepeatedTogglesRetainOneServiceAndItsOutstandingWorkBudget]' started.
Test Case '-[DiskStewardAppTests.MCPAccessTests testRepeatedTogglesRetainOneServiceAndItsOutstandingWorkBudget]' passed (0.011 seconds).
Test Case '-[DiskStewardAppTests.MCPAccessTests testStartupFailureIsExplicitlyDegradedAndDoesNotPretendAccessIsOn]' started.
Test Case '-[DiskStewardAppTests.MCPAccessTests testStartupFailureIsExplicitlyDegradedAndDoesNotPretendAccessIsOn]' passed (0.001 seconds).
Test Case '-[DiskStewardAppTests.MCPAccessTests testToggleLeavesEvidenceMonitoringAndExternalAgentConfigurationUntouched]' started.
Test Case '-[DiskStewardAppTests.MCPAccessTests testToggleLeavesEvidenceMonitoringAndExternalAgentConfigurationUntouched]' passed (0.001 seconds).
Test Case '-[DiskStewardAppTests.MCPAccessTests testTogglePersistsAndOwnsServiceLifecycle]' started.
Test Case '-[DiskStewardAppTests.MCPAccessTests testTogglePersistsAndOwnsServiceLifecycle]' passed (0.001 seconds).
Test Suite 'MCPAccessTests' passed at 2026-09-17 17:05:12.503.
	 Executed 7 tests, with 0 failures (0 unexpected) in 0.018 (0.018) seconds
Test Suite 'MCPAdmissionTests' started at 2026-09-17 17:05:12.503.
Test Case '-[DiskStewardMCPTests.MCPAdmissionTests testAdmissionBoundsDuplicateIDsAndCancelBeforeDispatch]' started.
Test Case '-[DiskStewardMCPTests.MCPAdmissionTests testAdmissionBoundsDuplicateIDsAndCancelBeforeDispatch]' passed (0.002 seconds).
Test Case '-[DiskStewardMCPTests.MCPAdmissionTests testCancellationCanWinAfterSerializationBeforeTerminalClaim]' started.
Test Case '-[DiskStewardMCPTests.MCPAdmissionTests testCancellationCanWinAfterSerializationBeforeTerminalClaim]' passed (0.009 seconds).
Test Case '-[DiskStewardMCPTests.MCPAdmissionTests testTransportFailureCancelsEveryAdmittedRequestAndClosesAdmission]' started.
Test Case '-[DiskStewardMCPTests.MCPAdmissionTests testTransportFailureCancelsEveryAdmittedRequestAndClosesAdmission]' passed (0.001 seconds).
Test Case '-[DiskStewardMCPTests.MCPAdmissionTests testUnknownCancellationDoesNotCancelFutureRequest]' started.
Test Case '-[DiskStewardMCPTests.MCPAdmissionTests testUnknownCancellationDoesNotCancelFutureRequest]' passed (0.001 seconds).
Test Case '-[DiskStewardMCPTests.MCPAdmissionTests testUnknownCancellationFloodCannotPreventActiveCancellation]' started.
Test Case '-[DiskStewardMCPTests.MCPAdmissionTests testUnknownCancellationFloodCannotPreventActiveCancellation]' passed (0.038 seconds).
Test Suite 'MCPAdmissionTests' passed at 2026-09-17 17:05:12.552.
	 Executed 5 tests, with 0 failures (0 unexpected) in 0.049 (0.050) seconds
Test Suite 'MCPContractTests' started at 2026-09-17 17:05:12.552.
Test Case '-[ContractTests.MCPContractTests testClientCompatibilityFixturesUseLocalStdioWithoutCredentials]' started.
Test Case '-[ContractTests.MCPContractTests testClientCompatibilityFixturesUseLocalStdioWithoutCredentials]' passed (0.000 seconds).
Test Case '-[ContractTests.MCPContractTests testMCPFixturesFollowLifecycleAndErrorSeparation]' started.
Test Case '-[ContractTests.MCPContractTests testMCPFixturesFollowLifecycleAndErrorSeparation]' passed (0.000 seconds).
Test Case '-[ContractTests.MCPContractTests testMCPInventoryIsBoundedLocalAndStrictlyReadOnly]' started.
Test Case '-[ContractTests.MCPContractTests testMCPInventoryIsBoundedLocalAndStrictlyReadOnly]' passed (0.001 seconds).
Test Case '-[ContractTests.MCPContractTests testSanitizedResponseCarriesConfidenceLimitationsAndNoSecrets]' started.
Test Case '-[ContractTests.MCPContractTests testSanitizedResponseCarriesConfidenceLimitationsAndNoSecrets]' passed (0.000 seconds).
Test Case '-[ContractTests.MCPContractTests testSessionLifecycleFixturesAreVersionedAndAuthenticated]' started.
Test Case '-[ContractTests.MCPContractTests testSessionLifecycleFixturesAreVersionedAndAuthenticated]' passed (0.001 seconds).
Test Case '-[ContractTests.MCPContractTests testSpoofedSessionFailsClosedAndRegistrationCannotClaimExact]' started.
Test Case '-[ContractTests.MCPContractTests testSpoofedSessionFailsClosedAndRegistrationCannotClaimExact]' passed (0.000 seconds).
Test Suite 'MCPContractTests' passed at 2026-09-17 17:05:12.556.
	 Executed 6 tests, with 0 failures (0 unexpected) in 0.003 (0.004) seconds
Test Suite 'MCPTransportLifecycleTests' started at 2026-09-17 17:05:12.556.
Test Case '-[IntegrationInstallTests.MCPTransportLifecycleTests testBlockedStdoutStillProcessesCancellationAndExitsWithoutMoreInput]' started.
Test Case '-[IntegrationInstallTests.MCPTransportLifecycleTests testBlockedStdoutStillProcessesCancellationAndExitsWithoutMoreInput]' passed (2.095 seconds).
Test Case '-[IntegrationInstallTests.MCPTransportLifecycleTests testClosedStdoutTerminatesNormallyInsteadOfSIGPIPE]' started.
Test Case '-[IntegrationInstallTests.MCPTransportLifecycleTests testClosedStdoutTerminatesNormallyInsteadOfSIGPIPE]' passed (0.138 seconds).
Test Case '-[IntegrationInstallTests.MCPTransportLifecycleTests testEOFHasFiniteGraceAndCancelsBackendWork]' started.
Test Case '-[IntegrationInstallTests.MCPTransportLifecycleTests testEOFHasFiniteGraceAndCancelsBackendWork]' passed (1.054 seconds).
Test Case '-[IntegrationInstallTests.MCPTransportLifecycleTests testFourCallsAreBoundedAndCancellationFreesCapacity]' started.
Test Case '-[IntegrationInstallTests.MCPTransportLifecycleTests testFourCallsAreBoundedAndCancellationFreesCapacity]' passed (1.194 seconds).
Test Case '-[IntegrationInstallTests.MCPTransportLifecycleTests testOversizedLineIsDiscardedAndNextFrameIsProcessed]' started.
Test Case '-[IntegrationInstallTests.MCPTransportLifecycleTests testOversizedLineIsDiscardedAndNextFrameIsProcessed]' passed (0.136 seconds).
Test Case '-[IntegrationInstallTests.MCPTransportLifecycleTests testSelfCheckAlsoExitsWhenItsOutputIsNotRead]' started.
Test Case '-[IntegrationInstallTests.MCPTransportLifecycleTests testSelfCheckAlsoExitsWhenItsOutputIsNotRead]' passed (2.045 seconds).
Test Suite 'MCPTransportLifecycleTests' passed at 2026-09-17 17:05:19.221.
	 Executed 6 tests, with 0 failures (0 unexpected) in 6.662 (6.664) seconds
Test Suite 'MonitoringLifecycleTests' started at 2026-09-17 17:05:19.221.
Test Case '-[DiskStewardAppTests.MonitoringLifecycleTests testActiveSampleKeepsItsSafetyMarkerThroughPauseResumeAndQuit]' started.
Test Case '-[DiskStewardAppTests.MonitoringLifecycleTests testActiveSampleKeepsItsSafetyMarkerThroughPauseResumeAndQuit]' passed (0.005 seconds).
Test Case '-[DiskStewardAppTests.MonitoringLifecycleTests testBusyFollowUpCannotRunDuringPauseOrSleep]' started.
Test Case '-[DiskStewardAppTests.MonitoringLifecycleTests testBusyFollowUpCannotRunDuringPauseOrSleep]' passed (0.002 seconds).
Test Case '-[DiskStewardAppTests.MonitoringLifecycleTests testConcurrentSampleRequestsAreSingleFlightAndCoalesced]' started.
Test Case '-[DiskStewardAppTests.MonitoringLifecycleTests testConcurrentSampleRequestsAreSingleFlightAndCoalesced]' passed (0.001 seconds).
Test Case '-[DiskStewardAppTests.MonitoringLifecycleTests testConfiguredDatabaseLimitIsTheMonitoringSourceOfTruth]' started.
Test Case '-[DiskStewardAppTests.MonitoringLifecycleTests testConfiguredDatabaseLimitIsTheMonitoringSourceOfTruth]' passed (0.035 seconds).
Test Case '-[DiskStewardAppTests.MonitoringLifecycleTests testDatabasePressureRunsStartupRecoveryBeforeCircuitBreaker]' started.
Test Case '-[DiskStewardAppTests.MonitoringLifecycleTests testDatabasePressureRunsStartupRecoveryBeforeCircuitBreaker]' passed (0.023 seconds).
Test Case '-[DiskStewardAppTests.MonitoringLifecycleTests testDegradedSampleRecoversAndHistoryExplainsBothStates]' started.
Test Case '-[DiskStewardAppTests.MonitoringLifecycleTests testDegradedSampleRecoversAndHistoryExplainsBothStates]' passed (0.001 seconds).
Test Case '-[DiskStewardAppTests.MonitoringLifecycleTests testIncomingPauseSettingDoesNotLeaveCompletedLoopBlockingResume]' started.
Test Case '-[DiskStewardAppTests.MonitoringLifecycleTests testIncomingPauseSettingDoesNotLeaveCompletedLoopBlockingResume]' passed (0.001 seconds).
Test Case '-[DiskStewardAppTests.MonitoringLifecycleTests testInterruptedSampleStartsInSafetyPauseUntilUserResumes]' started.
Test Case '-[DiskStewardAppTests.MonitoringLifecycleTests testInterruptedSampleStartsInSafetyPauseUntilUserResumes]' passed (0.000 seconds).
Test Case '-[DiskStewardAppTests.MonitoringLifecycleTests testLateCompletionCannotUndoPauseSleepOrQuit]' started.
Test Case '-[DiskStewardAppTests.MonitoringLifecycleTests testLateCompletionCannotUndoPauseSleepOrQuit]' passed (0.001 seconds).
Test Case '-[DiskStewardAppTests.MonitoringLifecycleTests testPauseAndResumePersistUserChoice]' started.
Test Case '-[DiskStewardAppTests.MonitoringLifecycleTests testPauseAndResumePersistUserChoice]' passed (0.000 seconds).
Test Case '-[DiskStewardAppTests.MonitoringLifecycleTests testPersistentProbeCapsOneSafetySliceToARepresentableBatch]' started.
Test Case '-[DiskStewardAppTests.MonitoringLifecycleTests testPersistentProbeCapsOneSafetySliceToARepresentableBatch]' passed (0.133 seconds).
Test Case '-[DiskStewardAppTests.MonitoringLifecycleTests testPersistentProbeStoresScheduledSnapshotAndDetailedDelta]' started.
Test Case '-[DiskStewardAppTests.MonitoringLifecycleTests testPersistentProbeStoresScheduledSnapshotAndDetailedDelta]' passed (0.027 seconds).
Test Case '-[DiskStewardAppTests.MonitoringLifecycleTests testQueuedSettingsRestartUsesLatestIntentDuringPeriodicSleep]' started.
Test Case '-[DiskStewardAppTests.MonitoringLifecycleTests testQueuedSettingsRestartUsesLatestIntentDuringPeriodicSleep]' passed (0.001 seconds).
Test Case '-[DiskStewardAppTests.MonitoringLifecycleTests testResourceCircuitBreakerStopsBeforeFilesystemTraversalAndHistoryIsBounded]' started.
Test Case '-[DiskStewardAppTests.MonitoringLifecycleTests testResourceCircuitBreakerStopsBeforeFilesystemTraversalAndHistoryIsBounded]' passed (0.009 seconds).
Test Case '-[DiskStewardAppTests.MonitoringLifecycleTests testResumeWaitsForOldSampleThenStartsFreshOwnedWork]' started.
Test Case '-[DiskStewardAppTests.MonitoringLifecycleTests testResumeWaitsForOldSampleThenStartsFreshOwnedWork]' passed (0.001 seconds).
Test Case '-[DiskStewardAppTests.MonitoringLifecycleTests testSettingsPublisherUsesIncomingScopeAndDoesNotRestartPausedCollector]' started.
Test Case '-[DiskStewardAppTests.MonitoringLifecycleTests testSettingsPublisherUsesIncomingScopeAndDoesNotRestartPausedCollector]' passed (0.000 seconds).
Test Case '-[DiskStewardAppTests.MonitoringLifecycleTests testShutdownDeadlinePreservesUnfinishedMarkerForNextLaunch]' started.
Test Case '-[DiskStewardAppTests.MonitoringLifecycleTests testShutdownDeadlinePreservesUnfinishedMarkerForNextLaunch]' passed (0.000 seconds).
Test Case '-[DiskStewardAppTests.MonitoringLifecycleTests testShutdownDrainsBeforeDeadlineAndSharesOneWaiter]' started.
Test Case '-[DiskStewardAppTests.MonitoringLifecycleTests testShutdownDrainsBeforeDeadlineAndSharesOneWaiter]' passed (0.000 seconds).
Test Case '-[DiskStewardAppTests.MonitoringLifecycleTests testShutdownIsTerminalForQueuedPowerAndUserCallbacks]' started.
Test Case '-[DiskStewardAppTests.MonitoringLifecycleTests testShutdownIsTerminalForQueuedPowerAndUserCallbacks]' passed (0.000 seconds).
Test Case '-[DiskStewardAppTests.MonitoringLifecycleTests testStopCancelsTheOwnedSampleRegardlessOfItsCaller]' started.
Test Case '-[DiskStewardAppTests.MonitoringLifecycleTests testStopCancelsTheOwnedSampleRegardlessOfItsCaller]' passed (0.001 seconds).
Test Case '-[DiskStewardAppTests.MonitoringLifecycleTests testSystemSleepSuspendsWithoutChangingUserChoiceAndWakeRefreshes]' started.
Test Case '-[DiskStewardAppTests.MonitoringLifecycleTests testSystemSleepSuspendsWithoutChangingUserChoiceAndWakeRefreshes]' passed (0.000 seconds).
Test Case '-[DiskStewardAppTests.MonitoringLifecycleTests testZeroShutdownDeadlineAndCompletionRaceLeaveNoUnownedMarker]' started.
Test Case '-[DiskStewardAppTests.MonitoringLifecycleTests testZeroShutdownDeadlineAndCompletionRaceLeaveNoUnownedMarker]' passed (0.001 seconds).
Test Suite 'MonitoringLifecycleTests' passed at 2026-09-17 17:05:19.467.
	 Executed 22 tests, with 0 failures (0 unexpected) in 0.244 (0.246) seconds
Test Suite 'MonitoringProbeCancellationTests' started at 2026-09-17 17:05:19.467.
Test Case '-[DiskStewardAppTests.MonitoringProbeCancellationTests testAlreadyCancelledSampleDoesNotStartResourceOrStoreWork]' started.
Test Case '-[DiskStewardAppTests.MonitoringProbeCancellationTests testAlreadyCancelledSampleDoesNotStartResourceOrStoreWork]' passed (0.008 seconds).
Test Case '-[DiskStewardAppTests.MonitoringProbeCancellationTests testCancellationAfterTraversalDoesNotSubmitItsComputedSlice]' started.
Test Case '-[DiskStewardAppTests.MonitoringProbeCancellationTests testCancellationAfterTraversalDoesNotSubmitItsComputedSlice]' passed (0.028 seconds).
Test Case '-[DiskStewardAppTests.MonitoringProbeCancellationTests testCommittedCancelledSampleStillAdvancesTheNextVolumeBaseline]' started.
Test Case '-[DiskStewardAppTests.MonitoringProbeCancellationTests testCommittedCancelledSampleStillAdvancesTheNextVolumeBaseline]' passed (0.030 seconds).
Test Case '-[DiskStewardAppTests.MonitoringProbeCancellationTests testPartialAndFailedProbeResultsHaveHonestLifecyclePresentation]' started.
Test Case '-[DiskStewardAppTests.MonitoringProbeCancellationTests testPartialAndFailedProbeResultsHaveHonestLifecyclePresentation]' passed (0.128 seconds).
Test Suite 'MonitoringProbeCancellationTests' passed at 2026-09-17 17:05:19.661.
	 Executed 4 tests, with 0 failures (0 unexpected) in 0.194 (0.194) seconds
Test Suite 'MonitoringReceiptTests' started at 2026-09-17 17:05:19.661.
Test Case '-[DiskStewardAppTests.MonitoringReceiptTests testMailboxCoalescesBurstAndAcknowledgesOnlyCumulativeLatestReceipt]' started.
Test Case '-[DiskStewardAppTests.MonitoringReceiptTests testMailboxCoalescesBurstAndAcknowledgesOnlyCumulativeLatestReceipt]' passed (0.071 seconds).
Test Case '-[DiskStewardAppTests.MonitoringReceiptTests testMailboxStreamIdentityAndOverflowRemainExplicitUncertainty]' started.
Test Case '-[DiskStewardAppTests.MonitoringReceiptTests testMailboxStreamIdentityAndOverflowRemainExplicitUncertainty]' passed (0.000 seconds).
Test Case '-[DiskStewardAppTests.MonitoringReceiptTests testNewProbeInvalidatesStagingAfterUnpersistedReceiptAndStoreReopen]' started.
Test Case '-[DiskStewardAppTests.MonitoringReceiptTests testNewProbeInvalidatesStagingAfterUnpersistedReceiptAndStoreReopen]' passed (0.387 seconds).
Test Case '-[DiskStewardAppTests.MonitoringReceiptTests testNewReceiptDuringActualPersistenceCannotBeClearedByOldCompletion]' started.
Test Case '-[DiskStewardAppTests.MonitoringReceiptTests testNewReceiptDuringActualPersistenceCannotBeClearedByOldCompletion]' passed (0.010 seconds).
Test Case '-[DiskStewardAppTests.MonitoringReceiptTests testOrdinaryControllerReceiptBeforeStoreAdmissionRejectsStalePublication]' started.
Test Case '-[DiskStewardAppTests.MonitoringReceiptTests testOrdinaryControllerReceiptBeforeStoreAdmissionRejectsStalePublication]' passed (0.017 seconds).
Test Case '-[DiskStewardAppTests.MonitoringReceiptTests testOrdinaryControllerReceiptDuringStorePreparationRejectsStalePublication]' started.
Test Case '-[DiskStewardAppTests.MonitoringReceiptTests testOrdinaryControllerReceiptDuringStorePreparationRejectsStalePublication]' passed (0.019 seconds).
Test Case '-[DiskStewardAppTests.MonitoringReceiptTests testOrdinaryProbeReceiptPreservesIndependentRootProgress]' started.
Test Case '-[DiskStewardAppTests.MonitoringReceiptTests testOrdinaryProbeReceiptPreservesIndependentRootProgress]' passed (0.143 seconds).
Test Case '-[DiskStewardAppTests.MonitoringReceiptTests testPauseAndSleepPersistPendingReceiptsAndIgnoreOldCallbacksAfterResume]' started.
Test Case '-[DiskStewardAppTests.MonitoringReceiptTests testPauseAndSleepPersistPendingReceiptsAndIgnoreOldCallbacksAfterResume]' passed (0.026 seconds).
Test Case '-[DiskStewardAppTests.MonitoringReceiptTests testPersistenceFailureFencesSamplingRetainsMarkerAndRetries]' started.
Test Case '-[DiskStewardAppTests.MonitoringReceiptTests testPersistenceFailureFencesSamplingRetainsMarkerAndRetries]' passed (0.014 seconds).
Test Case '-[DiskStewardAppTests.MonitoringReceiptTests testQuitWithUnpersistableReceiptReportsUndrainedAndKeepsSafetyMarker]' started.
Test Case '-[DiskStewardAppTests.MonitoringReceiptTests testQuitWithUnpersistableReceiptReportsUndrainedAndKeepsSafetyMarker]' passed (0.013 seconds).
Test Case '-[DiskStewardAppTests.MonitoringReceiptTests testReceiptDrainDoesNotAcknowledgePreviousCrashWithoutUserResume]' started.
Test Case '-[DiskStewardAppTests.MonitoringReceiptTests testReceiptDrainDoesNotAcknowledgePreviousCrashWithoutUserResume]' passed (0.007 seconds).
Test Case '-[DiskStewardAppTests.MonitoringReceiptTests testUserResumePreservesMarkerForReceiptPersistenceStillInFlight]' started.
Test Case '-[DiskStewardAppTests.MonitoringReceiptTests testUserResumePreservesMarkerForReceiptPersistenceStillInFlight]' passed (1.008 seconds).
Test Suite 'MonitoringReceiptTests' passed at 2026-09-17 17:05:21.376.
	 Executed 12 tests, with 0 failures (0 unexpected) in 1.715 (1.716) seconds
Test Suite 'MonitoringSettingsTests' started at 2026-09-17 17:05:21.376.
Test Case '-[DiskStewardAppTests.MonitoringSettingsTests testChosenWatchedFolderIsStandardizedPersistedAndDeduplicated]' started.
Test Case '-[DiskStewardAppTests.MonitoringSettingsTests testChosenWatchedFolderIsStandardizedPersistedAndDeduplicated]' passed (0.000 seconds).
Test Case '-[DiskStewardAppTests.MonitoringSettingsTests testFolderSelectionNavigatesDirectoriesAndRejectsInvalidPaths]' started.
Test Case '-[DiskStewardAppTests.MonitoringSettingsTests testFolderSelectionNavigatesDirectoriesAndRejectsInvalidPaths]' passed (0.002 seconds).
Test Case '-[DiskStewardAppTests.MonitoringSettingsTests testInvestigationWindowCanStartAndEnd]' started.
Test Case '-[DiskStewardAppTests.MonitoringSettingsTests testInvestigationWindowCanStartAndEnd]' passed (0.000 seconds).
Test Case '-[DiskStewardAppTests.MonitoringSettingsTests testSettingsNormalizeAndRoundTripEveryUserControl]' started.
Test Case '-[DiskStewardAppTests.MonitoringSettingsTests testSettingsNormalizeAndRoundTripEveryUserControl]' passed (0.000 seconds).
Test Suite 'MonitoringSettingsTests' passed at 2026-09-17 17:05:21.379.
	 Executed 4 tests, with 0 failures (0 unexpected) in 0.003 (0.003) seconds
Test Suite 'MonitoringTests' started at 2026-09-17 17:05:21.379.
Test Case '-[DiskStewardCoreTests.MonitoringTests testFSEventsInterpreterFiltersExclusionsAndPreservesGapEvidence]' started.
Test Case '-[DiskStewardCoreTests.MonitoringTests testFSEventsInterpreterFiltersExclusionsAndPreservesGapEvidence]' passed (0.001 seconds).
Test Case '-[DiskStewardCoreTests.MonitoringTests testFSEventsMalformedBatchCannotSilentlyLoseCoverage]' started.
Test Case '-[DiskStewardCoreTests.MonitoringTests testFSEventsMalformedBatchCannotSilentlyLoseCoverage]' passed (0.001 seconds).
Test Case '-[DiskStewardCoreTests.MonitoringTests testFSEventsNativeAdapterPreservesBoundedEventsAndRejectsMalformedPaths]' started.
Test Case '-[DiskStewardCoreTests.MonitoringTests testFSEventsNativeAdapterPreservesBoundedEventsAndRejectsMalformedPaths]' passed (0.001 seconds).
Test Case '-[DiskStewardCoreTests.MonitoringTests testFSEventsOverflowBecomesOneGapInsteadOfRetainedHints]' started.
Test Case '-[DiskStewardCoreTests.MonitoringTests testFSEventsOverflowBecomesOneGapInsteadOfRetainedHints]' passed (0.001 seconds).
Test Case '-[DiskStewardCoreTests.MonitoringTests testFSEventsOversizedPathBecomesGapWithoutRetainingPath]' started.
Test Case '-[DiskStewardCoreTests.MonitoringTests testFSEventsOversizedPathBecomesGapWithoutRetainingPath]' passed (0.001 seconds).
Test Case '-[DiskStewardCoreTests.MonitoringTests testFSEventsRejectsHugeCountBeforeAccessingAnyNativeEvent]' started.
Test Case '-[DiskStewardCoreTests.MonitoringTests testFSEventsRejectsHugeCountBeforeAccessingAnyNativeEvent]' passed (0.000 seconds).
Test Case '-[DiskStewardCoreTests.MonitoringTests testGrowthInsideAndOutsideWatchedRootBecomesDetailedAndUnexplained]' started.
Test Case '-[DiskStewardCoreTests.MonitoringTests testGrowthInsideAndOutsideWatchedRootBecomesDetailedAndUnexplained]' passed (0.001 seconds).
Test Case '-[DiskStewardCoreTests.MonitoringTests testMetadataScannerDerivesBoundedChangesWithoutReadingContents]' started.
Test Case '-[DiskStewardCoreTests.MonitoringTests testMetadataScannerDerivesBoundedChangesWithoutReadingContents]' passed (0.001 seconds).
Test Case '-[DiskStewardCoreTests.MonitoringTests testMetadataScannerPreservesSharedIdentityAndLinkCountForHardLinks]' started.
Test Case '-[DiskStewardCoreTests.MonitoringTests testMetadataScannerPreservesSharedIdentityAndLinkCountForHardLinks]' passed (0.001 seconds).
Test Case '-[DiskStewardCoreTests.MonitoringTests testMetadataScannerReportsUnavailableAndEntryLimit]' started.
Test Case '-[DiskStewardCoreTests.MonitoringTests testMetadataScannerReportsUnavailableAndEntryLimit]' passed (0.001 seconds).
Test Case '-[DiskStewardCoreTests.MonitoringTests testNativeFSEventsCollectorEmitsRescanHintForWatchedRoot]' started.
Test Case '-[DiskStewardCoreTests.MonitoringTests testNativeFSEventsCollectorEmitsRescanHintForWatchedRoot]' passed (0.012 seconds).
Test Case '-[DiskStewardCoreTests.MonitoringTests testNativeFSEventsContextOwnsHandlerUntilStreamStops]' started.
Test Case '-[DiskStewardCoreTests.MonitoringTests testNativeFSEventsContextOwnsHandlerUntilStreamStops]' passed (0.014 seconds).
Test Case '-[DiskStewardCoreTests.MonitoringTests testPolicyCombinesStableRegisteredAndActiveInvestigationRoots]' started.
Test Case '-[DiskStewardCoreTests.MonitoringTests testPolicyCombinesStableRegisteredAndActiveInvestigationRoots]' passed (0.001 seconds).
Test Case '-[DiskStewardCoreTests.MonitoringTests testWholeVolumeSamplerReturnsMountedVolumeMetrics]' started.
Test Case '-[DiskStewardCoreTests.MonitoringTests testWholeVolumeSamplerReturnsMountedVolumeMetrics]' passed (0.008 seconds).
Test Case '-[DiskStewardCoreTests.MonitoringTests testWriteCoalescerMergesOnlyMatchingPathAndOperationInWindow]' started.
Test Case '-[DiskStewardCoreTests.MonitoringTests testWriteCoalescerMergesOnlyMatchingPathAndOperationInWindow]' passed (0.000 seconds).
Test Suite 'MonitoringTests' passed at 2026-09-17 17:05:21.423.
	 Executed 15 tests, with 0 failures (0 unexpected) in 0.042 (0.043) seconds
Test Suite 'NativeClientLifecycleTests' started at 2026-09-17 17:05:21.423.
Test Case '-[DiskStewardAppTests.NativeClientLifecycleTests testNativeClientsInIsolatedProfiles]' started.
/private/tmp/disk-steward-522-lifecycle-dev.9CYz1T/Tests/DiskStewardAppTests/AgentIntegrations/NativeClientLifecycleTests.swift:10: -[DiskStewardAppTests.NativeClientLifecycleTests testNativeClientsInIsolatedProfiles] : Test skipped - Set DISK_STEWARD_NATIVE_CLIENT_TESTS=1 for isolated installed-client acceptance
Test Case '-[DiskStewardAppTests.NativeClientLifecycleTests testNativeClientsInIsolatedProfiles]' skipped (0.000 seconds).
Test Suite 'NativeClientLifecycleTests' passed at 2026-09-17 17:05:21.423.
	 Executed 1 test, with 1 test skipped and 0 failures (0 unexpected) in 0.000 (0.001) seconds
Test Suite 'NotificationDeliveryTests' started at 2026-09-17 17:05:21.423.
Test Case '-[DiskStewardAppTests.NotificationDeliveryTests testAlreadyCancelledDeliveryDoesNotContactCenter]' started.
Test Case '-[DiskStewardAppTests.NotificationDeliveryTests testAlreadyCancelledDeliveryDoesNotContactCenter]' passed (0.000 seconds).
Test Case '-[DiskStewardAppTests.NotificationDeliveryTests testAuthorizedProvisionalAndNewlyGrantedDeliveryPreservePayload]' started.
Test Case '-[DiskStewardAppTests.NotificationDeliveryTests testAuthorizedProvisionalAndNewlyGrantedDeliveryPreservePayload]' passed (0.000 seconds).
Test Case '-[DiskStewardAppTests.NotificationDeliveryTests testDeniedRefusedAndFailedAuthorizationDoNotSubmit]' started.
Test Case '-[DiskStewardAppTests.NotificationDeliveryTests testDeniedRefusedAndFailedAuthorizationDoNotSubmit]' passed (0.000 seconds).
Test Case '-[DiskStewardAppTests.NotificationDeliveryTests testQuitDeadlineDoesNotClaimAnUnfinishedSubmissionDrained]' started.
Test Case '-[DiskStewardAppTests.NotificationDeliveryTests testQuitDeadlineDoesNotClaimAnUnfinishedSubmissionDrained]' passed (0.001 seconds).
Test Case '-[DiskStewardAppTests.NotificationDeliveryTests testStopDuringAuthorizationPreventsSubmission]' started.
Test Case '-[DiskStewardAppTests.NotificationDeliveryTests testStopDuringAuthorizationPreventsSubmission]' passed (0.001 seconds).
Test Case '-[DiskStewardAppTests.NotificationDeliveryTests testStopDuringSettingsReadPreventsPromptAndSubmission]' started.
Test Case '-[DiskStewardAppTests.NotificationDeliveryTests testStopDuringSettingsReadPreventsPromptAndSubmission]' passed (0.002 seconds).
Test Case '-[DiskStewardAppTests.NotificationDeliveryTests testSubmittedAlertCanCompleteButCancellationStopsTheNextAlert]' started.
Test Case '-[DiskStewardAppTests.NotificationDeliveryTests testSubmittedAlertCanCompleteButCancellationStopsTheNextAlert]' passed (0.001 seconds).
Test Suite 'NotificationDeliveryTests' passed at 2026-09-17 17:05:21.430.
	 Executed 7 tests, with 0 failures (0 unexpected) in 0.006 (0.007) seconds
Test Suite 'PerformanceTests' started at 2026-09-17 17:05:21.430.
Test Case '-[PerformanceTests.PerformanceTests testCircuitBreakerStopsMemoryStorageAndBackpressureButNotCPUAlone]' started.
Test Case '-[PerformanceTests.PerformanceTests testCircuitBreakerStopsMemoryStorageAndBackpressureButNotCPUAlone]' passed (0.000 seconds).
Test Case '-[PerformanceTests.PerformanceTests testLiveResourceMeasurementCountsDatabaseWALAndSharedMemory]' started.
Test Case '-[PerformanceTests.PerformanceTests testLiveResourceMeasurementCountsDatabaseWALAndSharedMemory]' passed (0.002 seconds).
Test Case '-[PerformanceTests.PerformanceTests testResourceHistoryAndDatabaseBudgetStayBounded]' started.
Test Case '-[PerformanceTests.PerformanceTests testResourceHistoryAndDatabaseBudgetStayBounded]' passed (0.004 seconds).
Test Case '-[PerformanceTests.PerformanceTests testSeventyTwoHourEquivalentEvidenceSoakStaysBounded]' started.
Test Case '-[PerformanceTests.PerformanceTests testSeventyTwoHourEquivalentEvidenceSoakStaysBounded]' passed (0.368 seconds).
Test Case '-[PerformanceTests.PerformanceTests testSustainedEventStormRemainsBoundedAndReportsEveryDrop]' started.
Test Case '-[PerformanceTests.PerformanceTests testSustainedEventStormRemainsBoundedAndReportsEveryDrop]' passed (1.371 seconds).
Test Suite 'PerformanceTests' passed at 2026-09-17 17:05:23.175.
	 Executed 5 tests, with 0 failures (0 unexpected) in 1.745 (1.746) seconds
Test Suite 'PersistentRecorderIncrementTests' started at 2026-09-17 17:05:23.176.
Test Case '-[IncrementTests.PersistentRecorderIncrementTests testMonitoredGrowthPersistsNotifiesExportsAndRecoversAfterRestart]' started.
Test Case '-[IncrementTests.PersistentRecorderIncrementTests testMonitoredGrowthPersistsNotifiesExportsAndRecoversAfterRestart]' passed (0.058 seconds).
Test Suite 'PersistentRecorderIncrementTests' passed at 2026-09-17 17:05:23.234.
	 Executed 1 test, with 0 failures (0 unexpected) in 0.058 (0.058) seconds
Test Suite 'ProductIdentityTests' started at 2026-09-17 17:05:23.234.
Test Case '-[FoundationTests.ProductIdentityTests testStableEvidenceIdentity]' started.
Test Case '-[FoundationTests.ProductIdentityTests testStableEvidenceIdentity]' passed (0.000 seconds).
Test Suite 'ProductIdentityTests' passed at 2026-09-17 17:05:23.234.
	 Executed 1 test, with 0 failures (0 unexpected) in 0.000 (0.000) seconds
Test Suite 'ProvenanceEngineTests' started at 2026-09-17 17:05:23.234.
Test Case '-[DiskStewardCoreTests.ProvenanceEngineTests testAmbiguousWorkspaceGapAndMismatchedPrivilegedEvidenceStayUnknown]' started.
Test Case '-[DiskStewardCoreTests.ProvenanceEngineTests testAmbiguousWorkspaceGapAndMismatchedPrivilegedEvidenceStayUnknown]' passed (0.000 seconds).
Test Case '-[DiskStewardCoreTests.ProvenanceEngineTests testExactWriterLinksOnlyToCorrectAuthenticatedTaskByFullProcessIdentity]' started.
Test Case '-[DiskStewardCoreTests.ProvenanceEngineTests testExactWriterLinksOnlyToCorrectAuthenticatedTaskByFullProcessIdentity]' passed (0.000 seconds).
Test Case '-[DiskStewardCoreTests.ProvenanceEngineTests testGapsHistoricalEvidenceAndIncompleteObserverCannotClaimExact]' started.
Test Case '-[DiskStewardCoreTests.ProvenanceEngineTests testGapsHistoricalEvidenceAndIncompleteObserverCannotClaimExact]' passed (0.000 seconds).
Test Case '-[DiskStewardCoreTests.ProvenanceEngineTests testGoldenCreateGrowAndRenameHaveDirectCausalSupport]' started.
Test Case '-[DiskStewardCoreTests.ProvenanceEngineTests testGoldenCreateGrowAndRenameHaveDirectCausalSupport]' passed (0.000 seconds).
Test Case '-[DiskStewardCoreTests.ProvenanceEngineTests testUIExportAndMCPReceiveIdenticalSupportAndFixturesAreInspectable]' started.
Test Case '-[DiskStewardCoreTests.ProvenanceEngineTests testUIExportAndMCPReceiveIdenticalSupportAndFixturesAreInspectable]' passed (0.000 seconds).
Test Suite 'ProvenanceEngineTests' passed at 2026-09-17 17:05:23.235.
	 Executed 5 tests, with 0 failures (0 unexpected) in 0.001 (0.001) seconds
Test Suite 'RemainingClientsAdapterTests' started at 2026-09-17 17:05:23.235.
Test Case '-[DiskStewardAppTests.RemainingClientsAdapterTests testClaudeDesktopDirectSetupPreservesForeignKeysAndMakesBackup]' started.
Test Case '-[DiskStewardAppTests.RemainingClientsAdapterTests testClaudeDesktopDirectSetupPreservesForeignKeysAndMakesBackup]' passed (0.002 seconds).
Test Case '-[DiskStewardAppTests.RemainingClientsAdapterTests testClientOwnedRepairRetainsPreviousOwnershipUntilApproval]' started.
Test Case '-[DiskStewardAppTests.RemainingClientsAdapterTests testClientOwnedRepairRetainsPreviousOwnershipUntilApproval]' passed (0.012 seconds).
Test Case '-[DiskStewardAppTests.RemainingClientsAdapterTests testCursorSetupUsesClientOwnedInstallLinkAndBecomesApprovalPending]' started.
Test Case '-[DiskStewardAppTests.RemainingClientsAdapterTests testCursorSetupUsesClientOwnedInstallLinkAndBecomesApprovalPending]' passed (0.001 seconds).
Test Case '-[DiskStewardAppTests.RemainingClientsAdapterTests testForeignEntryFailsClosedAndRemovalPreservesOtherEntries]' started.
Test Case '-[DiskStewardAppTests.RemainingClientsAdapterTests testForeignEntryFailsClosedAndRemovalPreservesOtherEntries]' passed (0.001 seconds).
Test Case '-[DiskStewardAppTests.RemainingClientsAdapterTests testHandoffReceiptFailureDoesNotOpenClientPrompt]' started.
Test Case '-[DiskStewardAppTests.RemainingClientsAdapterTests testHandoffReceiptFailureDoesNotOpenClientPrompt]' passed (0.000 seconds).
Test Case '-[DiskStewardAppTests.RemainingClientsAdapterTests testMalformedContainerAndModifiedEnvironmentAreNeverOverwritten]' started.
Test Case '-[DiskStewardAppTests.RemainingClientsAdapterTests testMalformedContainerAndModifiedEnvironmentAreNeverOverwritten]' passed (0.002 seconds).
Test Case '-[DiskStewardAppTests.RemainingClientsAdapterTests testManualAdapterCopiesPortableConfigAndExplainsClientOwnedRemoval]' started.
Test Case '-[DiskStewardAppTests.RemainingClientsAdapterTests testManualAdapterCopiesPortableConfigAndExplainsClientOwnedRemoval]' passed (0.000 seconds).
Test Case '-[DiskStewardAppTests.RemainingClientsAdapterTests testOwnedDirectEntryCanVerifyRepairAndRemoveWithoutTouchingForeignEntry]' started.
Test Case '-[DiskStewardAppTests.RemainingClientsAdapterTests testOwnedDirectEntryCanVerifyRepairAndRemoveWithoutTouchingForeignEntry]' passed (0.004 seconds).
Test Case '-[DiskStewardAppTests.RemainingClientsAdapterTests testVerificationRejectsOldConfiguredHelperBeforeInvokingNewHelper]' started.
Test Case '-[DiskStewardAppTests.RemainingClientsAdapterTests testVerificationRejectsOldConfiguredHelperBeforeInvokingNewHelper]' passed (0.001 seconds).
Test Case '-[DiskStewardAppTests.RemainingClientsAdapterTests testVSCodeInstallLinkCarriesAStdioDefinition]' started.
Test Case '-[DiskStewardAppTests.RemainingClientsAdapterTests testVSCodeInstallLinkCarriesAStdioDefinition]' passed (0.001 seconds).
Test Suite 'RemainingClientsAdapterTests' passed at 2026-09-17 17:05:23.260.
	 Executed 10 tests, with 0 failures (0 unexpected) in 0.024 (0.025) seconds
Test Suite 'RequestCancellationTests' started at 2026-09-17 17:05:23.260.
Test Case '-[DiskStewardAppTests.RequestCancellationTests testConstrainedExecutorProcessFixture]' started.
Test Case '-[DiskStewardAppTests.RequestCancellationTests testConstrainedExecutorProcessFixture]' passed (0.000 seconds).
Test Case '-[DiskStewardAppTests.RequestCancellationTests testDeadlineCancelsActualHandlerWork]' started.
Test Case '-[DiskStewardAppTests.RequestCancellationTests testDeadlineCancelsActualHandlerWork]' passed (0.229 seconds).
Test Case '-[DiskStewardAppTests.RequestCancellationTests testDisconnectCancelsActualHandlerWork]' started.
Test Case '-[DiskStewardAppTests.RequestCancellationTests testDisconnectCancelsActualHandlerWork]' passed (0.151 seconds).
Test Case '-[DiskStewardAppTests.RequestCancellationTests testDisconnectWithUnreadTrailingBytesStillCancelsWork]' started.
Test Case '-[DiskStewardAppTests.RequestCancellationTests testDisconnectWithUnreadTrailingBytesStillCancelsWork]' passed (0.044 seconds).
Test Case '-[DiskStewardAppTests.RequestCancellationTests testRevokedUncooperativeWorkStaysCountedAcrossRestarts]' started.
Test Case '-[DiskStewardAppTests.RequestCancellationTests testRevokedUncooperativeWorkStaysCountedAcrossRestarts]' passed (0.061 seconds).
Test Case '-[DiskStewardAppTests.RequestCancellationTests testSlowPeersDoNotStarveEvidenceStoreOnConstrainedExecutor]' started.
Test Case '-[DiskStewardAppTests.RequestCancellationTests testSlowPeersDoNotStarveEvidenceStoreOnConstrainedExecutor]' passed (0.682 seconds).
Test Case '-[DiskStewardAppTests.RequestCancellationTests testStopCancelsActualHandlerWorkAndRestartCanServe]' started.
Test Case '-[DiskStewardAppTests.RequestCancellationTests testStopCancelsActualHandlerWorkAndRestartCanServe]' passed (0.033 seconds).
Test Case '-[DiskStewardAppTests.RequestCancellationTests testWriteHalfCloseStillAllowsResponse]' started.
Test Case '-[DiskStewardAppTests.RequestCancellationTests testWriteHalfCloseStillAllowsResponse]' passed (0.111 seconds).
Test Suite 'RequestCancellationTests' passed at 2026-09-17 17:05:24.571.
	 Executed 8 tests, with 0 failures (0 unexpected) in 1.310 (1.312) seconds
Test Suite 'RetentionScheduleTests' started at 2026-09-17 17:05:24.572.
Test Case '-[DiskStewardAppTests.RetentionScheduleTests testStartupSixHourAndPressureSchedulingBoundaries]' started.
Test Case '-[DiskStewardAppTests.RetentionScheduleTests testStartupSixHourAndPressureSchedulingBoundaries]' passed (0.000 seconds).
Test Suite 'RetentionScheduleTests' passed at 2026-09-17 17:05:24.572.
	 Executed 1 test, with 0 failures (0 unexpected) in 0.000 (0.001) seconds
Test Suite 'SQLiteCancellationTests' started at 2026-09-17 17:05:24.572.
Test Case '-[DiskStewardCoreTests.SQLiteCancellationTests testAlreadyCancelledWorkCannotStartAShortWrite]' started.
Test Case '-[DiskStewardCoreTests.SQLiteCancellationTests testAlreadyCancelledWorkCannotStartAShortWrite]' passed (0.004 seconds).
Test Case '-[DiskStewardCoreTests.SQLiteCancellationTests testCancellationBetweenBackupPagesRollsBackAndReleasesDestination]' started.
Test Case '-[DiskStewardCoreTests.SQLiteCancellationTests testCancellationBetweenBackupPagesRollsBackAndReleasesDestination]' passed (0.021 seconds).
Test Case '-[DiskStewardCoreTests.SQLiteCancellationTests testCancellationDuringRowsInterruptsAndDiscardsPartialResult]' started.
Test Case '-[DiskStewardCoreTests.SQLiteCancellationTests testCancellationDuringRowsInterruptsAndDiscardsPartialResult]' passed (0.001 seconds).
Test Case '-[DiskStewardCoreTests.SQLiteCancellationTests testCancellationInterruptsLockWaitWithoutWaitingFiveSeconds]' started.
Test Case '-[DiskStewardCoreTests.SQLiteCancellationTests testCancellationInterruptsLockWaitWithoutWaitingFiveSeconds]' passed (0.062 seconds).
Test Case '-[DiskStewardCoreTests.SQLiteCancellationTests testCancelledTransactionRollsBackAndConnectionRemainsUsable]' started.
Test Case '-[DiskStewardCoreTests.SQLiteCancellationTests testCancelledTransactionRollsBackAndConnectionRemainsUsable]' passed (0.002 seconds).
Test Case '-[DiskStewardCoreTests.SQLiteCancellationTests testSocketDeadlineInterruptsSQLiteInsideActorAndThenRecovers]' started.
Test Case '-[DiskStewardCoreTests.SQLiteCancellationTests testSocketDeadlineInterruptsSQLiteInsideActorAndThenRecovers]' passed (0.214 seconds).
Test Suite 'SQLiteCancellationTests' passed at 2026-09-17 17:05:24.876.
	 Executed 6 tests, with 0 failures (0 unexpected) in 0.303 (0.304) seconds
Test Suite 'SafetyTests' started at 2026-09-17 17:05:24.876.
Test Case '-[SafetyTests.SafetyTests testBudgetEvaluatorMakesOverloadAndLossVisible]' started.
Test Case '-[SafetyTests.SafetyTests testBudgetEvaluatorMakesOverloadAndLossVisible]' passed (0.000 seconds).
Test Case '-[SafetyTests.SafetyTests testExcludedRootsAndPathDetailAreDeterministic]' started.
Test Case '-[SafetyTests.SafetyTests testExcludedRootsAndPathDetailAreDeterministic]' passed (0.000 seconds).
Test Case '-[SafetyTests.SafetyTests testPermissionRefusalKeepsFallbackVisibleAndAvailable]' started.
Test Case '-[SafetyTests.SafetyTests testPermissionRefusalKeepsFallbackVisibleAndAvailable]' passed (0.000 seconds).
Test Case '-[SafetyTests.SafetyTests testSensitiveValuesNeverAppearInFilteredMetadata]' started.
Test Case '-[SafetyTests.SafetyTests testSensitiveValuesNeverAppearInFilteredMetadata]' passed (0.011 seconds).
Test Case '-[SafetyTests.SafetyTests testUninstallPreservesEvidenceUnlessUserExplicitlyChoosesExportThenDelete]' started.
Test Case '-[SafetyTests.SafetyTests testUninstallPreservesEvidenceUnlessUserExplicitlyChoosesExportThenDelete]' passed (0.000 seconds).
Test Suite 'SafetyTests' passed at 2026-09-17 17:05:24.888.
	 Executed 5 tests, with 0 failures (0 unexpected) in 0.011 (0.011) seconds
Test Suite 'ScanPublicationFenceTests' started at 2026-09-17 17:05:24.888.
Test Case '-[DiskStewardCoreTests.ScanPublicationFenceTests testCancellationInsideGuardedCommitPreservesErrorAndConnectionRecovery]' started.
Test Case '-[DiskStewardCoreTests.ScanPublicationFenceTests testCancellationInsideGuardedCommitPreservesErrorAndConnectionRecovery]' passed (0.002 seconds).
Test Case '-[DiskStewardCoreTests.ScanPublicationFenceTests testGuardedCommitDoesNotWaitForAConflictingSQLiteReader]' started.
Test Case '-[DiskStewardCoreTests.ScanPublicationFenceTests testGuardedCommitDoesNotWaitForAConflictingSQLiteReader]' passed (0.001 seconds).
Test Case '-[DiskStewardCoreTests.ScanPublicationFenceTests testPendingAndNewerReceiptsCannotBeAcknowledgedByAnOlderCompletion]' started.
Test Case '-[DiskStewardCoreTests.ScanPublicationFenceTests testPendingAndNewerReceiptsCannotBeAcknowledgedByAnOlderCompletion]' passed (0.000 seconds).
Test Case '-[DiskStewardCoreTests.ScanPublicationFenceTests testReceiptAfterPublicationDoesNotRetroactivelyUndoTheCommittedObservation]' started.
Test Case '-[DiskStewardCoreTests.ScanPublicationFenceTests testReceiptAfterPublicationDoesNotRetroactivelyUndoTheCommittedObservation]' passed (0.013 seconds).
Test Case '-[DiskStewardCoreTests.ScanPublicationFenceTests testReceiptBeforeStoreAdmissionRejectsWithoutStartingStaging]' started.
Test Case '-[DiskStewardCoreTests.ScanPublicationFenceTests testReceiptBeforeStoreAdmissionRejectsWithoutStartingStaging]' passed (0.009 seconds).
Test Case '-[DiskStewardCoreTests.ScanPublicationFenceTests testReceiptDuringPreparedPublicationRollsBackCurrentStateAndRecovers]' started.
Test Case '-[DiskStewardCoreTests.ScanPublicationFenceTests testReceiptDuringPreparedPublicationRollsBackCurrentStateAndRecovers]' passed (0.044 seconds).
Test Case '-[DiskStewardCoreTests.ScanPublicationFenceTests testSupersededCommitRollsBackAndLeavesConnectionReusable]' started.
Test Case '-[DiskStewardCoreTests.ScanPublicationFenceTests testSupersededCommitRollsBackAndLeavesConnectionReusable]' passed (0.001 seconds).
Test Suite 'ScanPublicationFenceTests' passed at 2026-09-17 17:05:24.958.
	 Executed 7 tests, with 0 failures (0 unexpected) in 0.070 (0.070) seconds
Test Suite 'SnapshotExporterTests' started at 2026-09-17 17:05:24.958.
Test Case '-[DiskStewardCoreTests.SnapshotExporterTests testExportIsDeterministicSchemaValidAndIntegrityChecked]' started.
Test Case '-[DiskStewardCoreTests.SnapshotExporterTests testExportIsDeterministicSchemaValidAndIntegrityChecked]' passed (0.001 seconds).
Test Case '-[DiskStewardCoreTests.SnapshotExporterTests testLiveCurrentDataVolumeCanBeExported]' started.
Test Case '-[DiskStewardCoreTests.SnapshotExporterTests testLiveCurrentDataVolumeCanBeExported]' passed (0.007 seconds).
Test Case '-[DiskStewardCoreTests.SnapshotExporterTests testUnsafeBundleIdentifierCannotEscapeDestination]' started.
Test Case '-[DiskStewardCoreTests.SnapshotExporterTests testUnsafeBundleIdentifierCannotEscapeDestination]' passed (0.000 seconds).
Test Suite 'SnapshotExporterTests' passed at 2026-09-17 17:05:24.966.
	 Executed 3 tests, with 0 failures (0 unexpected) in 0.008 (0.008) seconds
Test Suite 'SnapshotIncrementTests' started at 2026-09-17 17:05:24.966.
Test Case '-[IncrementTests.SnapshotIncrementTests testLiveSnapshotRendersAndDeterministicExportIsInspectable]' started.
Test Case '-[IncrementTests.SnapshotIncrementTests testLiveSnapshotRendersAndDeterministicExportIsInspectable]' passed (0.006 seconds).
Test Suite 'SnapshotIncrementTests' passed at 2026-09-17 17:05:24.973.
	 Executed 1 test, with 0 failures (0 unexpected) in 0.006 (0.006) seconds
Test Suite 'SocketOwnershipRegressionTests' started at 2026-09-17 17:05:24.973.
Test Case '-[DiskStewardAppTests.SocketOwnershipRegressionTests testAbruptProcessDeathReleasesLeaseAndRecoversRecordedSocket]' started.
Test Case '-[DiskStewardAppTests.SocketOwnershipRegressionTests testAbruptProcessDeathReleasesLeaseAndRecoversRecordedSocket]' passed (0.031 seconds).
Test Case '-[DiskStewardAppTests.SocketOwnershipRegressionTests testCrashOwnerProcessFixture]' started.
Test Case '-[DiskStewardAppTests.SocketOwnershipRegressionTests testCrashOwnerProcessFixture]' passed (0.000 seconds).
Test Case '-[DiskStewardAppTests.SocketOwnershipRegressionTests testCrashRecoveryPreservesReplacedStagingDirectoryAndRegularFile]' started.
Test Case '-[DiskStewardAppTests.SocketOwnershipRegressionTests testCrashRecoveryPreservesReplacedStagingDirectoryAndRegularFile]' passed (0.059 seconds).
Test Case '-[DiskStewardAppTests.SocketOwnershipRegressionTests testEveryStartupCrashBoundaryRecoversIncludingTornJournal]' started.
Test Case '-[DiskStewardAppTests.SocketOwnershipRegressionTests testEveryStartupCrashBoundaryRecoversIncludingTornJournal]' passed (0.296 seconds).
Test Case '-[DiskStewardAppTests.SocketOwnershipRegressionTests testFailedStartPreservesRegularAndSymlinkOccupantsAndCanRetry]' started.
Test Case '-[DiskStewardAppTests.SocketOwnershipRegressionTests testFailedStartPreservesRegularAndSymlinkOccupantsAndCanRetry]' passed (0.002 seconds).
Test Case '-[DiskStewardAppTests.SocketOwnershipRegressionTests testLeaseCanBeReacquiredAfterNormalStop]' started.
Test Case '-[DiskStewardAppTests.SocketOwnershipRegressionTests testLeaseCanBeReacquiredAfterNormalStop]' passed (0.001 seconds).
Test Case '-[DiskStewardAppTests.SocketOwnershipRegressionTests testLeaseRefusesSymlinkAndNonPrivateLock]' started.
Test Case '-[DiskStewardAppTests.SocketOwnershipRegressionTests testLeaseRefusesSymlinkAndNonPrivateLock]' passed (0.000 seconds).
Test Case '-[DiskStewardAppTests.SocketOwnershipRegressionTests testNearCapacityPublicSocketPathStillConnectsAndRestarts]' started.
Test Case '-[DiskStewardAppTests.SocketOwnershipRegressionTests testNearCapacityPublicSocketPathStillConnectsAndRestarts]' passed (0.002 seconds).
Test Case '-[DiskStewardAppTests.SocketOwnershipRegressionTests testPersistentLeaseInodeIsReusedAndHardLinksAreRejected]' started.
Test Case '-[DiskStewardAppTests.SocketOwnershipRegressionTests testPersistentLeaseInodeIsReusedAndHardLinksAreRejected]' passed (0.001 seconds).
Test Case '-[DiskStewardAppTests.SocketOwnershipRegressionTests testPublicationRefusesAnOccupantCreatedAfterTheInitialCheck]' started.
Test Case '-[DiskStewardAppTests.SocketOwnershipRegressionTests testPublicationRefusesAnOccupantCreatedAfterTheInitialCheck]' passed (0.001 seconds).
Test Case '-[DiskStewardAppTests.SocketOwnershipRegressionTests testRapidRestartKeepsFirstRequestResponsive]' started.
Test Case '-[DiskStewardAppTests.SocketOwnershipRegressionTests testRapidRestartKeepsFirstRequestResponsive]' passed (0.023 seconds).
Test Case '-[DiskStewardAppTests.SocketOwnershipRegressionTests testSecondServerCannotReplaceLiveEndpointOrRemoveItOnFailedStart]' started.
Test Case '-[DiskStewardAppTests.SocketOwnershipRegressionTests testSecondServerCannotReplaceLiveEndpointOrRemoveItOnFailedStart]' passed (0.001 seconds).
Test Case '-[DiskStewardAppTests.SocketOwnershipRegressionTests testSocketReadDeadlineCapAndDisconnectedWrite]' started.
Test Case '-[DiskStewardAppTests.SocketOwnershipRegressionTests testSocketReadDeadlineCapAndDisconnectedWrite]' passed (0.051 seconds).
Test Case '-[DiskStewardAppTests.SocketOwnershipRegressionTests testStopDoesNotCloseListenerUntilItsPendingHandlerDrains]' started.
Test Case '-[DiskStewardAppTests.SocketOwnershipRegressionTests testStopDoesNotCloseListenerUntilItsPendingHandlerDrains]' passed (0.002 seconds).
Test Case '-[DiskStewardAppTests.SocketOwnershipRegressionTests testStopPreservesAReplacementSocketAndItsPendingConnections]' started.
Test Case '-[DiskStewardAppTests.SocketOwnershipRegressionTests testStopPreservesAReplacementSocketAndItsPendingConnections]' passed (0.001 seconds).
Test Case '-[DiskStewardAppTests.SocketOwnershipRegressionTests testThrowingStartupCheckpointsCleanOnlyOwnedResources]' started.
Test Case '-[DiskStewardAppTests.SocketOwnershipRegressionTests testThrowingStartupCheckpointsCleanOnlyOwnedResources]' passed (0.006 seconds).
Test Case '-[DiskStewardAppTests.SocketOwnershipRegressionTests testUnknownListenerIsPreservedWithoutAnyProbeConnection]' started.
Test Case '-[DiskStewardAppTests.SocketOwnershipRegressionTests testUnknownListenerIsPreservedWithoutAnyProbeConnection]' passed (0.000 seconds).
Test Suite 'SocketOwnershipRegressionTests' passed at 2026-09-17 17:05:25.451.
	 Executed 17 tests, with 0 failures (0 unexpected) in 0.477 (0.479) seconds
Test Suite 'StatusBoardEvidenceExportTests' started at 2026-09-17 17:05:25.451.
Test Case '-[DiskStewardAppTests.StatusBoardEvidenceExportTests testActualViewModelPathExportsDurableBundleRevealsItAndRecordsManualOwnership]' started.
Test Case '-[DiskStewardAppTests.StatusBoardEvidenceExportTests testActualViewModelPathExportsDurableBundleRevealsItAndRecordsManualOwnership]' passed (0.026 seconds).
Test Case '-[DiskStewardAppTests.StatusBoardEvidenceExportTests testUnavailableOrFailedDurableExporterReportsFailureAndResetsBusyState]' started.
Test Case '-[DiskStewardAppTests.StatusBoardEvidenceExportTests testUnavailableOrFailedDurableExporterReportsFailureAndResetsBusyState]' passed (0.000 seconds).
Test Suite 'StatusBoardEvidenceExportTests' passed at 2026-09-17 17:05:25.477.
	 Executed 2 tests, with 0 failures (0 unexpected) in 0.026 (0.026) seconds
Test Suite 'StatusBoardPresentationTests' started at 2026-09-17 17:05:25.477.
Test Case '-[DiskStewardAppTests.StatusBoardPresentationTests testCapacityHealthAndGrowthUseUnambiguousText]' started.
Test Case '-[DiskStewardAppTests.StatusBoardPresentationTests testCapacityHealthAndGrowthUseUnambiguousText]' passed (0.000 seconds).
Test Case '-[DiskStewardAppTests.StatusBoardPresentationTests testLightAndDarkStatusBoardRenderAtCompactWidth]' started.
Test Case '-[DiskStewardAppTests.StatusBoardPresentationTests testLightAndDarkStatusBoardRenderAtCompactWidth]' passed (0.128 seconds).
Test Case '-[DiskStewardAppTests.StatusBoardPresentationTests testStateMatrixHasDeterministicCopyActionsAndTextualAccessibility]' started.
Test Case '-[DiskStewardAppTests.StatusBoardPresentationTests testStateMatrixHasDeterministicCopyActionsAndTextualAccessibility]' passed (0.000 seconds).
Test Suite 'StatusBoardPresentationTests' passed at 2026-09-17 17:05:25.606.
	 Executed 3 tests, with 0 failures (0 unexpected) in 0.128 (0.128) seconds
Test Suite 'StdioBudgetTests' started at 2026-09-17 17:05:25.606.
Test Case '-[DiskStewardMCPTests.StdioBudgetTests testEightFrameLimitCountsTheStalledCurrentFrame]' started.
Test Case '-[DiskStewardMCPTests.StdioBudgetTests testEightFrameLimitCountsTheStalledCurrentFrame]' passed (0.016 seconds).
Test Case '-[DiskStewardMCPTests.StdioBudgetTests testExactFourMiBPayloadIsAcceptedWithItsFramingNewline]' started.
Test Case '-[DiskStewardMCPTests.StdioBudgetTests testExactFourMiBPayloadIsAcceptedWithItsFramingNewline]' passed (0.087 seconds).
Test Case '-[DiskStewardMCPTests.StdioBudgetTests testFrameLimitAppliesToEveryResponseIncludingControlMessages]' started.
Test Case '-[DiskStewardMCPTests.StdioBudgetTests testFrameLimitAppliesToEveryResponseIncludingControlMessages]' passed (0.034 seconds).
Test Case '-[DiskStewardMCPTests.StdioBudgetTests testNonReadingPipeCannotGrowResponseQueueBeyondBudget]' started.
Test Case '-[DiskStewardMCPTests.StdioBudgetTests testNonReadingPipeCannotGrowResponseQueueBeyondBudget]' passed (0.053 seconds).
Test Suite 'StdioBudgetTests' passed at 2026-09-17 17:05:25.797.
	 Executed 4 tests, with 0 failures (0 unexpected) in 0.191 (0.191) seconds
Test Suite 'StorageSnapshotTests' started at 2026-09-17 17:05:25.797.
Test Case '-[DiskStewardCoreTests.StorageSnapshotTests testCurrentDataVolumeLiveSmoke]' started.
Test Case '-[DiskStewardCoreTests.StorageSnapshotTests testCurrentDataVolumeLiveSmoke]' passed (0.007 seconds).
Test Case '-[DiskStewardCoreTests.StorageSnapshotTests testSnapshotFixtureIsDeterministicAndSchemaValid]' started.
Test Case '-[DiskStewardCoreTests.StorageSnapshotTests testSnapshotFixtureIsDeterministicAndSchemaValid]' passed (0.000 seconds).
Test Case '-[DiskStewardCoreTests.StorageSnapshotTests testVolumeCapacityClampsInvalidFixtureValues]' started.
Test Case '-[DiskStewardCoreTests.StorageSnapshotTests testVolumeCapacityClampsInvalidFixtureValues]' passed (0.000 seconds).
Test Suite 'StorageSnapshotTests' passed at 2026-09-17 17:05:25.805.
	 Executed 3 tests, with 0 failures (0 unexpected) in 0.007 (0.008) seconds
Test Suite 'TaskImpactCorrelationTests' started at 2026-09-17 17:05:25.805.
Test Case '-[DiskStewardCoreTests.TaskImpactCorrelationTests testDescendantWriterLinksOnlyToCorrectConcurrentTask]' started.
Test Case '-[DiskStewardCoreTests.TaskImpactCorrelationTests testDescendantWriterLinksOnlyToCorrectConcurrentTask]' passed (0.000 seconds).
Test Case '-[DiskStewardCoreTests.TaskImpactCorrelationTests testExpiredSessionAndReusedPIDCannotClaimNewEvent]' started.
Test Case '-[DiskStewardCoreTests.TaskImpactCorrelationTests testExpiredSessionAndReusedPIDCannotClaimNewEvent]' passed (0.000 seconds).
Test Case '-[DiskStewardCoreTests.TaskImpactCorrelationTests testOverlappingWorkspaceWithoutWriterStaysUnknownAndDoesNotLeakAcrossTasks]' started.
Test Case '-[DiskStewardCoreTests.TaskImpactCorrelationTests testOverlappingWorkspaceWithoutWriterStaysUnknownAndDoesNotLeakAcrossTasks]' passed (0.000 seconds).
Test Case '-[DiskStewardCoreTests.TaskImpactCorrelationTests testUniqueWorkspaceDowngradesToInferredAndImpactSumsOnlyLinkedEvents]' started.
Test Case '-[DiskStewardCoreTests.TaskImpactCorrelationTests testUniqueWorkspaceDowngradesToInferredAndImpactSumsOnlyLinkedEvents]' passed (0.000 seconds).
Test Suite 'TaskImpactCorrelationTests' passed at 2026-09-17 17:05:25.806.
	 Executed 4 tests, with 0 failures (0 unexpected) in 0.000 (0.001) seconds
Test Suite 'ThresholdNotificationPolicyTests' started at 2026-09-17 17:05:25.806.
Test Case '-[DiskStewardAppTests.ThresholdNotificationPolicyTests testCapacityAndGrowthCrossingsHaveDistinctEvidenceMessages]' started.
Test Case '-[DiskStewardAppTests.ThresholdNotificationPolicyTests testCapacityAndGrowthCrossingsHaveDistinctEvidenceMessages]' passed (0.000 seconds).
Test Case '-[DiskStewardAppTests.ThresholdNotificationPolicyTests testNotificationFiresOnCrossingButNotEveryUnchangedSample]' started.
Test Case '-[DiskStewardAppTests.ThresholdNotificationPolicyTests testNotificationFiresOnCrossingButNotEveryUnchangedSample]' passed (0.000 seconds).
Test Suite 'ThresholdNotificationPolicyTests' passed at 2026-09-17 17:05:25.806.
	 Executed 2 tests, with 0 failures (0 unexpected) in 0.000 (0.000) seconds
Test Suite 'VerificationIsolationTests' started at 2026-09-17 17:05:25.806.
Test Case '-[DiskStewardAppTests.VerificationIsolationTests testArtifactOutputRequiresNewLeafUnderPrivateTemporaryParent]' started.
Test Case '-[DiskStewardAppTests.VerificationIsolationTests testArtifactOutputRequiresNewLeafUnderPrivateTemporaryParent]' passed (0.001 seconds).
Test Case '-[DiskStewardAppTests.VerificationIsolationTests testNormalStartupAndSmokeCannotMistakeSupportOverrideForIsolation]' started.
Test Case '-[DiskStewardAppTests.VerificationIsolationTests testNormalStartupAndSmokeCannotMistakeSupportOverrideForIsolation]' passed (0.000 seconds).
Test Suite 'VerificationIsolationTests' passed at 2026-09-17 17:05:25.808.
	 Executed 2 tests, with 0 failures (0 unexpected) in 0.002 (0.002) seconds
Test Suite 'ZlibRegressionTests' started at 2026-09-17 17:05:25.808.
Test Case '-[DiskStewardCoreTests.ZlibRegressionTests testEmptyFinalizedStreamAndBoundedDecode]' started.
Test Case '-[DiskStewardCoreTests.ZlibRegressionTests testEmptyFinalizedStreamAndBoundedDecode]' passed (0.002 seconds).
Test Suite 'ZlibRegressionTests' passed at 2026-09-17 17:05:25.809.
	 Executed 1 test, with 0 failures (0 unexpected) in 0.002 (0.002) seconds
Test Suite 'DiskStewardPackageTests.xctest' passed at 2026-09-17 17:05:25.809.
	 Executed 416 tests, with 1 test skipped and 0 failures (0 unexpected) in 28.822 (28.863) seconds
Test Suite 'All tests' passed at 2026-09-17 17:05:25.810.
	 Executed 416 tests, with 1 test skipped and 0 failures (0 unexpected) in 28.822 (28.864) seconds
◇ Test run started.
↳ Testing Library Version: 1501
↳ Target Platform: arm64e-apple-macos14.0
✔ Test run with 0 tests in 0 suites passed after 0.001 seconds.
