warning: /Users/merdankiji/Library/org.swift.swiftpm/configuration is not accessible or not writable, disabling user-level cache features.
warning: /Users/merdankiji/Library/org.swift.swiftpm/security is not accessible or not writable, disabling user-level cache features.
warning: /Users/merdankiji/Library/Caches/org.swift.swiftpm is not accessible or not writable, disabling user-level cache features.
warning: 'disk-steward-522-lifecycle-dev.9cyz1t': failed storing manifest for 'disk-steward-522-lifecycle-dev.9cyz1t' in cache: attempt to write a readonly database
[0/1] Planning build
Building for debugging...
[0/6] Write swift-version--58304C5D6DBC2206.txt
Build complete! (0.17s)
Test Suite 'All tests' started at 2026-09-17 15:22:10.701.
Test Suite 'DiskStewardPackageTests.xctest' started at 2026-09-17 15:22:10.701.
Test Suite 'AgentIntegrationContractTests' started at 2026-09-17 15:22:10.701.
Test Case '-[DiskStewardAppTests.AgentIntegrationContractTests testDetectionChecksOnlyDeclaredExecutableAndApplicationCandidates]' started.
Test Case '-[DiskStewardAppTests.AgentIntegrationContractTests testDetectionChecksOnlyDeclaredExecutableAndApplicationCandidates]' passed (0.000 seconds).
Test Case '-[DiskStewardAppTests.AgentIntegrationContractTests testOwnershipNeverTreatsAnUnreceiptedOrChangedDefinitionAsOwned]' started.
Test Case '-[DiskStewardAppTests.AgentIntegrationContractTests testOwnershipNeverTreatsAnUnreceiptedOrChangedDefinitionAsOwned]' passed (0.000 seconds).
Test Case '-[DiskStewardAppTests.AgentIntegrationContractTests testProcessFailureMappingPreservesExitCodeAndActionableOutput]' started.
Test Case '-[DiskStewardAppTests.AgentIntegrationContractTests testProcessFailureMappingPreservesExitCodeAndActionableOutput]' passed (0.000 seconds).
Test Case '-[DiskStewardAppTests.AgentIntegrationContractTests testReceiptStoreIsIdempotentAndPersistsOnlyOneReceiptPerClient]' started.
Test Case '-[DiskStewardAppTests.AgentIntegrationContractTests testReceiptStoreIsIdempotentAndPersistsOnlyOneReceiptPerClient]' passed (0.004 seconds).
Test Case '-[DiskStewardAppTests.AgentIntegrationContractTests testSelectionEligibilityIsExplicit]' started.
Test Case '-[DiskStewardAppTests.AgentIntegrationContractTests testSelectionEligibilityIsExplicit]' passed (0.000 seconds).
Test Case '-[DiskStewardAppTests.AgentIntegrationContractTests testStateDerivationKeepsPresenceConfigurationApprovalAndVerificationDistinct]' started.
Test Case '-[DiskStewardAppTests.AgentIntegrationContractTests testStateDerivationKeepsPresenceConfigurationApprovalAndVerificationDistinct]' passed (0.001 seconds).
Test Suite 'AgentIntegrationContractTests' passed at 2026-09-17 15:22:10.708.
	 Executed 6 tests, with 0 failures (0 unexpected) in 0.006 (0.007) seconds
Test Suite 'AgentIntegrationHardeningTests' started at 2026-09-17 15:22:10.708.
Test Case '-[DiskStewardAppTests.AgentIntegrationHardeningTests testConfigurationAndReceiptSymlinksFailClosed]' started.
Test Case '-[DiskStewardAppTests.AgentIntegrationHardeningTests testConfigurationAndReceiptSymlinksFailClosed]' passed (0.004 seconds).
Test Case '-[DiskStewardAppTests.AgentIntegrationHardeningTests testJSONReceiptFailureRestoresExactDocumentForAllMutations]' started.
Test Case '-[DiskStewardAppTests.AgentIntegrationHardeningTests testJSONReceiptFailureRestoresExactDocumentForAllMutations]' passed (0.016 seconds).
Test Case '-[DiskStewardAppTests.AgentIntegrationHardeningTests testMissingPackagedHelperNeverReportsSuccessfulSetup]' started.
Test Case '-[DiskStewardAppTests.AgentIntegrationHardeningTests testMissingPackagedHelperNeverReportsSuccessfulSetup]' passed (0.002 seconds).
Test Case '-[DiskStewardAppTests.AgentIntegrationHardeningTests testMovedPackagedHelperBecomesBrokenAndRepairUpdatesOnlyOwnedEntry]' started.
Test Case '-[DiskStewardAppTests.AgentIntegrationHardeningTests testMovedPackagedHelperBecomesBrokenAndRepairUpdatesOnlyOwnedEntry]' passed (0.004 seconds).
Test Case '-[DiskStewardAppTests.AgentIntegrationHardeningTests testReplacingHelperAtSamePathRequiresRepairBeforeVerification]' started.
Test Case '-[DiskStewardAppTests.AgentIntegrationHardeningTests testReplacingHelperAtSamePathRequiresRepairBeforeVerification]' passed (0.006 seconds).
Test Case '-[DiskStewardAppTests.AgentIntegrationHardeningTests testUserModificationAfterReceiptCreatesConflictAndBlocksRemoval]' started.
Test Case '-[DiskStewardAppTests.AgentIntegrationHardeningTests testUserModificationAfterReceiptCreatesConflictAndBlocksRemoval]' passed (0.004 seconds).
Test Suite 'AgentIntegrationHardeningTests' passed at 2026-09-17 15:22:10.745.
	 Executed 6 tests, with 0 failures (0 unexpected) in 0.036 (0.036) seconds
Test Suite 'AgentIntegrationsPresentationTests' started at 2026-09-17 15:22:10.745.
Test Case '-[DiskStewardAppTests.AgentIntegrationsPresentationTests testDetectedClientsAreSelectableAndAbsentClientsAreNotPreselected]' started.
Test Case '-[DiskStewardAppTests.AgentIntegrationsPresentationTests testDetectedClientsAreSelectableAndAbsentClientsAreNotPreselected]' passed (0.000 seconds).
Test Case '-[DiskStewardAppTests.AgentIntegrationsPresentationTests testMultiSelectReportsPartialResultsWithoutRollingBackSuccess]' started.
Test Case '-[DiskStewardAppTests.AgentIntegrationsPresentationTests testMultiSelectReportsPartialResultsWithoutRollingBackSuccess]' passed (0.000 seconds).
Test Case '-[DiskStewardAppTests.AgentIntegrationsPresentationTests testRepairAndRemoveAreForwardedToTheSelectedClientOnly]' started.
Test Case '-[DiskStewardAppTests.AgentIntegrationsPresentationTests testRepairAndRemoveAreForwardedToTheSelectedClientOnly]' passed (0.000 seconds).
Test Case '-[DiskStewardAppTests.AgentIntegrationsPresentationTests testSetupSelectionDoesNotMutateAgentAccessState]' started.
Test Case '-[DiskStewardAppTests.AgentIntegrationsPresentationTests testSetupSelectionDoesNotMutateAgentAccessState]' passed (0.000 seconds).
Test Suite 'AgentIntegrationsPresentationTests' passed at 2026-09-17 15:22:10.746.
	 Executed 4 tests, with 0 failures (0 unexpected) in 0.001 (0.001) seconds
Test Suite 'AgentQueryableEvidenceIncrementTests' started at 2026-09-17 15:22:10.746.
Test Case '-[IncrementTests.AgentQueryableEvidenceIncrementTests testAgentQueryableEvidenceIncrementComposesWithHumanJourneyAndFailsClosed]' started.
/private/tmp/disk-steward-522-lifecycle-dev.9CYz1T/Sources/DiskStewardCore/IPC/UnixSocketEvidenceServer.swift:260: error: -[IncrementTests.AgentQueryableEvidenceIncrementTests testAgentQueryableEvidenceIncrementComposesWithHumanJourneyAndFailsClosed] : failed: caught error: "connectionFailed(1)"
Test Case '-[IncrementTests.AgentQueryableEvidenceIncrementTests testAgentQueryableEvidenceIncrementComposesWithHumanJourneyAndFailsClosed]' failed (0.072 seconds).
Test Suite 'AgentQueryableEvidenceIncrementTests' failed at 2026-09-17 15:22:10.818.
	 Executed 1 test, with 1 failure (1 unexpected) in 0.072 (0.072) seconds
Test Suite 'AgentSessionRegistryTests' started at 2026-09-17 15:22:10.818.
Test Case '-[DiskStewardCoreTests.AgentSessionRegistryTests testAuthenticatedRegistrationEndsAndExpiresWithoutPersistingSecret]' started.
Test Case '-[DiskStewardCoreTests.AgentSessionRegistryTests testAuthenticatedRegistrationEndsAndExpiresWithoutPersistingSecret]' passed (0.000 seconds).
Test Case '-[DiskStewardCoreTests.AgentSessionRegistryTests testPIDReuseIsASeparateIdentityAndLocalInspectorFindsCurrentProcess]' started.
Test Case '-[DiskStewardCoreTests.AgentSessionRegistryTests testPIDReuseIsASeparateIdentityAndLocalInspectorFindsCurrentProcess]' passed (0.000 seconds).
Test Case '-[DiskStewardCoreTests.AgentSessionRegistryTests testSpoofedStaleDuplicateAndCrossTaskRegistrationsFailClosed]' started.
Test Case '-[DiskStewardCoreTests.AgentSessionRegistryTests testSpoofedStaleDuplicateAndCrossTaskRegistrationsFailClosed]' passed (0.000 seconds).
Test Suite 'AgentSessionRegistryTests' passed at 2026-09-17 15:22:10.820.
	 Executed 3 tests, with 0 failures (0 unexpected) in 0.001 (0.001) seconds
Test Suite 'AppEvidenceIPCIntegrationTests' started at 2026-09-17 15:22:10.820.
Test Case '-[DiskStewardAppTests.AppEvidenceIPCIntegrationTests testEndedSessionHeartbeatAndHistoricalImpactSurviveBackendRestart]' started.
Test Case '-[DiskStewardAppTests.AppEvidenceIPCIntegrationTests testEndedSessionHeartbeatAndHistoricalImpactSurviveBackendRestart]' passed (0.015 seconds).
Test Case '-[DiskStewardAppTests.AppEvidenceIPCIntegrationTests testPrivateUnixSocketServesRealSummarySessionAndExportQueries]' started.
/private/tmp/disk-steward-522-lifecycle-dev.9CYz1T/Sources/DiskStewardCore/IPC/UnixSocketEvidenceServer.swift:260: error: -[DiskStewardAppTests.AppEvidenceIPCIntegrationTests testPrivateUnixSocketServesRealSummarySessionAndExportQueries] : failed: caught error: "connectionFailed(1)"
Test Case '-[DiskStewardAppTests.AppEvidenceIPCIntegrationTests testPrivateUnixSocketServesRealSummarySessionAndExportQueries]' failed (0.008 seconds).
Test Case '-[DiskStewardAppTests.AppEvidenceIPCIntegrationTests testServerRemovesOwnedSocketAndClientReportsUnavailableAfterStop]' started.
/private/tmp/disk-steward-522-lifecycle-dev.9CYz1T/Sources/DiskStewardCore/IPC/UnixSocketEvidenceServer.swift:260: error: -[DiskStewardAppTests.AppEvidenceIPCIntegrationTests testServerRemovesOwnedSocketAndClientReportsUnavailableAfterStop] : failed: caught error: "connectionFailed(1)"
Test Case '-[DiskStewardAppTests.AppEvidenceIPCIntegrationTests testServerRemovesOwnedSocketAndClientReportsUnavailableAfterStop]' failed (0.008 seconds).
Test Suite 'AppEvidenceIPCIntegrationTests' failed at 2026-09-17 15:22:10.851.
	 Executed 3 tests, with 2 failures (2 unexpected) in 0.032 (0.032) seconds
Test Suite 'AuthoritativeMCPReadModelTests' started at 2026-09-17 15:22:10.851.
Test Case '-[DiskStewardAppTests.AuthoritativeMCPReadModelTests testCleanupCandidateIsWithdrawnIfFileGainsHardLinkAfterObservation]' started.
Test Case '-[DiskStewardAppTests.AuthoritativeMCPReadModelTests testCleanupCandidateIsWithdrawnIfFileGainsHardLinkAfterObservation]' passed (0.011 seconds).
Test Case '-[DiskStewardAppTests.AuthoritativeMCPReadModelTests testCleanupCandidateMustStillBeTheSameLiveFileAndLifecycleIsQueryable]' started.
Test Case '-[DiskStewardAppTests.AuthoritativeMCPReadModelTests testCleanupCandidateMustStillBeTheSameLiveFileAndLifecycleIsQueryable]' passed (0.011 seconds).
Test Case '-[DiskStewardAppTests.AuthoritativeMCPReadModelTests testCursorIsOpaqueAndBoundToItsQuery]' started.
Test Case '-[DiskStewardAppTests.AuthoritativeMCPReadModelTests testCursorIsOpaqueAndBoundToItsQuery]' passed (0.013 seconds).
Test Case '-[DiskStewardAppTests.AuthoritativeMCPReadModelTests testTaskImpactSeparatesSurvivingBytesAndPartialCoverageExcludesCleanup]' started.
Test Case '-[DiskStewardAppTests.AuthoritativeMCPReadModelTests testTaskImpactSeparatesSurvivingBytesAndPartialCoverageExcludesCleanup]' passed (0.018 seconds).
Test Suite 'AuthoritativeMCPReadModelTests' passed at 2026-09-17 15:22:10.906.
	 Executed 4 tests, with 0 failures (0 unexpected) in 0.054 (0.054) seconds
Test Suite 'BackendIsolationTests' started at 2026-09-17 15:22:10.906.
Test Case '-[DiskStewardAppTests.BackendIsolationTests testBackendInitializationNeverSweepsAnotherInstancesTemporaryExports]' started.
Test Case '-[DiskStewardAppTests.BackendIsolationTests testBackendInitializationNeverSweepsAnotherInstancesTemporaryExports]' passed (0.009 seconds).
Test Case '-[DiskStewardAppTests.BackendIsolationTests testFailedBackendInitializationNeverSweepsAnotherInstancesTemporaryExports]' started.
Test Case '-[DiskStewardAppTests.BackendIsolationTests testFailedBackendInitializationNeverSweepsAnotherInstancesTemporaryExports]' passed (0.001 seconds).
Test Case '-[DiskStewardAppTests.BackendIsolationTests testOverlappingInlineExportsUseSeparateWorkspacesAndCleanTheirPayloads]' started.
Test Case '-[DiskStewardAppTests.BackendIsolationTests testOverlappingInlineExportsUseSeparateWorkspacesAndCleanTheirPayloads]' passed (0.030 seconds).
Test Case '-[DiskStewardAppTests.BackendIsolationTests testRequestCleanupPreservesSiblingAndReplacementDirectories]' started.
Test Case '-[DiskStewardAppTests.BackendIsolationTests testRequestCleanupPreservesSiblingAndReplacementDirectories]' passed (0.001 seconds).
Test Case '-[DiskStewardAppTests.BackendIsolationTests testWorkspaceRefusesSymlinkOrNonprivateParentBeforeCreatingChildren]' started.
Test Case '-[DiskStewardAppTests.BackendIsolationTests testWorkspaceRefusesSymlinkOrNonprivateParentBeforeCreatingChildren]' passed (0.001 seconds).
Test Suite 'BackendIsolationTests' passed at 2026-09-17 15:22:10.949.
	 Executed 5 tests, with 0 failures (0 unexpected) in 0.043 (0.044) seconds
Test Suite 'CodexAndClaudeCodeAdapterTests' started at 2026-09-17 15:22:10.949.
Test Case '-[DiskStewardAppTests.CodexAndClaudeCodeAdapterTests testClaudeCodeUsesUserScopeForAddAndRemove]' started.
Test Case '-[DiskStewardAppTests.CodexAndClaudeCodeAdapterTests testClaudeCodeUsesUserScopeForAddAndRemove]' passed (0.002 seconds).
Test Case '-[DiskStewardAppTests.CodexAndClaudeCodeAdapterTests testClaudeParserAcceptsEmptyEnvironmentButRejectsNonUserScopeAndUnknownFields]' started.
Test Case '-[DiskStewardAppTests.CodexAndClaudeCodeAdapterTests testClaudeParserAcceptsEmptyEnvironmentButRejectsNonUserScopeAndUnknownFields]' passed (0.000 seconds).
Test Case '-[DiskStewardAppTests.CodexAndClaudeCodeAdapterTests testClientCommandFailureIsReportedWithoutFalseReceipt]' started.
Test Case '-[DiskStewardAppTests.CodexAndClaudeCodeAdapterTests testClientCommandFailureIsReportedWithoutFalseReceipt]' passed (0.002 seconds).
Test Case '-[DiskStewardAppTests.CodexAndClaudeCodeAdapterTests testCodexUsesOfficialLifecycleAndRepeatedSetupIsIdempotent]' started.
Test Case '-[DiskStewardAppTests.CodexAndClaudeCodeAdapterTests testCodexUsesOfficialLifecycleAndRepeatedSetupIsIdempotent]' passed (0.002 seconds).
Test Case '-[DiskStewardAppTests.CodexAndClaudeCodeAdapterTests testConflictFailsClosedWithoutAddRemoveOrReceiptMutation]' started.
Test Case '-[DiskStewardAppTests.CodexAndClaudeCodeAdapterTests testConflictFailsClosedWithoutAddRemoveOrReceiptMutation]' passed (0.001 seconds).
Test Case '-[DiskStewardAppTests.CodexAndClaudeCodeAdapterTests testFailedMutationDoesNotRollBackOverConcurrentUserChange]' started.
Test Case '-[DiskStewardAppTests.CodexAndClaudeCodeAdapterTests testFailedMutationDoesNotRollBackOverConcurrentUserChange]' passed (0.002 seconds).
Test Case '-[DiskStewardAppTests.CodexAndClaudeCodeAdapterTests testFailedRepairRestoresPreviousOwnedDefinition]' started.
Test Case '-[DiskStewardAppTests.CodexAndClaudeCodeAdapterTests testFailedRepairRestoresPreviousOwnedDefinition]' passed (0.002 seconds).
Test Case '-[DiskStewardAppTests.CodexAndClaudeCodeAdapterTests testMissingHelperIsActionableAndDoesNotInvokeClientMutation]' started.
Test Case '-[DiskStewardAppTests.CodexAndClaudeCodeAdapterTests testMissingHelperIsActionableAndDoesNotInvokeClientMutation]' passed (0.001 seconds).
Test Case '-[DiskStewardAppTests.CodexAndClaudeCodeAdapterTests testReceiptFailureRollsBackSetupRepairAndRemoval]' started.
Test Case '-[DiskStewardAppTests.CodexAndClaudeCodeAdapterTests testReceiptFailureRollsBackSetupRepairAndRemoval]' passed (0.011 seconds).
Test Case '-[DiskStewardAppTests.CodexAndClaudeCodeAdapterTests testRepairReplacesOnlyReceiptedOwnedDefinition]' started.
Test Case '-[DiskStewardAppTests.CodexAndClaudeCodeAdapterTests testRepairReplacesOnlyReceiptedOwnedDefinition]' passed (0.002 seconds).
Test Case '-[DiskStewardAppTests.CodexAndClaudeCodeAdapterTests testVerificationRejectsConfigurationChangedDuringHelperCheck]' started.
Test Case '-[DiskStewardAppTests.CodexAndClaudeCodeAdapterTests testVerificationRejectsConfigurationChangedDuringHelperCheck]' passed (0.002 seconds).
Test Case '-[DiskStewardAppTests.CodexAndClaudeCodeAdapterTests testVerificationRunsBundledHelperSelfCheckAndUpdatesReceipt]' started.
Test Case '-[DiskStewardAppTests.CodexAndClaudeCodeAdapterTests testVerificationRunsBundledHelperSelfCheckAndUpdatesReceipt]' passed (0.002 seconds).
Test Suite 'CodexAndClaudeCodeAdapterTests' passed at 2026-09-17 15:22:10.980.
	 Executed 12 tests, with 0 failures (0 unexpected) in 0.030 (0.031) seconds
Test Suite 'CommandRunnerRegressionTests' started at 2026-09-17 15:22:10.980.
Test Case '-[DiskStewardAppTests.CommandRunnerRegressionTests testCancellationAtBothSpawnBoundariesHasOneCompletionAndReapsOwnedLeader]' started.
Test Case '-[DiskStewardAppTests.CommandRunnerRegressionTests testCancellationAtBothSpawnBoundariesHasOneCompletionAndReapsOwnedLeader]' passed (0.083 seconds).
Test Case '-[DiskStewardAppTests.CommandRunnerRegressionTests testCancellationStopsTermIgnoringChildAndItsDescendantBeforeReturning]' started.
Test Case '-[DiskStewardAppTests.CommandRunnerRegressionTests testCancellationStopsTermIgnoringChildAndItsDescendantBeforeReturning]' passed (0.174 seconds).
Test Case '-[DiskStewardAppTests.CommandRunnerRegressionTests testDrainsMoreThanPipeCapacityWithoutDeadlock]' started.
Test Case '-[DiskStewardAppTests.CommandRunnerRegressionTests testDrainsMoreThanPipeCapacityWithoutDeadlock]' passed (0.065 seconds).
Test Case '-[DiskStewardAppTests.CommandRunnerRegressionTests testDrainsOneMiBFromEachPipeAndPreservesFastExitStatus]' started.
Test Case '-[DiskStewardAppTests.CommandRunnerRegressionTests testDrainsOneMiBFromEachPipeAndPreservesFastExitStatus]' passed (0.014 seconds).
Test Case '-[DiskStewardAppTests.CommandRunnerRegressionTests testEnvironmentWorkingDirectoryStdinAndDelayedOutputArePreserved]' started.
Test Case '-[DiskStewardAppTests.CommandRunnerRegressionTests testEnvironmentWorkingDirectoryStdinAndDelayedOutputArePreserved]' passed (0.046 seconds).
Test Case '-[DiskStewardAppTests.CommandRunnerRegressionTests testFourOwnedCommandsAreCountedUntilCleanupAndRefuseAFifth]' started.
Test Case '-[DiskStewardAppTests.CommandRunnerRegressionTests testFourOwnedCommandsAreCountedUntilCleanupAndRefuseAFifth]' passed (0.774 seconds).
Test Case '-[DiskStewardAppTests.CommandRunnerRegressionTests testHugeOutputAndNeverExitStopAndReapTheOwnedProcessGroup]' started.
Test Case '-[DiskStewardAppTests.CommandRunnerRegressionTests testHugeOutputAndNeverExitStopAndReapTheOwnedProcessGroup]' passed (0.433 seconds).
Test Case '-[DiskStewardAppTests.CommandRunnerRegressionTests testParentExitAlsoStopsDescendantWithClosedOutputPipes]' started.
Test Case '-[DiskStewardAppTests.CommandRunnerRegressionTests testParentExitAlsoStopsDescendantWithClosedOutputPipes]' passed (0.221 seconds).
Test Case '-[DiskStewardAppTests.CommandRunnerRegressionTests testParentExitDoesNotLeaveAnInheritedPipeChildAlive]' started.
Test Case '-[DiskStewardAppTests.CommandRunnerRegressionTests testParentExitDoesNotLeaveAnInheritedPipeChildAlive]' passed (0.017 seconds).
Test Case '-[DiskStewardAppTests.CommandRunnerRegressionTests testRepeatedSuccessAndSpawnFailuresDoNotLeakDescriptorsOrZombies]' started.
Test Case '-[DiskStewardAppTests.CommandRunnerRegressionTests testRepeatedSuccessAndSpawnFailuresDoNotLeakDescriptorsOrZombies]' passed (0.232 seconds).
Test Case '-[DiskStewardAppTests.CommandRunnerRegressionTests testSpawnDelayIsIncludedInOverallDeadlineAndDoesNotLaunchAfterExpiry]' started.
Test Case '-[DiskStewardAppTests.CommandRunnerRegressionTests testSpawnDelayIsIncludedInOverallDeadlineAndDoesNotLaunchAfterExpiry]' passed (0.849 seconds).
Test Case '-[DiskStewardAppTests.CommandRunnerRegressionTests testSpawnFailureAndAlreadyCancelledCallRecover]' started.
Test Case '-[DiskStewardAppTests.CommandRunnerRegressionTests testSpawnFailureAndAlreadyCancelledCallRecover]' passed (0.049 seconds).
Test Case '-[DiskStewardAppTests.CommandRunnerRegressionTests testTimeoutAndOutputLimitsAreEnforced]' started.
Test Case '-[DiskStewardAppTests.CommandRunnerRegressionTests testTimeoutAndOutputLimitsAreEnforced]' passed (0.064 seconds).
Test Suite 'CommandRunnerRegressionTests' passed at 2026-09-17 15:22:14.003.
	 Executed 13 tests, with 0 failures (0 unexpected) in 3.020 (3.023) seconds
Test Suite 'ContractTests' started at 2026-09-17 15:22:14.003.
Test Case '-[ContractTests.ContractTests testEverySchemaIsClosedAndVersioned]' started.
Test Case '-[ContractTests.ContractTests testEverySchemaIsClosedAndVersioned]' passed (0.001 seconds).
Test Case '-[ContractTests.ContractTests testEvidenceRejectsFileContents]' started.
Test Case '-[ContractTests.ContractTests testEvidenceRejectsFileContents]' passed (0.001 seconds).
Test Case '-[ContractTests.ContractTests testEvidenceRequiresConfidence]' started.
Test Case '-[ContractTests.ContractTests testEvidenceRequiresConfidence]' passed (0.000 seconds).
Test Case '-[ContractTests.ContractTests testExportManifestRequiresLimitationsAndValidHashes]' started.
Test Case '-[ContractTests.ContractTests testExportManifestRequiresLimitationsAndValidHashes]' passed (0.001 seconds).
Test Case '-[ContractTests.ContractTests testPrivacyContractHardDisablesContentsAndEnvironment]' started.
Test Case '-[ContractTests.ContractTests testPrivacyContractHardDisablesContentsAndEnvironment]' passed (0.000 seconds).
Test Case '-[ContractTests.ContractTests testRetentionPolicyIsBounded]' started.
Test Case '-[ContractTests.ContractTests testRetentionPolicyIsBounded]' passed (0.000 seconds).
Test Case '-[ContractTests.ContractTests testValidEvidenceEvent]' started.
Test Case '-[ContractTests.ContractTests testValidEvidenceEvent]' passed (0.000 seconds).
Test Suite 'ContractTests' passed at 2026-09-17 15:22:14.008.
	 Executed 7 tests, with 0 failures (0 unexpected) in 0.004 (0.005) seconds
Test Suite 'DirectoryMetadataScannerConvergentScanGenerationTests' started at 2026-09-17 15:22:14.008.
Test Case '-[DiskStewardCoreTests.DirectoryMetadataScannerConvergentScanGenerationTests testAbsenceTimeComesFromCoveringPassNotLaterPublication]' started.
Test Case '-[DiskStewardCoreTests.DirectoryMetadataScannerConvergentScanGenerationTests testAbsenceTimeComesFromCoveringPassNotLaterPublication]' passed (0.057 seconds).
Test Case '-[DiskStewardCoreTests.DirectoryMetadataScannerConvergentScanGenerationTests testAllFailedRootsPublishUncertaintyAndRecoverWithoutFalseDeletion]' started.
Test Case '-[DiskStewardCoreTests.DirectoryMetadataScannerConvergentScanGenerationTests testAllFailedRootsPublishUncertaintyAndRecoverWithoutFalseDeletion]' passed (0.189 seconds).
Test Case '-[DiskStewardCoreTests.DirectoryMetadataScannerConvergentScanGenerationTests testAncestorDirtySignalResolvesOnlyWhenAllIntersectingRootsComplete]' started.
Test Case '-[DiskStewardCoreTests.DirectoryMetadataScannerConvergentScanGenerationTests testAncestorDirtySignalResolvesOnlyWhenAllIntersectingRootsComplete]' passed (0.023 seconds).
Test Case '-[DiskStewardCoreTests.DirectoryMetadataScannerConvergentScanGenerationTests testBoundedSelectorKeepsOnlyFirstBatchAcrossOneHundredThousandNames]' started.
Test Case '-[DiskStewardCoreTests.DirectoryMetadataScannerConvergentScanGenerationTests testBoundedSelectorKeepsOnlyFirstBatchAcrossOneHundredThousandNames]' passed (0.286 seconds).
Test Case '-[DiskStewardCoreTests.DirectoryMetadataScannerConvergentScanGenerationTests testCompletedGenerationReconcilesLargeStateWithBoundedInlineResult]' started.
Test Case '-[DiskStewardCoreTests.DirectoryMetadataScannerConvergentScanGenerationTests testCompletedGenerationReconcilesLargeStateWithBoundedInlineResult]' passed (1.070 seconds).
Test Case '-[DiskStewardCoreTests.DirectoryMetadataScannerConvergentScanGenerationTests testCompletedGenerationsDoNotRetainTransientDirectoryProofs]' started.
Test Case '-[DiskStewardCoreTests.DirectoryMetadataScannerConvergentScanGenerationTests testCompletedGenerationsDoNotRetainTransientDirectoryProofs]' passed (0.116 seconds).
Test Case '-[DiskStewardCoreTests.DirectoryMetadataScannerConvergentScanGenerationTests testCompletedNestedDirectoryIsRevalidatedWhileAnotherDirectoryIsStillScanning]' started.
Test Case '-[DiskStewardCoreTests.DirectoryMetadataScannerConvergentScanGenerationTests testCompletedNestedDirectoryIsRevalidatedWhileAnotherDirectoryIsStillScanning]' passed (0.017 seconds).
Test Case '-[DiskStewardCoreTests.DirectoryMetadataScannerConvergentScanGenerationTests testDeletedQueuedDirectoryIsRescannedAndScopeChangeAbandonsOnlyUnpublishedWork]' started.
Test Case '-[DiskStewardCoreTests.DirectoryMetadataScannerConvergentScanGenerationTests testDeletedQueuedDirectoryIsRescannedAndScopeChangeAbandonsOnlyUnpublishedWork]' passed (0.014 seconds).
Test Case '-[DiskStewardCoreTests.DirectoryMetadataScannerConvergentScanGenerationTests testDirectoryChangeBeforeResumeResetsCursorAndDoesNotSkipEarlierName]' started.
Test Case '-[DiskStewardCoreTests.DirectoryMetadataScannerConvergentScanGenerationTests testDirectoryChangeBeforeResumeResetsCursorAndDoesNotSkipEarlierName]' passed (0.017 seconds).
Test Case '-[DiskStewardCoreTests.DirectoryMetadataScannerConvergentScanGenerationTests testDirtySignalDuringValidationFencesInflightSliceAndSurvivesRestart]' started.
Test Case '-[DiskStewardCoreTests.DirectoryMetadataScannerConvergentScanGenerationTests testDirtySignalDuringValidationFencesInflightSliceAndSurvivesRestart]' passed (0.039 seconds).
Test Case '-[DiskStewardCoreTests.DirectoryMetadataScannerConvergentScanGenerationTests testEmptyDirectoryPassOutputIsBoundedBySliceBudget]' started.
Test Case '-[DiskStewardCoreTests.DirectoryMetadataScannerConvergentScanGenerationTests testEmptyDirectoryPassOutputIsBoundedBySliceBudget]' passed (0.006 seconds).
Test Case '-[DiskStewardCoreTests.DirectoryMetadataScannerConvergentScanGenerationTests testEventGapPersistsAcrossRestartUntilCompleteReconciliation]' started.
Test Case '-[DiskStewardCoreTests.DirectoryMetadataScannerConvergentScanGenerationTests testEventGapPersistsAcrossRestartUntilCompleteReconciliation]' passed (0.013 seconds).
Test Case '-[DiskStewardCoreTests.DirectoryMetadataScannerConvergentScanGenerationTests testFailedAncestorDoesNotEraseSuccessfulDescendantContribution]' started.
Test Case '-[DiskStewardCoreTests.DirectoryMetadataScannerConvergentScanGenerationTests testFailedAncestorDoesNotEraseSuccessfulDescendantContribution]' passed (0.012 seconds).
Test Case '-[DiskStewardCoreTests.DirectoryMetadataScannerConvergentScanGenerationTests testFinalDirectoryBatchIsRevalidatedBeforePublishingStagedMembership]' started.
Test Case '-[DiskStewardCoreTests.DirectoryMetadataScannerConvergentScanGenerationTests testFinalDirectoryBatchIsRevalidatedBeforePublishingStagedMembership]' passed (0.011 seconds).
Test Case '-[DiskStewardCoreTests.DirectoryMetadataScannerConvergentScanGenerationTests testFreshOverlappingPassCannotInheritSupersededMembership]' started.
Test Case '-[DiskStewardCoreTests.DirectoryMetadataScannerConvergentScanGenerationTests testFreshOverlappingPassCannotInheritSupersededMembership]' passed (0.017 seconds).
Test Case '-[DiskStewardCoreTests.DirectoryMetadataScannerConvergentScanGenerationTests testGenerationScopeReentryUsesFreshBaselineWithoutPhantomChanges]' started.
Test Case '-[DiskStewardCoreTests.DirectoryMetadataScannerConvergentScanGenerationTests testGenerationScopeReentryUsesFreshBaselineWithoutPhantomChanges]' passed (0.067 seconds).
Test Case '-[DiskStewardCoreTests.DirectoryMetadataScannerConvergentScanGenerationTests testHealthyHardLinkDoesNotCloseBindingInFailedRoot]' started.
Test Case '-[DiskStewardCoreTests.DirectoryMetadataScannerConvergentScanGenerationTests testHealthyHardLinkDoesNotCloseBindingInFailedRoot]' passed (0.040 seconds).
Test Case '-[DiskStewardCoreTests.DirectoryMetadataScannerConvergentScanGenerationTests testHighFanoutSliceUsesOneStreamingPassAndRetainsOnlyItsBudget]' started.
Test Case '-[DiskStewardCoreTests.DirectoryMetadataScannerConvergentScanGenerationTests testHighFanoutSliceUsesOneStreamingPassAndRetainsOnlyItsBudget]' passed (0.205 seconds).
Test Case '-[DiskStewardCoreTests.DirectoryMetadataScannerConvergentScanGenerationTests testInterruptedPublicationDoesNotReplayCompletedStagingWithoutRevalidation]' started.
Test Case '-[DiskStewardCoreTests.DirectoryMetadataScannerConvergentScanGenerationTests testInterruptedPublicationDoesNotReplayCompletedStagingWithoutRevalidation]' passed (0.018 seconds).
Test Case '-[DiskStewardCoreTests.DirectoryMetadataScannerConvergentScanGenerationTests testLegacyCursorWithoutSignatureRestartsRatherThanSkippingEarlierNames]' started.
Test Case '-[DiskStewardCoreTests.DirectoryMetadataScannerConvergentScanGenerationTests testLegacyCursorWithoutSignatureRestartsRatherThanSkippingEarlierNames]' passed (0.001 seconds).
Test Case '-[DiskStewardCoreTests.DirectoryMetadataScannerConvergentScanGenerationTests testLegacyPersistedGenerationDecodesWithoutNewCursorFields]' started.
Test Case '-[DiskStewardCoreTests.DirectoryMetadataScannerConvergentScanGenerationTests testLegacyPersistedGenerationDecodesWithoutNewCursorFields]' passed (0.000 seconds).
Test Case '-[DiskStewardCoreTests.DirectoryMetadataScannerConvergentScanGenerationTests testLegacyUnpublishedGenerationIsAbandonedWithoutChangingCommittedTruth]' started.
Test Case '-[DiskStewardCoreTests.DirectoryMetadataScannerConvergentScanGenerationTests testLegacyUnpublishedGenerationIsAbandonedWithoutChangingCommittedTruth]' passed (0.016 seconds).
Test Case '-[DiskStewardCoreTests.DirectoryMetadataScannerConvergentScanGenerationTests testMissingHealthyHardLinkDoesNotDeleteObjectWithFailedRootBinding]' started.
Test Case '-[DiskStewardCoreTests.DirectoryMetadataScannerConvergentScanGenerationTests testMissingHealthyHardLinkDoesNotDeleteObjectWithFailedRootBinding]' passed (0.039 seconds).
Test Case '-[DiskStewardCoreTests.DirectoryMetadataScannerConvergentScanGenerationTests testMoveAndGrowthRetainBothIdentityAndByteChange]' started.
Test Case '-[DiskStewardCoreTests.DirectoryMetadataScannerConvergentScanGenerationTests testMoveAndGrowthRetainBothIdentityAndByteChange]' passed (0.013 seconds).
Test Case '-[DiskStewardCoreTests.DirectoryMetadataScannerConvergentScanGenerationTests testMultipleRootsReceiveWorkInTheSameBoundedSlice]' started.
Test Case '-[DiskStewardCoreTests.DirectoryMetadataScannerConvergentScanGenerationTests testMultipleRootsReceiveWorkInTheSameBoundedSlice]' passed (0.003 seconds).
Test Case '-[DiskStewardCoreTests.DirectoryMetadataScannerConvergentScanGenerationTests testNewestHardLinkSampleWinsOverPreferredPathAcrossSlicesAndRestart]' started.
Test Case '-[DiskStewardCoreTests.DirectoryMetadataScannerConvergentScanGenerationTests testNewestHardLinkSampleWinsOverPreferredPathAcrossSlicesAndRestart]' passed (0.027 seconds).
Test Case '-[DiskStewardCoreTests.DirectoryMetadataScannerConvergentScanGenerationTests testOneOldHardLinkedObjectReplacedByTwoObjectsIsDebitedOnlyOnce]' started.
Test Case '-[DiskStewardCoreTests.DirectoryMetadataScannerConvergentScanGenerationTests testOneOldHardLinkedObjectReplacedByTwoObjectsIsDebitedOnlyOnce]' passed (0.030 seconds).
Test Case '-[DiskStewardCoreTests.DirectoryMetadataScannerConvergentScanGenerationTests testOverlappingRootsSharePhysicalDirectoryProofWithoutLosingCoverage]' started.
Test Case '-[DiskStewardCoreTests.DirectoryMetadataScannerConvergentScanGenerationTests testOverlappingRootsSharePhysicalDirectoryProofWithoutLosingCoverage]' passed (0.013 seconds).
Test Case '-[DiskStewardCoreTests.DirectoryMetadataScannerConvergentScanGenerationTests testPartialGenerationDoesNotResolveGlobalDirtyCoverage]' started.
Test Case '-[DiskStewardCoreTests.DirectoryMetadataScannerConvergentScanGenerationTests testPartialGenerationDoesNotResolveGlobalDirtyCoverage]' passed (0.010 seconds).
Test Case '-[DiskStewardCoreTests.DirectoryMetadataScannerConvergentScanGenerationTests testPassValidationRestartsFromTheBeginningAfterDatabaseReopen]' started.
Test Case '-[DiskStewardCoreTests.DirectoryMetadataScannerConvergentScanGenerationTests testPassValidationRestartsFromTheBeginningAfterDatabaseReopen]' passed (0.018 seconds).
Test Case '-[DiskStewardCoreTests.DirectoryMetadataScannerConvergentScanGenerationTests testReconciliationIsAtomicAcrossEveryInjectedInterruptionBoundary]' started.
Test Case '-[DiskStewardCoreTests.DirectoryMetadataScannerConvergentScanGenerationTests testReconciliationIsAtomicAcrossEveryInjectedInterruptionBoundary]' passed (0.076 seconds).
Test Case '-[DiskStewardCoreTests.DirectoryMetadataScannerConvergentScanGenerationTests testRenameAndGrowthRetainDistinctPositiveAndAbsenceBounds]' started.
Test Case '-[DiskStewardCoreTests.DirectoryMetadataScannerConvergentScanGenerationTests testRenameAndGrowthRetainDistinctPositiveAndAbsenceBounds]' passed (0.014 seconds).
Test Case '-[DiskStewardCoreTests.DirectoryMetadataScannerConvergentScanGenerationTests testRenameOverExistingObjectAccountsForDisplacedBytes]' started.
Test Case '-[DiskStewardCoreTests.DirectoryMetadataScannerConvergentScanGenerationTests testRenameOverExistingObjectAccountsForDisplacedBytes]' passed (0.028 seconds).
Test Case '-[DiskStewardCoreTests.DirectoryMetadataScannerConvergentScanGenerationTests testRepeatedEventGapsCoalesceUntilReconciliationAndCanReopen]' started.
Test Case '-[DiskStewardCoreTests.DirectoryMetadataScannerConvergentScanGenerationTests testRepeatedEventGapsCoalesceUntilReconciliationAndCanReopen]' passed (0.010 seconds).
Test Case '-[DiskStewardCoreTests.DirectoryMetadataScannerConvergentScanGenerationTests testReplacingHealthyHardLinkDoesNotDeleteObjectWithFailedRootBinding]' started.
Test Case '-[DiskStewardCoreTests.DirectoryMetadataScannerConvergentScanGenerationTests testReplacingHealthyHardLinkDoesNotDeleteObjectWithFailedRootBinding]' passed (0.040 seconds).
Test Case '-[DiskStewardCoreTests.DirectoryMetadataScannerConvergentScanGenerationTests testReplacingOneHardLinkPreservesOtherHealthyPathInBothObjectOrders]' started.
Test Case '-[DiskStewardCoreTests.DirectoryMetadataScannerConvergentScanGenerationTests testReplacingOneHardLinkPreservesOtherHealthyPathInBothObjectOrders]' passed (0.060 seconds).
Test Case '-[DiskStewardCoreTests.DirectoryMetadataScannerConvergentScanGenerationTests testReplayedFSEventGapDoesNotResetProgressOrReopenResolvedGap]' started.
Test Case '-[DiskStewardCoreTests.DirectoryMetadataScannerConvergentScanGenerationTests testReplayedFSEventGapDoesNotResetProgressOrReopenResolvedGap]' passed (0.014 seconds).
Test Case '-[DiskStewardCoreTests.DirectoryMetadataScannerConvergentScanGenerationTests testRestartedDirectoryDoesNotPublishDeletedStagedFile]' started.
Test Case '-[DiskStewardCoreTests.DirectoryMetadataScannerConvergentScanGenerationTests testRestartedDirectoryDoesNotPublishDeletedStagedFile]' passed (0.012 seconds).
Test Case '-[DiskStewardCoreTests.DirectoryMetadataScannerConvergentScanGenerationTests testRootSpecificDirtySignalPreservesIndependentStagingAndFencesEqualTimestampSlice]' started.
Test Case '-[DiskStewardCoreTests.DirectoryMetadataScannerConvergentScanGenerationTests testRootSpecificDirtySignalPreservesIndependentStagingAndFencesEqualTimestampSlice]' passed (0.013 seconds).
Test Case '-[DiskStewardCoreTests.DirectoryMetadataScannerConvergentScanGenerationTests testSampleTimesSurviveDelayedPublicationAcrossEvidenceTables]' started.
Test Case '-[DiskStewardCoreTests.DirectoryMetadataScannerConvergentScanGenerationTests testSampleTimesSurviveDelayedPublicationAcrossEvidenceTables]' passed (0.012 seconds).
Test Case '-[DiskStewardCoreTests.DirectoryMetadataScannerConvergentScanGenerationTests testSmallSlicesResumeReconcileOnlyWhenCompleteAndDeleteBAfterFullSecondGeneration]' started.
Test Case '-[DiskStewardCoreTests.DirectoryMetadataScannerConvergentScanGenerationTests testSmallSlicesResumeReconcileOnlyWhenCompleteAndDeleteBAfterFullSecondGeneration]' passed (0.017 seconds).
Test Case '-[DiskStewardCoreTests.DirectoryMetadataScannerConvergentScanGenerationTests testSurvivingHardLinkRebaseAndGrowthDoesNotLoseByteChange]' started.
Test Case '-[DiskStewardCoreTests.DirectoryMetadataScannerConvergentScanGenerationTests testSurvivingHardLinkRebaseAndGrowthDoesNotLoseByteChange]' passed (0.014 seconds).
Test Case '-[DiskStewardCoreTests.DirectoryMetadataScannerConvergentScanGenerationTests testSwappedObjectPathsPublishAtomicallyWithoutUniquePathCollision]' started.
Test Case '-[DiskStewardCoreTests.DirectoryMetadataScannerConvergentScanGenerationTests testSwappedObjectPathsPublishAtomicallyWithoutUniquePathCollision]' passed (0.015 seconds).
Test Case '-[DiskStewardCoreTests.DirectoryMetadataScannerConvergentScanGenerationTests testTwoOldObjectsReplacedByOneHardLinkedObjectAreBothDebited]' started.
Test Case '-[DiskStewardCoreTests.DirectoryMetadataScannerConvergentScanGenerationTests testTwoOldObjectsReplacedByOneHardLinkedObjectAreBothDebited]' passed (0.031 seconds).
Test Case '-[DiskStewardCoreTests.DirectoryMetadataScannerConvergentScanGenerationTests testUnavailableRootDoesNotBlockHealthyRootOrProveDeletion]' started.
Test Case '-[DiskStewardCoreTests.DirectoryMetadataScannerConvergentScanGenerationTests testUnavailableRootDoesNotBlockHealthyRootOrProveDeletion]' passed (0.016 seconds).
Test Case '-[DiskStewardCoreTests.DirectoryMetadataScannerConvergentScanGenerationTests testUnchangedCompletedGenerationsDoNotMultiplyFileHistory]' started.
Test Case '-[DiskStewardCoreTests.DirectoryMetadataScannerConvergentScanGenerationTests testUnchangedCompletedGenerationsDoNotMultiplyFileHistory]' passed (0.013 seconds).
Test Case '-[DiskStewardCoreTests.DirectoryMetadataScannerConvergentScanGenerationTests testUnsignalledMutationAfterValidationRetainsOriginalSampleTimeAndNextScanCorrectsIt]' started.
Test Case '-[DiskStewardCoreTests.DirectoryMetadataScannerConvergentScanGenerationTests testUnsignalledMutationAfterValidationRetainsOriginalSampleTimeAndNextScanCorrectsIt]' passed (0.019 seconds).
Test Suite 'DirectoryMetadataScannerConvergentScanGenerationTests' passed at 2026-09-17 15:22:16.804.
	 Executed 47 tests, with 0 failures (0 unexpected) in 2.792 (2.795) seconds
Test Suite 'DiskStewardAppTests' started at 2026-09-17 15:22:16.804.
Test Case '-[DiskStewardAppTests.DiskStewardAppTests testApplicationUsesAccessoryPolicyWithoutDockPresence]' started.
Test Case '-[DiskStewardAppTests.DiskStewardAppTests testApplicationUsesAccessoryPolicyWithoutDockPresence]' passed (0.000 seconds).
Test Case '-[DiskStewardAppTests.DiskStewardAppTests testClickRoutesAreDistinct]' started.
Test Case '-[DiskStewardAppTests.DiskStewardAppTests testClickRoutesAreDistinct]' passed (0.000 seconds).
Test Case '-[DiskStewardAppTests.DiskStewardAppTests testRequiredUtilityMenuLabelsRemainStable]' started.
Test Case '-[DiskStewardAppTests.DiskStewardAppTests testRequiredUtilityMenuLabelsRemainStable]' passed (0.000 seconds).
Test Case '-[DiskStewardAppTests.DiskStewardAppTests testViewModelShowsRealSnapshotValuesAndExports]' started.
Test Case '-[DiskStewardAppTests.DiskStewardAppTests testViewModelShowsRealSnapshotValuesAndExports]' passed (0.003 seconds).
Test Suite 'DiskStewardAppTests' passed at 2026-09-17 15:22:16.807.
	 Executed 4 tests, with 0 failures (0 unexpected) in 0.003 (0.003) seconds
Test Suite 'DiskStewardEndpointTests' started at 2026-09-17 15:22:16.807.
Test Case '-[DiskStewardEndpointTests.DiskStewardEndpointTests testBridgeRejectsSpoofedPeerAndDetectsSequenceLoss]' started.
Test Case '-[DiskStewardEndpointTests.DiskStewardEndpointTests testBridgeRejectsSpoofedPeerAndDetectsSequenceLoss]' passed (0.000 seconds).
Test Case '-[DiskStewardEndpointTests.DiskStewardEndpointTests testDenialCrashAndMissingEntitlementKeepFallbackVisible]' started.
Test Case '-[DiskStewardEndpointTests.DiskStewardEndpointTests testDenialCrashAndMissingEntitlementKeepFallbackVisible]' passed (0.008 seconds).
Test Case '-[DiskStewardEndpointTests.DiskStewardEndpointTests testFixtureRuntimeFiltersNormalizesAndDeliversWithoutAuthorizationEvents]' started.
Test Case '-[DiskStewardEndpointTests.DiskStewardEndpointTests testFixtureRuntimeFiltersNormalizesAndDeliversWithoutAuthorizationEvents]' passed (0.001 seconds).
Test Case '-[DiskStewardEndpointTests.DiskStewardEndpointTests testWritesCoalesceWithinBoundsAndOverloadSignalsFallback]' started.
Test Case '-[DiskStewardEndpointTests.DiskStewardEndpointTests testWritesCoalesceWithinBoundsAndOverloadSignalsFallback]' passed (0.000 seconds).
Test Suite 'DiskStewardEndpointTests' passed at 2026-09-17 15:22:16.817.
	 Executed 4 tests, with 0 failures (0 unexpected) in 0.010 (0.010) seconds
Test Suite 'DiskStewardMCPTests' started at 2026-09-17 15:22:16.817.
Test Case '-[DiskStewardMCPTests.DiskStewardMCPTests testInitializationAndToolDiscoveryExposeOnlyReadOnlyCatalog]' started.
Test Case '-[DiskStewardMCPTests.DiskStewardMCPTests testInitializationAndToolDiscoveryExposeOnlyReadOnlyCatalog]' passed (0.002 seconds).
Test Case '-[DiskStewardMCPTests.DiskStewardMCPTests testMalformedInputAndUnknownToolsAreProtocolErrors]' started.
Test Case '-[DiskStewardMCPTests.DiskStewardMCPTests testMalformedInputAndUnknownToolsAreProtocolErrors]' passed (0.001 seconds).
Test Case '-[DiskStewardMCPTests.DiskStewardMCPTests testResourcesForwardThroughProtectedIPC]' started.
Test Case '-[DiskStewardMCPTests.DiskStewardMCPTests testResourcesForwardThroughProtectedIPC]' passed (0.001 seconds).
Test Case '-[DiskStewardMCPTests.DiskStewardMCPTests testResponseLimitFailsClosedAndExportPreservesInlineParity]' started.
Test Case '-[DiskStewardMCPTests.DiskStewardMCPTests testResponseLimitFailsClosedAndExportPreservesInlineParity]' passed (0.001 seconds).
Test Case '-[DiskStewardMCPTests.DiskStewardMCPTests testToolCallReturnsStructuredAndTextContentWithSanitization]' started.
Test Case '-[DiskStewardMCPTests.DiskStewardMCPTests testToolCallReturnsStructuredAndTextContentWithSanitization]' passed (0.000 seconds).
Test Case '-[DiskStewardMCPTests.DiskStewardMCPTests testUnavailableAppAndInsecureSocketReturnActionableErrors]' started.
Test Case '-[DiskStewardMCPTests.DiskStewardMCPTests testUnavailableAppAndInsecureSocketReturnActionableErrors]' passed (0.001 seconds).
Test Case '-[DiskStewardMCPTests.DiskStewardMCPTests testUnknownCancellationDoesNotPoisonLaterRequest]' started.
Test Case '-[DiskStewardMCPTests.DiskStewardMCPTests testUnknownCancellationDoesNotPoisonLaterRequest]' passed (0.001 seconds).
Test Suite 'DiskStewardMCPTests' passed at 2026-09-17 15:22:16.826.
	 Executed 7 tests, with 0 failures (0 unexpected) in 0.008 (0.008) seconds
Test Suite 'DistributionReleaseIntegrityTests' started at 2026-09-17 15:22:16.826.
Test Case '-[IncrementTests.DistributionReleaseIntegrityTests testActualVerifierRejectsMissingHelperWrongBundleAndUnsignedArtifact]' started.
Test Case '-[IncrementTests.DistributionReleaseIntegrityTests testActualVerifierRejectsMissingHelperWrongBundleAndUnsignedArtifact]' passed (0.448 seconds).
Test Case '-[IncrementTests.DistributionReleaseIntegrityTests testProductionVerifierContainsEveryFailClosedArtifactGate]' started.
Test Case '-[IncrementTests.DistributionReleaseIntegrityTests testProductionVerifierContainsEveryFailClosedArtifactGate]' passed (0.003 seconds).
Test Case '-[IncrementTests.DistributionReleaseIntegrityTests testReleasePolicyAcceptsOnlyCompleteDeveloperIDFixture]' started.
Test Case '-[IncrementTests.DistributionReleaseIntegrityTests testReleasePolicyAcceptsOnlyCompleteDeveloperIDFixture]' passed (0.001 seconds).
Test Case '-[IncrementTests.DistributionReleaseIntegrityTests testRepositoryReleaseSurfacesContainNoCredentialMaterial]' started.
Test Case '-[IncrementTests.DistributionReleaseIntegrityTests testRepositoryReleaseSurfacesContainNoCredentialMaterial]' passed (0.031 seconds).
Test Case '-[IncrementTests.DistributionReleaseIntegrityTests testStandardAndOptionalEntitlementsRemainSeparated]' started.
Test Case '-[IncrementTests.DistributionReleaseIntegrityTests testStandardAndOptionalEntitlementsRemainSeparated]' passed (0.000 seconds).
Test Suite 'DistributionReleaseIntegrityTests' passed at 2026-09-17 15:22:17.308.
	 Executed 5 tests, with 0 failures (0 unexpected) in 0.482 (0.482) seconds
Test Suite 'DurableProvenanceLifecycleTests' started at 2026-09-17 15:22:17.308.
Test Case '-[DiskStewardCoreTests.DurableProvenanceLifecycleTests testClaimsPersistIntervalsContradictionsAncestryUnknownAndSupersession]' started.
Test Case '-[DiskStewardCoreTests.DurableProvenanceLifecycleTests testClaimsPersistIntervalsContradictionsAncestryUnknownAndSupersession]' passed (0.016 seconds).
Test Case '-[DiskStewardCoreTests.DurableProvenanceLifecycleTests testEvidenceBundleExportsPersistedActorSessionMethodAndSupportWithoutSynthesis]' started.
Test Case '-[DiskStewardCoreTests.DurableProvenanceLifecycleTests testEvidenceBundleExportsPersistedActorSessionMethodAndSupportWithoutSynthesis]' passed (0.029 seconds).
Test Case '-[DiskStewardCoreTests.DurableProvenanceLifecycleTests testFSEventFlagsAndEndpointEvidenceRemainDistinctAndLinkedAfterRestart]' started.
Test Case '-[DiskStewardCoreTests.DurableProvenanceLifecycleTests testFSEventFlagsAndEndpointEvidenceRemainDistinctAndLinkedAfterRestart]' passed (0.011 seconds).
Test Case '-[DiskStewardCoreTests.DurableProvenanceLifecycleTests testOverlappingSessionsGapsDeleteAndPathReuseNeverInventAuthorship]' started.
Test Case '-[DiskStewardCoreTests.DurableProvenanceLifecycleTests testOverlappingSessionsGapsDeleteAndPathReuseNeverInventAuthorship]' passed (0.000 seconds).
Test Case '-[DiskStewardCoreTests.DurableProvenanceLifecycleTests testSessionHeartbeatEndExpiryAndHistoricalContextSurviveRegistryRestart]' started.
Test Case '-[DiskStewardCoreTests.DurableProvenanceLifecycleTests testSessionHeartbeatEndExpiryAndHistoricalContextSurviveRegistryRestart]' passed (0.010 seconds).
Test Suite 'DurableProvenanceLifecycleTests' passed at 2026-09-17 15:22:17.375.
	 Executed 5 tests, with 0 failures (0 unexpected) in 0.067 (0.067) seconds
Test Suite 'EndpointDeliveryRegressionTests' started at 2026-09-17 15:22:17.375.
Test Case '-[DiskStewardEndpointTests.EndpointDeliveryRegressionTests testByteBudgetIncludesOldInFlightReservationAcrossRestart]' started.
Test Case '-[DiskStewardEndpointTests.EndpointDeliveryRegressionTests testByteBudgetIncludesOldInFlightReservationAcrossRestart]' passed (0.000 seconds).
Test Case '-[DiskStewardEndpointTests.EndpointDeliveryRegressionTests testChallengeLengthMismatchCannotAuthenticateThroughByteTruncation]' started.
Test Case '-[DiskStewardEndpointTests.EndpointDeliveryRegressionTests testChallengeLengthMismatchCannotAuthenticateThroughByteTruncation]' passed (0.000 seconds).
Test Case '-[DiskStewardEndpointTests.EndpointDeliveryRegressionTests testDelayedFirstDeliveryPreservesOrderIncludingExcludedMiddle]' started.
Test Case '-[DiskStewardEndpointTests.EndpointDeliveryRegressionTests testDelayedFirstDeliveryPreservesOrderIncludingExcludedMiddle]' passed (0.002 seconds).
Test Case '-[DiskStewardEndpointTests.EndpointDeliveryRegressionTests testEveryVariableFieldCountsTowardByteLimit]' started.
Test Case '-[DiskStewardEndpointTests.EndpointDeliveryRegressionTests testEveryVariableFieldCountsTowardByteLimit]' passed (0.001 seconds).
Test Case '-[DiskStewardEndpointTests.EndpointDeliveryRegressionTests testGapOnExcludedOrInvalidEventRemainsVisibleAndWrapDoesNotTrap]' started.
Test Case '-[DiskStewardEndpointTests.EndpointDeliveryRegressionTests testGapOnExcludedOrInvalidEventRemainsVisibleAndWrapDoesNotTrap]' passed (0.000 seconds).
Test Case '-[DiskStewardEndpointTests.EndpointDeliveryRegressionTests testMalformedSizeAndCoalescedArithmeticOverflowBecomeGapsNotTraps]' started.
Test Case '-[DiskStewardEndpointTests.EndpointDeliveryRegressionTests testMalformedSizeAndCoalescedArithmeticOverflowBecomeGapsNotTraps]' passed (0.000 seconds).
Test Case '-[DiskStewardEndpointTests.EndpointDeliveryRegressionTests testManagedBridgeRejectsSpoofAndRevokedEpochWithoutStateMutation]' started.
Test Case '-[DiskStewardEndpointTests.EndpointDeliveryRegressionTests testManagedBridgeRejectsSpoofAndRevokedEpochWithoutStateMutation]' passed (0.000 seconds).
Test Case '-[DiskStewardEndpointTests.EndpointDeliveryRegressionTests testNormalizedBufferRejectsOversizedCoalescedReplacement]' started.
Test Case '-[DiskStewardEndpointTests.EndpointDeliveryRegressionTests testNormalizedBufferRejectsOversizedCoalescedReplacement]' passed (0.000 seconds).
Test Case '-[DiskStewardEndpointTests.EndpointDeliveryRegressionTests testOldActivationCannotResumeAfterStopOrReplaceNewSession]' started.
Test Case '-[DiskStewardEndpointTests.EndpointDeliveryRegressionTests testOldActivationCannotResumeAfterStopOrReplaceNewSession]' passed (0.003 seconds).
Test Case '-[DiskStewardEndpointTests.EndpointDeliveryRegressionTests testOverflowIsBoundedIncludingInFlightAndReportsLossWithoutAnotherEvent]' started.
Test Case '-[DiskStewardEndpointTests.EndpointDeliveryRegressionTests testOverflowIsBoundedIncludingInFlightAndReportsLossWithoutAnotherEvent]' passed (0.177 seconds).
Test Case '-[DiskStewardEndpointTests.EndpointDeliveryRegressionTests testRepeatedRestartDrainsAndDeinitRevokesRetainedHandler]' started.
Test Case '-[DiskStewardEndpointTests.EndpointDeliveryRegressionTests testRepeatedRestartDrainsAndDeinitRevokesRetainedHandler]' passed (0.037 seconds).
Test Case '-[DiskStewardEndpointTests.EndpointDeliveryRegressionTests testStopAndCrashFenceHeldDeliveriesAndRetainedCallbacks]' started.
Test Case '-[DiskStewardEndpointTests.EndpointDeliveryRegressionTests testStopAndCrashFenceHeldDeliveriesAndRetainedCallbacks]' passed (0.006 seconds).
Test Case '-[DiskStewardEndpointTests.EndpointDeliveryRegressionTests testSynchronousStartupCallbacksPublishOnlyAfterSuccessfulStart]' started.
Test Case '-[DiskStewardEndpointTests.EndpointDeliveryRegressionTests testSynchronousStartupCallbacksPublishOnlyAfterSuccessfulStart]' passed (0.004 seconds).
Test Suite 'EndpointDeliveryRegressionTests' passed at 2026-09-17 15:22:17.607.
	 Executed 13 tests, with 0 failures (0 unexpected) in 0.230 (0.231) seconds
Test Suite 'EndpointSecurityContractTests' started at 2026-09-17 15:22:17.607.
Test Case '-[ContractTests.EndpointSecurityContractTests testDenialLossOverloadAndUnavailableStatesKeepFallbackActive]' started.
Test Case '-[ContractTests.EndpointSecurityContractTests testDenialLossOverloadAndUnavailableStatesKeepFallbackActive]' passed (0.001 seconds).
Test Case '-[ContractTests.EndpointSecurityContractTests testExactCreateRenameAndCoalescedCloseRequireCompleteLinkage]' started.
Test Case '-[ContractTests.EndpointSecurityContractTests testExactCreateRenameAndCoalescedCloseRequireCompleteLinkage]' passed (0.001 seconds).
Test Case '-[ContractTests.EndpointSecurityContractTests testIncompleteOrGappedEventCannotClaimExact]' started.
Test Case '-[ContractTests.EndpointSecurityContractTests testIncompleteOrGappedEventCannotClaimExact]' passed (0.000 seconds).
Test Case '-[ContractTests.EndpointSecurityContractTests testPIDReuseUsesPIDAndStartTimeIdentity]' started.
Test Case '-[ContractTests.EndpointSecurityContractTests testPIDReuseUsesPIDAndStartTimeIdentity]' passed (0.000 seconds).
Test Case '-[ContractTests.EndpointSecurityContractTests testPrivacyFilteringIsDeterministicAndContentsAreUnrepresentable]' started.
Test Case '-[ContractTests.EndpointSecurityContractTests testPrivacyFilteringIsDeterministicAndContentsAreUnrepresentable]' passed (0.000 seconds).
Test Suite 'EndpointSecurityContractTests' passed at 2026-09-17 15:22:17.609.
	 Executed 5 tests, with 0 failures (0 unexpected) in 0.002 (0.002) seconds
Test Suite 'EvidenceBundleExporterTests' started at 2026-09-17 15:22:17.609.
Test Case '-[DiskStewardCoreTests.EvidenceBundleExporterTests testActionableBundleDisclosesRootsPartialCoverageCurrentConsumersAndUnavailableGrowth]' started.
Test Case '-[DiskStewardCoreTests.EvidenceBundleExporterTests testActionableBundleDisclosesRootsPartialCoverageCurrentConsumersAndUnavailableGrowth]' passed (0.029 seconds).
Test Case '-[DiskStewardCoreTests.EvidenceBundleExporterTests testConcurrentWritesProduceOneInternallyConsistentBackupView]' started.
Test Case '-[DiskStewardCoreTests.EvidenceBundleExporterTests testConcurrentWritesProduceOneInternallyConsistentBackupView]' passed (0.071 seconds).
Test Case '-[DiskStewardCoreTests.EvidenceBundleExporterTests testExportDuringActiveGenerationDisclosesProgressAndKeepsPriorStateStale]' started.
Test Case '-[DiskStewardCoreTests.EvidenceBundleExporterTests testExportDuringActiveGenerationDisclosesProgressAndKeepsPriorStateStale]' passed (0.023 seconds).
Test Case '-[DiskStewardCoreTests.EvidenceBundleExporterTests testGoldenBundleIsDeterministicSchemaValidAndIntegrityVerifiable]' started.
Test Case '-[DiskStewardCoreTests.EvidenceBundleExporterTests testGoldenBundleIsDeterministicSchemaValidAndIntegrityVerifiable]' passed (0.023 seconds).
Test Case '-[DiskStewardCoreTests.EvidenceBundleExporterTests testInvalidRangeAndExistingDestinationFailClosed]' started.
Test Case '-[DiskStewardCoreTests.EvidenceBundleExporterTests testInvalidRangeAndExistingDestinationFailClosed]' passed (0.019 seconds).
Test Case '-[DiskStewardCoreTests.EvidenceBundleExporterTests testLargeEventPayloadUsesStreamingCompressionAndRemainsVerifiable]' started.
Test Case '-[DiskStewardCoreTests.EvidenceBundleExporterTests testLargeEventPayloadUsesStreamingCompressionAndRemainsVerifiable]' passed (1.735 seconds).
Test Case '-[DiskStewardCoreTests.EvidenceBundleExporterTests testManualExportInventoryRetainsOwnershipHashRangePrecisionAndMissingState]' started.
Test Case '-[DiskStewardCoreTests.EvidenceBundleExporterTests testManualExportInventoryRetainsOwnershipHashRangePrecisionAndMissingState]' passed (0.032 seconds).
Test Case '-[DiskStewardCoreTests.EvidenceBundleExporterTests testRequestedPeriodAndEventLimitAreExplicit]' started.
Test Case '-[DiskStewardCoreTests.EvidenceBundleExporterTests testRequestedPeriodAndEventLimitAreExplicit]' passed (0.021 seconds).
Test Case '-[DiskStewardCoreTests.EvidenceBundleExporterTests testRetainedRollupsRemainExportableAfterRawEventsExpire]' started.
Test Case '-[DiskStewardCoreTests.EvidenceBundleExporterTests testRetainedRollupsRemainExportableAfterRawEventsExpire]' passed (0.030 seconds).
Test Case '-[DiskStewardCoreTests.EvidenceBundleExporterTests testSecretLikePathFragmentsAreRedactedAndHashedModeIsOpaque]' started.
Test Case '-[DiskStewardCoreTests.EvidenceBundleExporterTests testSecretLikePathFragmentsAreRedactedAndHashedModeIsOpaque]' passed (0.033 seconds).
Test Suite 'EvidenceBundleExporterTests' passed at 2026-09-17 15:22:19.627.
	 Executed 10 tests, with 0 failures (0 unexpected) in 2.017 (2.018) seconds
Test Suite 'EvidenceObjectLifecycleTests' started at 2026-09-17 15:22:19.627.
Test Case '-[DiskStewardCoreTests.EvidenceObjectLifecycleTests testCompleteABCObservationRecordsDeletionAndReplayIsIdempotent]' started.
Test Case '-[DiskStewardCoreTests.EvidenceObjectLifecycleTests testCompleteABCObservationRecordsDeletionAndReplayIsIdempotent]' passed (0.010 seconds).
Test Case '-[DiskStewardCoreTests.EvidenceObjectLifecycleTests testContradictorySampleChronologyCannotOverwriteCurrentTruth]' started.
Test Case '-[DiskStewardCoreTests.EvidenceObjectLifecycleTests testContradictorySampleChronologyCannotOverwriteCurrentTruth]' passed (0.017 seconds).
Test Case '-[DiskStewardCoreTests.EvidenceObjectLifecycleTests testDuplicateRootCoverageIsRejectedWithoutWritingAnObservation]' started.
Test Case '-[DiskStewardCoreTests.EvidenceObjectLifecycleTests testDuplicateRootCoverageIsRejectedWithoutWritingAnObservation]' passed (0.007 seconds).
Test Case '-[DiskStewardCoreTests.EvidenceObjectLifecycleTests testFirstObservationHasUnknownOccurrenceStartAndMeasuredUpperBound]' started.
Test Case '-[DiskStewardCoreTests.EvidenceObjectLifecycleTests testFirstObservationHasUnknownOccurrenceStartAndMeasuredUpperBound]' passed (0.016 seconds).
Test Case '-[DiskStewardCoreTests.EvidenceObjectLifecycleTests testHardLinkedPathsRemainOnePhysicalObjectAndNeverCrashReconciliation]' started.
Test Case '-[DiskStewardCoreTests.EvidenceObjectLifecycleTests testHardLinkedPathsRemainOnePhysicalObjectAndNeverCrashReconciliation]' passed (0.010 seconds).
Test Case '-[DiskStewardCoreTests.EvidenceObjectLifecycleTests testLegacyCompleteSnapshotCannotResolveDurableDirtyEvidence]' started.
Test Case '-[DiskStewardCoreTests.EvidenceObjectLifecycleTests testLegacyCompleteSnapshotCannotResolveDurableDirtyEvidence]' passed (0.009 seconds).
Test Case '-[DiskStewardCoreTests.EvidenceObjectLifecycleTests testLegacyExplicitSampleTimeIsNotReplacedWithSnapshotTime]' started.
Test Case '-[DiskStewardCoreTests.EvidenceObjectLifecycleTests testLegacyExplicitSampleTimeIsNotReplacedWithSnapshotTime]' passed (0.008 seconds).
Test Case '-[DiskStewardCoreTests.EvidenceObjectLifecycleTests testLegacyMixedRootsPublishesHealthyChangesAndRetainsFailedRootUncertainty]' started.
Test Case '-[DiskStewardCoreTests.EvidenceObjectLifecycleTests testLegacyMixedRootsPublishesHealthyChangesAndRetainsFailedRootUncertainty]' passed (0.009 seconds).
Test Case '-[DiskStewardCoreTests.EvidenceObjectLifecycleTests testLegacyMovePlusGrowthRecordsBothChanges]' started.
Test Case '-[DiskStewardCoreTests.EvidenceObjectLifecycleTests testLegacyMovePlusGrowthRecordsBothChanges]' passed (0.009 seconds).
Test Case '-[DiskStewardCoreTests.EvidenceObjectLifecycleTests testLegacyMultiObjectReplacementAccountsEachPhysicalObjectOnce]' started.
Test Case '-[DiskStewardCoreTests.EvidenceObjectLifecycleTests testLegacyMultiObjectReplacementAccountsEachPhysicalObjectOnce]' passed (0.017 seconds).
Test Case '-[DiskStewardCoreTests.EvidenceObjectLifecycleTests testLegacyNewestAliasSampleWinsWithoutInventingRename]' started.
Test Case '-[DiskStewardCoreTests.EvidenceObjectLifecycleTests testLegacyNewestAliasSampleWinsWithoutInventingRename]' passed (0.009 seconds).
Test Case '-[DiskStewardCoreTests.EvidenceObjectLifecycleTests testLegacyPartialCoverageCannotCloseAnExistingEventGap]' started.
Test Case '-[DiskStewardCoreTests.EvidenceObjectLifecycleTests testLegacyPartialCoverageCannotCloseAnExistingEventGap]' passed (0.009 seconds).
Test Case '-[DiskStewardCoreTests.EvidenceObjectLifecycleTests testLegacyPartialReplacementKeepsUnobservedAliasUnknown]' started.
Test Case '-[DiskStewardCoreTests.EvidenceObjectLifecycleTests testLegacyPartialReplacementKeepsUnobservedAliasUnknown]' passed (0.009 seconds).
Test Case '-[DiskStewardCoreTests.EvidenceObjectLifecycleTests testLegacyPathSwapDoesNotDependOnCurrentRowUpdateOrder]' started.
Test Case '-[DiskStewardCoreTests.EvidenceObjectLifecycleTests testLegacyPathSwapDoesNotDependOnCurrentRowUpdateOrder]' passed (0.009 seconds).
Test Case '-[DiskStewardCoreTests.EvidenceObjectLifecycleTests testLegacyReplacementOfNoncanonicalAliasPreservesSurvivingObjectAndBinding]' started.
Test Case '-[DiskStewardCoreTests.EvidenceObjectLifecycleTests testLegacyReplacementOfNoncanonicalAliasPreservesSurvivingObjectAndBinding]' passed (0.009 seconds).
Test Case '-[DiskStewardCoreTests.EvidenceObjectLifecycleTests testLegacyResultPreservesFullArrayContractAboveGenerationInlineLimit]' started.
Test Case '-[DiskStewardCoreTests.EvidenceObjectLifecycleTests testLegacyResultPreservesFullArrayContractAboveGenerationInlineLimit]' passed (0.398 seconds).
Test Case '-[DiskStewardCoreTests.EvidenceObjectLifecycleTests testLegacyRollbackAtEveryBoundaryPreservesPriorStateAndActiveGeneration]' started.
Test Case '-[DiskStewardCoreTests.EvidenceObjectLifecycleTests testLegacyRollbackAtEveryBoundaryPreservesPriorStateAndActiveGeneration]' passed (0.051 seconds).
Test Case '-[DiskStewardCoreTests.EvidenceObjectLifecycleTests testLegacyScopeMoveDoesNotInferRenameAndScopeExitDoesNotRepeat]' started.
Test Case '-[DiskStewardCoreTests.EvidenceObjectLifecycleTests testLegacyScopeMoveDoesNotInferRenameAndScopeExitDoesNotRepeat]' passed (0.010 seconds).
Test Case '-[DiskStewardCoreTests.EvidenceObjectLifecycleTests testModifyTruncateRenameAndReplacementHaveDistinctIdentityAwareEvents]' started.
Test Case '-[DiskStewardCoreTests.EvidenceObjectLifecycleTests testModifyTruncateRenameAndReplacementHaveDistinctIdentityAwareEvents]' passed (0.011 seconds).
Test Case '-[DiskStewardCoreTests.EvidenceObjectLifecycleTests testObservationTransactionRollsBackOnScopeMismatch]' started.
Test Case '-[DiskStewardCoreTests.EvidenceObjectLifecycleTests testObservationTransactionRollsBackOnScopeMismatch]' passed (0.008 seconds).
Test Case '-[DiskStewardCoreTests.EvidenceObjectLifecycleTests testPartialABCObservationKeepsBUnknownUntilCompleteRecovery]' started.
Test Case '-[DiskStewardCoreTests.EvidenceObjectLifecycleTests testPartialABCObservationKeepsBUnknownUntilCompleteRecovery]' passed (0.010 seconds).
Test Case '-[DiskStewardCoreTests.EvidenceObjectLifecycleTests testReplacementOfAliasUsesItsBindingEvidenceNotAnotherAliasSampleTime]' started.
Test Case '-[DiskStewardCoreTests.EvidenceObjectLifecycleTests testReplacementOfAliasUsesItsBindingEvidenceNotAnotherAliasSampleTime]' passed (0.009 seconds).
Test Case '-[DiskStewardCoreTests.EvidenceObjectLifecycleTests testRestartRecordsOfflineIntervalAndStillReconcilesCompleteDeletion]' started.
Test Case '-[DiskStewardCoreTests.EvidenceObjectLifecycleTests testRestartRecordsOfflineIntervalAndStillReconcilesCompleteDeletion]' passed (0.011 seconds).
Test Case '-[DiskStewardCoreTests.EvidenceObjectLifecycleTests testScopeChangeEmitsEnterAndExitWithoutClaimingDeletion]' started.
Test Case '-[DiskStewardCoreTests.EvidenceObjectLifecycleTests testScopeChangeEmitsEnterAndExitWithoutClaimingDeletion]' passed (0.009 seconds).
Test Case '-[DiskStewardCoreTests.EvidenceObjectLifecycleTests testScopeReentryDoesNotInventReplacementGrowthOrDelayedDeletion]' started.
Test Case '-[DiskStewardCoreTests.EvidenceObjectLifecycleTests testScopeReentryDoesNotInventReplacementGrowthOrDelayedDeletion]' passed (0.040 seconds).
Test Suite 'EvidenceObjectLifecycleTests' passed at 2026-09-17 15:22:20.343.
	 Executed 25 tests, with 0 failures (0 unexpected) in 0.714 (0.716) seconds
Test Suite 'EvidenceQueryReadModelTests' started at 2026-09-17 15:22:20.343.
Test Case '-[DiskStewardCoreTests.EvidenceQueryReadModelTests testCurrentConsumerFilteringHappensBeforeLimitAndCursorIsStable]' started.
Test Case '-[DiskStewardCoreTests.EvidenceQueryReadModelTests testCurrentConsumerFilteringHappensBeforeLimitAndCursorIsStable]' passed (0.084 seconds).
Test Case '-[DiskStewardCoreTests.EvidenceQueryReadModelTests testDuplicateBasenamesRemainSeparateObjectsAndGrowthIncludesRollups]' started.
Test Case '-[DiskStewardCoreTests.EvidenceQueryReadModelTests testDuplicateBasenamesRemainSeparateObjectsAndGrowthIncludesRollups]' passed (0.018 seconds).
Test Case '-[DiskStewardCoreTests.EvidenceQueryReadModelTests testPaginationCursorExpiresWhenEvidenceRevisionChanges]' started.
Test Case '-[DiskStewardCoreTests.EvidenceQueryReadModelTests testPaginationCursorExpiresWhenEvidenceRevisionChanges]' passed (0.010 seconds).
Test Suite 'EvidenceQueryReadModelTests' passed at 2026-09-17 15:22:20.455.
	 Executed 3 tests, with 0 failures (0 unexpected) in 0.112 (0.112) seconds
Test Suite 'EvidenceRetentionLifecycleTests' started at 2026-09-17 15:22:20.455.
Test Case '-[DiskStewardCoreTests.EvidenceRetentionLifecycleTests testCapacityRecoveryEvictsLegacyDetailedHistoryWithoutBreakingCurrentTruth]' started.
/private/tmp/disk-steward-522-lifecycle-dev.9CYz1T/Tests/DiskStewardCoreTests/EvidenceStore/EvidenceRetentionLifecycleTests.swift:238: error: -[DiskStewardCoreTests.EvidenceRetentionLifecycleTests testCapacityRecoveryEvictsLegacyDetailedHistoryWithoutBreakingCurrentTruth] : XCTAssertLessThanOrEqual failed: ("30064696") is greater than ("10485760")
Test Case '-[DiskStewardCoreTests.EvidenceRetentionLifecycleTests testCapacityRecoveryEvictsLegacyDetailedHistoryWithoutBreakingCurrentTruth]' failed (0.252 seconds).
Test Case '-[DiskStewardCoreTests.EvidenceRetentionLifecycleTests testCurrentPresentStateSurvivesWhileExpiredUnknownTombstoneIsRemoved]' started.
Test Case '-[DiskStewardCoreTests.EvidenceRetentionLifecycleTests testCurrentPresentStateSurvivesWhileExpiredUnknownTombstoneIsRemoved]' passed (0.022 seconds).
Test Case '-[DiskStewardCoreTests.EvidenceRetentionLifecycleTests testDefaultTierBoundariesAndSnapshotDownsamplingAreDeterministic]' started.
Test Case '-[DiskStewardCoreTests.EvidenceRetentionLifecycleTests testDefaultTierBoundariesAndSnapshotDownsamplingAreDeterministic]' passed (0.023 seconds).
Test Case '-[DiskStewardCoreTests.EvidenceRetentionLifecycleTests testInterruptedExportsRecoverAsFailedAndInventoryRemainsBounded]' started.
Test Case '-[DiskStewardCoreTests.EvidenceRetentionLifecycleTests testInterruptedExportsRecoverAsFailedAndInventoryRemainsBounded]' passed (0.135 seconds).
Test Case '-[DiskStewardCoreTests.EvidenceRetentionLifecycleTests testRetentionProcessesOldHistoryInBoundedRestartableBatches]' started.
Test Case '-[DiskStewardCoreTests.EvidenceRetentionLifecycleTests testRetentionProcessesOldHistoryInBoundedRestartableBatches]' passed (0.129 seconds).
Test Case '-[DiskStewardCoreTests.EvidenceRetentionLifecycleTests testUnchangedObservationsDoNotMultiplyDetailedStateHistory]' started.
Test Case '-[DiskStewardCoreTests.EvidenceRetentionLifecycleTests testUnchangedObservationsDoNotMultiplyDetailedStateHistory]' passed (0.010 seconds).
Test Suite 'EvidenceRetentionLifecycleTests' failed at 2026-09-17 15:22:21.026.
	 Executed 6 tests, with 1 failure (0 unexpected) in 0.570 (0.571) seconds
Test Suite 'EvidenceStoreTests' started at 2026-09-17 15:22:21.026.
Test Case '-[DiskStewardCoreTests.EvidenceStoreTests testBackupIsConsistentAndReadable]' started.
Test Case '-[DiskStewardCoreTests.EvidenceStoreTests testBackupIsConsistentAndReadable]' passed (0.011 seconds).
Test Case '-[DiskStewardCoreTests.EvidenceStoreTests testConcurrentReadsAndWritesPreserveEveryCommittedEvent]' started.
Test Case '-[DiskStewardCoreTests.EvidenceStoreTests testConcurrentReadsAndWritesPreserveEveryCommittedEvent]' passed (0.072 seconds).
Test Case '-[DiskStewardCoreTests.EvidenceStoreTests testCorruptionIsDetectedOnOpen]' started.
Test Case '-[DiskStewardCoreTests.EvidenceStoreTests testCorruptionIsDetectedOnOpen]' passed (0.001 seconds).
Test Case '-[DiskStewardCoreTests.EvidenceStoreTests testDatabaseCeilingForcesBoundedEvictionAndCompaction]' started.
/private/tmp/disk-steward-522-lifecycle-dev.9CYz1T/Tests/DiskStewardCoreTests/EvidenceStore/EvidenceStoreTests.swift:162: error: -[DiskStewardCoreTests.EvidenceStoreTests testDatabaseCeilingForcesBoundedEvictionAndCompaction] : XCTAssertLessThanOrEqual failed: ("73302016") is greater than ("10485760")
Test Case '-[DiskStewardCoreTests.EvidenceStoreTests testDatabaseCeilingForcesBoundedEvictionAndCompaction]' failed (0.404 seconds).
Test Case '-[DiskStewardCoreTests.EvidenceStoreTests testEveryMigrationInterruptionRecoversWithoutLosingTheLegacyDatabase]' started.
Test Case '-[DiskStewardCoreTests.EvidenceStoreTests testEveryMigrationInterruptionRecoversWithoutLosingTheLegacyDatabase]' passed (0.096 seconds).
Test Case '-[DiskStewardCoreTests.EvidenceStoreTests testInvalidBatchRollsBackAndReopenRecoversCommittedEvidence]' started.
Test Case '-[DiskStewardCoreTests.EvidenceStoreTests testInvalidBatchRollsBackAndReopenRecoversCommittedEvidence]' passed (0.009 seconds).
Test Case '-[DiskStewardCoreTests.EvidenceStoreTests testLegacyUpgradeUsesAValidatedAtomicShadowAndPreservesEvidence]' started.
Test Case '-[DiskStewardCoreTests.EvidenceStoreTests testLegacyUpgradeUsesAValidatedAtomicShadowAndPreservesEvidence]' passed (0.019 seconds).
Test Case '-[DiskStewardCoreTests.EvidenceStoreTests testMigrationEnablesWALAndIntegrityChecks]' started.
Test Case '-[DiskStewardCoreTests.EvidenceStoreTests testMigrationEnablesWALAndIntegrityChecks]' passed (0.008 seconds).
Test Case '-[DiskStewardCoreTests.EvidenceStoreTests testMigrationPreflightLeavesTheLegacyDatabaseUntouchedWhenCapacityIsInsufficient]' started.
Test Case '-[DiskStewardCoreTests.EvidenceStoreTests testMigrationPreflightLeavesTheLegacyDatabaseUntouchedWhenCapacityIsInsufficient]' passed (0.012 seconds).
Test Case '-[DiskStewardCoreTests.EvidenceStoreTests testRetentionAggregatesRawEventsAndBoundsHistory]' started.
Test Case '-[DiskStewardCoreTests.EvidenceStoreTests testRetentionAggregatesRawEventsAndBoundsHistory]' passed (0.016 seconds).
Test Case '-[DiskStewardCoreTests.EvidenceStoreTests testRetentionContractRejectsUnboundedValues]' started.
Test Case '-[DiskStewardCoreTests.EvidenceStoreTests testRetentionContractRejectsUnboundedValues]' passed (0.000 seconds).
Test Case '-[DiskStewardCoreTests.EvidenceStoreTests testStorageAdmissionRejectsAWriteBeforeItCanRunPastTheAllFileBudget]' started.
Test Case '-[DiskStewardCoreTests.EvidenceStoreTests testStorageAdmissionRejectsAWriteBeforeItCanRunPastTheAllFileBudget]' passed (0.008 seconds).
Test Suite 'EvidenceStoreTests' failed at 2026-09-17 15:22:21.683.
	 Executed 12 tests, with 1 failure (0 unexpected) in 0.657 (0.658) seconds
Test Suite 'EvidenceUsefulnessContractTests' started at 2026-09-17 15:22:21.683.
Test Case '-[ContractTests.EvidenceUsefulnessContractTests testActionableExportFixtureIsClosedCompleteAndHonest]' started.
Test Case '-[ContractTests.EvidenceUsefulnessContractTests testActionableExportFixtureIsClosedCompleteAndHonest]' passed (0.001 seconds).
Test Case '-[ContractTests.EvidenceUsefulnessContractTests testCapacityOnlyBundleFailsRequiredRoleContract]' started.
Test Case '-[ContractTests.EvidenceUsefulnessContractTests testCapacityOnlyBundleFailsRequiredRoleContract]' passed (0.000 seconds).
Test Case '-[ContractTests.EvidenceUsefulnessContractTests testMultiSliceGenerationReconcilesOnlyAtCompletion]' started.
Test Case '-[ContractTests.EvidenceUsefulnessContractTests testMultiSliceGenerationReconcilesOnlyAtCompletion]' passed (0.000 seconds).
Test Case '-[ContractTests.EvidenceUsefulnessContractTests testOpenCoverageGapCannotClaimCompleteOrNoMeasuredChange]' started.
Test Case '-[ContractTests.EvidenceUsefulnessContractTests testOpenCoverageGapCannotClaimCompleteOrNoMeasuredChange]' passed (0.000 seconds).
Test Case '-[ContractTests.EvidenceUsefulnessContractTests testRestartResumesSameGenerationAndFrontier]' started.
Test Case '-[ContractTests.EvidenceUsefulnessContractTests testRestartResumesSameGenerationAndFrontier]' passed (0.000 seconds).
Test Case '-[ContractTests.EvidenceUsefulnessContractTests testScopeChangeAbandonsOldGenerationWithoutPromotingIt]' started.
Test Case '-[ContractTests.EvidenceUsefulnessContractTests testScopeChangeAbandonsOldGenerationWithoutPromotingIt]' passed (0.000 seconds).
Test Suite 'EvidenceUsefulnessContractTests' passed at 2026-09-17 15:22:21.686.
	 Executed 6 tests, with 0 failures (0 unexpected) in 0.002 (0.003) seconds
Test Suite 'ExplanationTests' started at 2026-09-17 15:22:21.686.
Test Case '-[DiskStewardCoreTests.ExplanationTests testEventGapWeakensEveryDetailedCauseAndIsExplicit]' started.
Test Case '-[DiskStewardCoreTests.ExplanationTests testEventGapWeakensEveryDetailedCauseAndIsExplicit]' passed (0.000 seconds).
Test Case '-[DiskStewardCoreTests.ExplanationTests testExplanationSeparatesDetailedAndUnexplainedGrowth]' started.
Test Case '-[DiskStewardCoreTests.ExplanationTests testExplanationSeparatesDetailedAndUnexplainedGrowth]' passed (0.000 seconds).
Test Case '-[DiskStewardCoreTests.ExplanationTests testObservedDetailCannotCreateNegativeUnexplainedGrowth]' started.
Test Case '-[DiskStewardCoreTests.ExplanationTests testObservedDetailCannotCreateNegativeUnexplainedGrowth]' passed (0.000 seconds).
Test Suite 'ExplanationTests' passed at 2026-09-17 15:22:21.686.
	 Executed 3 tests, with 0 failures (0 unexpected) in 0.000 (0.000) seconds
Test Suite 'FinalProductIncrementTests' started at 2026-09-17 15:22:21.686.
Test Case '-[IncrementTests.FinalProductIncrementTests testCompleteProductJourneyPreservesEvidenceAndHonestFallback]' started.
/private/tmp/disk-steward-522-lifecycle-dev.9CYz1T/Tests/IncrementTests/Final/FinalProductIncrementTests.swift:102: error: -[IncrementTests.FinalProductIncrementTests testCompleteProductJourneyPreservesEvidenceAndHonestFallback] : XCTUnwrap failed: threw error "Error Domain=NSCocoaErrorDomain Code=3840 "Unable to parse empty data." UserInfo={NSDebugDescription=Unable to parse empty data.}"
/private/tmp/disk-steward-522-lifecycle-dev.9CYz1T/Tests/IncrementTests/Final/FinalProductIncrementTests.swift:102: error: -[IncrementTests.FinalProductIncrementTests testCompleteProductJourneyPreservesEvidenceAndHonestFallback] : failed: caught error: "Error Domain=NSCocoaErrorDomain Code=3840 "Unable to parse empty data." UserInfo={NSDebugDescription=Unable to parse empty data.}"
Test Case '-[IncrementTests.FinalProductIncrementTests testCompleteProductJourneyPreservesEvidenceAndHonestFallback]' failed (0.360 seconds).
Test Case '-[IncrementTests.FinalProductIncrementTests testReleaseSmokeGateRejectsMissingOrUnsafeIsolationFields]' started.
Test Case '-[IncrementTests.FinalProductIncrementTests testReleaseSmokeGateRejectsMissingOrUnsafeIsolationFields]' passed (1.071 seconds).
Test Case '-[IncrementTests.FinalProductIncrementTests testSmokeStartupPreservesLiveFixtureEndpointAndAllSentinelState]' started.
/private/tmp/disk-steward-522-lifecycle-dev.9CYz1T/Sources/DiskStewardCore/IPC/UnixSocketEvidenceServer.swift:260: error: -[IncrementTests.FinalProductIncrementTests testSmokeStartupPreservesLiveFixtureEndpointAndAllSentinelState] : failed: caught error: "connectionFailed(1)"
Test Case '-[IncrementTests.FinalProductIncrementTests testSmokeStartupPreservesLiveFixtureEndpointAndAllSentinelState]' failed (0.003 seconds).
Test Suite 'FinalProductIncrementTests' failed at 2026-09-17 15:22:23.121.
	 Executed 3 tests, with 3 failures (3 unexpected) in 1.434 (1.434) seconds
Test Suite 'HistoricalMigrationTests' started at 2026-09-17 15:22:23.121.
Test Case '-[DiskStewardCoreTests.HistoricalMigrationTests testActualHistoricalSchemasRecoverAtEveryAtomicMigrationCheckpoint]' started.
Test Case '-[DiskStewardCoreTests.HistoricalMigrationTests testActualHistoricalSchemasRecoverAtEveryAtomicMigrationCheckpoint]' passed (0.333 seconds).
Test Case '-[DiskStewardCoreTests.HistoricalMigrationTests testActualHistoricalSchemasRemainIntactWhenMigrationHasNoHeadroom]' started.
Test Case '-[DiskStewardCoreTests.HistoricalMigrationTests testActualHistoricalSchemasRemainIntactWhenMigrationHasNoHeadroom]' passed (0.036 seconds).
Test Case '-[DiskStewardCoreTests.HistoricalMigrationTests testActualV5AndV6BackfillAcrossBatchBoundaryWithoutReplayingUnprovenMembership]' started.
Test Case '-[DiskStewardCoreTests.HistoricalMigrationTests testActualV5AndV6BackfillAcrossBatchBoundaryWithoutReplayingUnprovenMembership]' passed (0.220 seconds).
Test Case '-[DiskStewardCoreTests.HistoricalMigrationTests testHistoricalOccurrenceBoundsMigrateWithoutInventingLowerEvidence]' started.
Test Case '-[DiskStewardCoreTests.HistoricalMigrationTests testHistoricalOccurrenceBoundsMigrateWithoutInventingLowerEvidence]' passed (0.069 seconds).
Test Suite 'HistoricalMigrationTests' passed at 2026-09-17 15:22:23.779.
	 Executed 4 tests, with 0 failures (0 unexpected) in 0.658 (0.659) seconds
Test Suite 'IntegrationInstallTests' started at 2026-09-17 15:22:23.779.
Test Case '-[IntegrationInstallTests.IntegrationInstallTests testClaudeInstallUpgradeAndUninstallMergeOnlyOwnedServer]' started.
Test Case '-[IntegrationInstallTests.IntegrationInstallTests testClaudeInstallUpgradeAndUninstallMergeOnlyOwnedServer]' passed (1.706 seconds).
Test Case '-[IntegrationInstallTests.IntegrationInstallTests testCodexInstallerFailsClosedOnMalformedManagedMarkers]' started.
Test Case '-[IntegrationInstallTests.IntegrationInstallTests testCodexInstallerFailsClosedOnMalformedManagedMarkers]' passed (0.075 seconds).
Test Case '-[IntegrationInstallTests.IntegrationInstallTests testCodexInstallUpgradeAndUninstallPreserveUnrelatedConfigurationAndEvidence]' started.
Test Case '-[IntegrationInstallTests.IntegrationInstallTests testCodexInstallUpgradeAndUninstallPreserveUnrelatedConfigurationAndEvidence]' passed (0.649 seconds).
Test Case '-[IntegrationInstallTests.IntegrationInstallTests testHelperSelfCheckRequiresLiveEvidenceService]' started.
/private/tmp/disk-steward-522-lifecycle-dev.9CYz1T/Sources/DiskStewardCore/IPC/UnixSocketEvidenceServer.swift:260: error: -[IntegrationInstallTests.IntegrationInstallTests testHelperSelfCheckRequiresLiveEvidenceService] : failed: caught error: "connectionFailed(1)"
Test Case '-[IntegrationInstallTests.IntegrationInstallTests testHelperSelfCheckRequiresLiveEvidenceService]' failed (0.002 seconds).
Test Case '-[IntegrationInstallTests.IntegrationInstallTests testInstallAndUninstallDryRunsAreMutationFree]' started.
Test Case '-[IntegrationInstallTests.IntegrationInstallTests testInstallAndUninstallDryRunsAreMutationFree]' passed (0.296 seconds).
Test Case '-[IntegrationInstallTests.IntegrationInstallTests testInstalledConnectorDiscoversToolsAndQueriesEvidenceOverPrivateSocket]' started.
/private/tmp/disk-steward-522-lifecycle-dev.9CYz1T/Sources/DiskStewardCore/IPC/UnixSocketEvidenceServer.swift:260: error: -[IntegrationInstallTests.IntegrationInstallTests testInstalledConnectorDiscoversToolsAndQueriesEvidenceOverPrivateSocket] : failed: caught error: "connectionFailed(1)"
Test Case '-[IntegrationInstallTests.IntegrationInstallTests testInstalledConnectorDiscoversToolsAndQueriesEvidenceOverPrivateSocket]' failed (0.006 seconds).
Test Case '-[IntegrationInstallTests.IntegrationInstallTests testPackagedHelperOverridesFailBeforeExecutionOutsideDisposableBuild]' started.
Test Case '-[IntegrationInstallTests.IntegrationInstallTests testPackagedHelperOverridesFailBeforeExecutionOutsideDisposableBuild]' passed (0.003 seconds).
Test Case '-[IntegrationInstallTests.IntegrationInstallTests testSessionAdapterRegistersFixtureAndDoctorExplainsUnavailableApp]' started.
/private/tmp/disk-steward-522-lifecycle-dev.9CYz1T/Sources/DiskStewardCore/IPC/UnixSocketEvidenceServer.swift:260: error: -[IntegrationInstallTests.IntegrationInstallTests testSessionAdapterRegistersFixtureAndDoctorExplainsUnavailableApp] : failed: caught error: "connectionFailed(1)"
Test Case '-[IntegrationInstallTests.IntegrationInstallTests testSessionAdapterRegistersFixtureAndDoctorExplainsUnavailableApp]' failed (0.003 seconds).
Test Suite 'IntegrationInstallTests' failed at 2026-09-17 15:22:26.519.
	 Executed 8 tests, with 3 failures (3 unexpected) in 2.738 (2.739) seconds
Test Suite 'LaunchAtLoginControllerTests' started at 2026-09-17 15:22:26.519.
Test Case '-[DiskStewardAppTests.LaunchAtLoginControllerTests testAdapterPreservesObservedStatusWhenRegistrationFails]' started.
Test Case '-[DiskStewardAppTests.LaunchAtLoginControllerTests testAdapterPreservesObservedStatusWhenRegistrationFails]' passed (0.001 seconds).
Test Case '-[DiskStewardAppTests.LaunchAtLoginControllerTests testAdapterRegistersAndUnregistersMainAppService]' started.
Test Case '-[DiskStewardAppTests.LaunchAtLoginControllerTests testAdapterRegistersAndUnregistersMainAppService]' passed (0.000 seconds).
Test Suite 'LaunchAtLoginControllerTests' passed at 2026-09-17 15:22:26.521.
	 Executed 2 tests, with 0 failures (0 unexpected) in 0.002 (0.002) seconds
Test Suite 'MCPAccessTests' started at 2026-09-17 15:22:26.521.
Test Case '-[DiskStewardAppTests.MCPAccessTests testEveryStateHasHumanReadableTextIndependentOfColor]' started.
Test Case '-[DiskStewardAppTests.MCPAccessTests testEveryStateHasHumanReadableTextIndependentOfColor]' passed (0.000 seconds).
Test Case '-[DiskStewardAppTests.MCPAccessTests testFreshInstallDefaultsOffWithoutStartingAService]' started.
Test Case '-[DiskStewardAppTests.MCPAccessTests testFreshInstallDefaultsOffWithoutStartingAService]' passed (0.000 seconds).
Test Case '-[DiskStewardAppTests.MCPAccessTests testRealPrivateSocketIsQueryableOnlyWhileEnabled]' started.
/private/tmp/disk-steward-522-lifecycle-dev.9CYz1T/Tests/DiskStewardAppTests/MCPAccess/MCPAccessTests.swift:80: error: -[DiskStewardAppTests.MCPAccessTests testRealPrivateSocketIsQueryableOnlyWhileEnabled] : XCTAssertEqual failed: ("degraded") is not equal to ("on")
/private/tmp/disk-steward-522-lifecycle-dev.9CYz1T/Tests/DiskStewardAppTests/MCPAccess/MCPAccessTests.swift:81: error: -[DiskStewardAppTests.MCPAccessTests testRealPrivateSocketIsQueryableOnlyWhileEnabled] : XCTAssertEqual failed: threw error "appUnavailable"
/private/tmp/disk-steward-522-lifecycle-dev.9CYz1T/Tests/DiskStewardAppTests/MCPAccess/MCPAccessTests.swift:86: error: -[DiskStewardAppTests.MCPAccessTests testRealPrivateSocketIsQueryableOnlyWhileEnabled] : XCTAssertEqual failed: ("-1") is not equal to ("0")
/private/tmp/disk-steward-522-lifecycle-dev.9CYz1T/Tests/DiskStewardAppTests/MCPAccess/MCPAccessTests.swift:87: error: -[DiskStewardAppTests.MCPAccessTests testRealPrivateSocketIsQueryableOnlyWhileEnabled] : XCTAssertEqual failed: ("0") is not equal to ("501")
Test Case '-[DiskStewardAppTests.MCPAccessTests testRealPrivateSocketIsQueryableOnlyWhileEnabled]' failed (0.006 seconds).
Test Case '-[DiskStewardAppTests.MCPAccessTests testRepeatedTogglesRetainOneServiceAndItsOutstandingWorkBudget]' started.
Test Case '-[DiskStewardAppTests.MCPAccessTests testRepeatedTogglesRetainOneServiceAndItsOutstandingWorkBudget]' passed (0.041 seconds).
Test Case '-[DiskStewardAppTests.MCPAccessTests testStartupFailureIsExplicitlyDegradedAndDoesNotPretendAccessIsOn]' started.
Test Case '-[DiskStewardAppTests.MCPAccessTests testStartupFailureIsExplicitlyDegradedAndDoesNotPretendAccessIsOn]' passed (0.001 seconds).
Test Case '-[DiskStewardAppTests.MCPAccessTests testToggleLeavesEvidenceMonitoringAndExternalAgentConfigurationUntouched]' started.
Test Case '-[DiskStewardAppTests.MCPAccessTests testToggleLeavesEvidenceMonitoringAndExternalAgentConfigurationUntouched]' passed (0.002 seconds).
Test Case '-[DiskStewardAppTests.MCPAccessTests testTogglePersistsAndOwnsServiceLifecycle]' started.
Test Case '-[DiskStewardAppTests.MCPAccessTests testTogglePersistsAndOwnsServiceLifecycle]' passed (0.002 seconds).
Test Suite 'MCPAccessTests' failed at 2026-09-17 15:22:26.573.
	 Executed 7 tests, with 4 failures (1 unexpected) in 0.052 (0.053) seconds
Test Suite 'MCPAdmissionTests' started at 2026-09-17 15:22:26.573.
Test Case '-[DiskStewardMCPTests.MCPAdmissionTests testAdmissionBoundsDuplicateIDsAndCancelBeforeDispatch]' started.
Test Case '-[DiskStewardMCPTests.MCPAdmissionTests testAdmissionBoundsDuplicateIDsAndCancelBeforeDispatch]' passed (0.002 seconds).
Test Case '-[DiskStewardMCPTests.MCPAdmissionTests testCancellationCanWinAfterSerializationBeforeTerminalClaim]' started.
Test Case '-[DiskStewardMCPTests.MCPAdmissionTests testCancellationCanWinAfterSerializationBeforeTerminalClaim]' passed (0.008 seconds).
Test Case '-[DiskStewardMCPTests.MCPAdmissionTests testTransportFailureCancelsEveryAdmittedRequestAndClosesAdmission]' started.
Test Case '-[DiskStewardMCPTests.MCPAdmissionTests testTransportFailureCancelsEveryAdmittedRequestAndClosesAdmission]' passed (0.000 seconds).
Test Case '-[DiskStewardMCPTests.MCPAdmissionTests testUnknownCancellationDoesNotCancelFutureRequest]' started.
Test Case '-[DiskStewardMCPTests.MCPAdmissionTests testUnknownCancellationDoesNotCancelFutureRequest]' passed (0.000 seconds).
Test Case '-[DiskStewardMCPTests.MCPAdmissionTests testUnknownCancellationFloodCannotPreventActiveCancellation]' started.
Test Case '-[DiskStewardMCPTests.MCPAdmissionTests testUnknownCancellationFloodCannotPreventActiveCancellation]' passed (0.035 seconds).
Test Suite 'MCPAdmissionTests' passed at 2026-09-17 15:22:26.620.
	 Executed 5 tests, with 0 failures (0 unexpected) in 0.046 (0.046) seconds
Test Suite 'MCPContractTests' started at 2026-09-17 15:22:26.620.
Test Case '-[ContractTests.MCPContractTests testClientCompatibilityFixturesUseLocalStdioWithoutCredentials]' started.
Test Case '-[ContractTests.MCPContractTests testClientCompatibilityFixturesUseLocalStdioWithoutCredentials]' passed (0.000 seconds).
Test Case '-[ContractTests.MCPContractTests testMCPFixturesFollowLifecycleAndErrorSeparation]' started.
Test Case '-[ContractTests.MCPContractTests testMCPFixturesFollowLifecycleAndErrorSeparation]' passed (0.000 seconds).
Test Case '-[ContractTests.MCPContractTests testMCPInventoryIsBoundedLocalAndStrictlyReadOnly]' started.
Test Case '-[ContractTests.MCPContractTests testMCPInventoryIsBoundedLocalAndStrictlyReadOnly]' passed (0.001 seconds).
Test Case '-[ContractTests.MCPContractTests testSanitizedResponseCarriesConfidenceLimitationsAndNoSecrets]' started.
Test Case '-[ContractTests.MCPContractTests testSanitizedResponseCarriesConfidenceLimitationsAndNoSecrets]' passed (0.000 seconds).
Test Case '-[ContractTests.MCPContractTests testSessionLifecycleFixturesAreVersionedAndAuthenticated]' started.
Test Case '-[ContractTests.MCPContractTests testSessionLifecycleFixturesAreVersionedAndAuthenticated]' passed (0.001 seconds).
Test Case '-[ContractTests.MCPContractTests testSpoofedSessionFailsClosedAndRegistrationCannotClaimExact]' started.
Test Case '-[ContractTests.MCPContractTests testSpoofedSessionFailsClosedAndRegistrationCannotClaimExact]' passed (0.000 seconds).
Test Suite 'MCPContractTests' passed at 2026-09-17 15:22:26.623.
	 Executed 6 tests, with 0 failures (0 unexpected) in 0.003 (0.003) seconds
Test Suite 'MCPTransportLifecycleTests' started at 2026-09-17 15:22:26.623.
Test Case '-[IntegrationInstallTests.MCPTransportLifecycleTests testBlockedStdoutStillProcessesCancellationAndExitsWithoutMoreInput]' started.
/private/tmp/disk-steward-522-lifecycle-dev.9CYz1T/Sources/DiskStewardCore/IPC/UnixSocketEvidenceServer.swift:260: error: -[IntegrationInstallTests.MCPTransportLifecycleTests testBlockedStdoutStillProcessesCancellationAndExitsWithoutMoreInput] : failed: caught error: "connectionFailed(1)"
Test Case '-[IntegrationInstallTests.MCPTransportLifecycleTests testBlockedStdoutStillProcessesCancellationAndExitsWithoutMoreInput]' failed (0.001 seconds).
Test Case '-[IntegrationInstallTests.MCPTransportLifecycleTests testClosedStdoutTerminatesNormallyInsteadOfSIGPIPE]' started.
/private/tmp/disk-steward-522-lifecycle-dev.9CYz1T/Sources/DiskStewardCore/IPC/UnixSocketEvidenceServer.swift:260: error: -[IntegrationInstallTests.MCPTransportLifecycleTests testClosedStdoutTerminatesNormallyInsteadOfSIGPIPE] : failed: caught error: "connectionFailed(1)"
Test Case '-[IntegrationInstallTests.MCPTransportLifecycleTests testClosedStdoutTerminatesNormallyInsteadOfSIGPIPE]' failed (0.001 seconds).
Test Case '-[IntegrationInstallTests.MCPTransportLifecycleTests testEOFHasFiniteGraceAndCancelsBackendWork]' started.
/private/tmp/disk-steward-522-lifecycle-dev.9CYz1T/Sources/DiskStewardCore/IPC/UnixSocketEvidenceServer.swift:260: error: -[IntegrationInstallTests.MCPTransportLifecycleTests testEOFHasFiniteGraceAndCancelsBackendWork] : failed: caught error: "connectionFailed(1)"
Test Case '-[IntegrationInstallTests.MCPTransportLifecycleTests testEOFHasFiniteGraceAndCancelsBackendWork]' failed (0.001 seconds).
Test Case '-[IntegrationInstallTests.MCPTransportLifecycleTests testFourCallsAreBoundedAndCancellationFreesCapacity]' started.
/private/tmp/disk-steward-522-lifecycle-dev.9CYz1T/Sources/DiskStewardCore/IPC/UnixSocketEvidenceServer.swift:260: error: -[IntegrationInstallTests.MCPTransportLifecycleTests testFourCallsAreBoundedAndCancellationFreesCapacity] : failed: caught error: "connectionFailed(1)"
Test Case '-[IntegrationInstallTests.MCPTransportLifecycleTests testFourCallsAreBoundedAndCancellationFreesCapacity]' failed (0.001 seconds).
Test Case '-[IntegrationInstallTests.MCPTransportLifecycleTests testOversizedLineIsDiscardedAndNextFrameIsProcessed]' started.
/private/tmp/disk-steward-522-lifecycle-dev.9CYz1T/Sources/DiskStewardCore/IPC/UnixSocketEvidenceServer.swift:260: error: -[IntegrationInstallTests.MCPTransportLifecycleTests testOversizedLineIsDiscardedAndNextFrameIsProcessed] : failed: caught error: "connectionFailed(1)"
Test Case '-[IntegrationInstallTests.MCPTransportLifecycleTests testOversizedLineIsDiscardedAndNextFrameIsProcessed]' failed (0.001 seconds).
Test Case '-[IntegrationInstallTests.MCPTransportLifecycleTests testSelfCheckAlsoExitsWhenItsOutputIsNotRead]' started.
/private/tmp/disk-steward-522-lifecycle-dev.9CYz1T/Sources/DiskStewardCore/IPC/UnixSocketEvidenceServer.swift:260: error: -[IntegrationInstallTests.MCPTransportLifecycleTests testSelfCheckAlsoExitsWhenItsOutputIsNotRead] : failed: caught error: "connectionFailed(1)"
Test Case '-[IntegrationInstallTests.MCPTransportLifecycleTests testSelfCheckAlsoExitsWhenItsOutputIsNotRead]' failed (0.001 seconds).
Test Suite 'MCPTransportLifecycleTests' failed at 2026-09-17 15:22:26.628.
	 Executed 6 tests, with 6 failures (6 unexpected) in 0.004 (0.005) seconds
Test Suite 'MonitoringLifecycleTests' started at 2026-09-17 15:22:26.628.
Test Case '-[DiskStewardAppTests.MonitoringLifecycleTests testActiveSampleKeepsItsSafetyMarkerThroughPauseResumeAndQuit]' started.
Test Case '-[DiskStewardAppTests.MonitoringLifecycleTests testActiveSampleKeepsItsSafetyMarkerThroughPauseResumeAndQuit]' passed (0.001 seconds).
Test Case '-[DiskStewardAppTests.MonitoringLifecycleTests testBusyFollowUpCannotRunDuringPauseOrSleep]' started.
Test Case '-[DiskStewardAppTests.MonitoringLifecycleTests testBusyFollowUpCannotRunDuringPauseOrSleep]' passed (0.001 seconds).
Test Case '-[DiskStewardAppTests.MonitoringLifecycleTests testConcurrentSampleRequestsAreSingleFlightAndCoalesced]' started.
Test Case '-[DiskStewardAppTests.MonitoringLifecycleTests testConcurrentSampleRequestsAreSingleFlightAndCoalesced]' passed (0.000 seconds).
Test Case '-[DiskStewardAppTests.MonitoringLifecycleTests testConfiguredDatabaseLimitIsTheMonitoringSourceOfTruth]' started.
Test Case '-[DiskStewardAppTests.MonitoringLifecycleTests testConfiguredDatabaseLimitIsTheMonitoringSourceOfTruth]' passed (0.034 seconds).
Test Case '-[DiskStewardAppTests.MonitoringLifecycleTests testDatabasePressureRunsStartupRecoveryBeforeCircuitBreaker]' started.
Test Case '-[DiskStewardAppTests.MonitoringLifecycleTests testDatabasePressureRunsStartupRecoveryBeforeCircuitBreaker]' passed (0.024 seconds).
Test Case '-[DiskStewardAppTests.MonitoringLifecycleTests testDegradedSampleRecoversAndHistoryExplainsBothStates]' started.
Test Case '-[DiskStewardAppTests.MonitoringLifecycleTests testDegradedSampleRecoversAndHistoryExplainsBothStates]' passed (0.001 seconds).
Test Case '-[DiskStewardAppTests.MonitoringLifecycleTests testInterruptedSampleStartsInSafetyPauseUntilUserResumes]' started.
Test Case '-[DiskStewardAppTests.MonitoringLifecycleTests testInterruptedSampleStartsInSafetyPauseUntilUserResumes]' passed (0.000 seconds).
Test Case '-[DiskStewardAppTests.MonitoringLifecycleTests testLateCompletionCannotUndoPauseSleepOrQuit]' started.
Test Case '-[DiskStewardAppTests.MonitoringLifecycleTests testLateCompletionCannotUndoPauseSleepOrQuit]' passed (0.001 seconds).
Test Case '-[DiskStewardAppTests.MonitoringLifecycleTests testPauseAndResumePersistUserChoice]' started.
Test Case '-[DiskStewardAppTests.MonitoringLifecycleTests testPauseAndResumePersistUserChoice]' passed (0.000 seconds).
Test Case '-[DiskStewardAppTests.MonitoringLifecycleTests testPersistentProbeCapsOneSafetySliceToARepresentableBatch]' started.
Test Case '-[DiskStewardAppTests.MonitoringLifecycleTests testPersistentProbeCapsOneSafetySliceToARepresentableBatch]' passed (0.350 seconds).
Test Case '-[DiskStewardAppTests.MonitoringLifecycleTests testPersistentProbeStoresScheduledSnapshotAndDetailedDelta]' started.
Test Case '-[DiskStewardAppTests.MonitoringLifecycleTests testPersistentProbeStoresScheduledSnapshotAndDetailedDelta]' passed (0.035 seconds).
Test Case '-[DiskStewardAppTests.MonitoringLifecycleTests testResourceCircuitBreakerStopsBeforeFilesystemTraversalAndHistoryIsBounded]' started.
Test Case '-[DiskStewardAppTests.MonitoringLifecycleTests testResourceCircuitBreakerStopsBeforeFilesystemTraversalAndHistoryIsBounded]' passed (0.010 seconds).
Test Case '-[DiskStewardAppTests.MonitoringLifecycleTests testResumeWaitsForOldSampleThenStartsFreshOwnedWork]' started.
Test Case '-[DiskStewardAppTests.MonitoringLifecycleTests testResumeWaitsForOldSampleThenStartsFreshOwnedWork]' passed (0.001 seconds).
Test Case '-[DiskStewardAppTests.MonitoringLifecycleTests testSettingsPublisherUsesIncomingScopeAndDoesNotRestartPausedCollector]' started.
Test Case '-[DiskStewardAppTests.MonitoringLifecycleTests testSettingsPublisherUsesIncomingScopeAndDoesNotRestartPausedCollector]' passed (0.000 seconds).
Test Case '-[DiskStewardAppTests.MonitoringLifecycleTests testShutdownDeadlinePreservesUnfinishedMarkerForNextLaunch]' started.
Test Case '-[DiskStewardAppTests.MonitoringLifecycleTests testShutdownDeadlinePreservesUnfinishedMarkerForNextLaunch]' passed (0.001 seconds).
Test Case '-[DiskStewardAppTests.MonitoringLifecycleTests testShutdownDrainsBeforeDeadlineAndSharesOneWaiter]' started.
Test Case '-[DiskStewardAppTests.MonitoringLifecycleTests testShutdownDrainsBeforeDeadlineAndSharesOneWaiter]' passed (0.000 seconds).
Test Case '-[DiskStewardAppTests.MonitoringLifecycleTests testShutdownIsTerminalForQueuedPowerAndUserCallbacks]' started.
Test Case '-[DiskStewardAppTests.MonitoringLifecycleTests testShutdownIsTerminalForQueuedPowerAndUserCallbacks]' passed (0.001 seconds).
Test Case '-[DiskStewardAppTests.MonitoringLifecycleTests testStopCancelsTheOwnedSampleRegardlessOfItsCaller]' started.
Test Case '-[DiskStewardAppTests.MonitoringLifecycleTests testStopCancelsTheOwnedSampleRegardlessOfItsCaller]' passed (0.001 seconds).
Test Case '-[DiskStewardAppTests.MonitoringLifecycleTests testSystemSleepSuspendsWithoutChangingUserChoiceAndWakeRefreshes]' started.
Test Case '-[DiskStewardAppTests.MonitoringLifecycleTests testSystemSleepSuspendsWithoutChangingUserChoiceAndWakeRefreshes]' passed (0.000 seconds).
Test Suite 'MonitoringLifecycleTests' passed at 2026-09-17 15:22:27.089.
	 Executed 19 tests, with 0 failures (0 unexpected) in 0.460 (0.462) seconds
Test Suite 'MonitoringProbeCancellationTests' started at 2026-09-17 15:22:27.089.
Test Case '-[DiskStewardAppTests.MonitoringProbeCancellationTests testAlreadyCancelledSampleDoesNotStartResourceOrStoreWork]' started.
Test Case '-[DiskStewardAppTests.MonitoringProbeCancellationTests testAlreadyCancelledSampleDoesNotStartResourceOrStoreWork]' passed (0.009 seconds).
Test Case '-[DiskStewardAppTests.MonitoringProbeCancellationTests testCancellationAfterTraversalDoesNotSubmitItsComputedSlice]' started.
Test Case '-[DiskStewardAppTests.MonitoringProbeCancellationTests testCancellationAfterTraversalDoesNotSubmitItsComputedSlice]' passed (0.031 seconds).
Test Case '-[DiskStewardAppTests.MonitoringProbeCancellationTests testPartialAndFailedProbeResultsHaveHonestLifecyclePresentation]' started.
Test Case '-[DiskStewardAppTests.MonitoringProbeCancellationTests testPartialAndFailedProbeResultsHaveHonestLifecyclePresentation]' passed (0.146 seconds).
Test Suite 'MonitoringProbeCancellationTests' passed at 2026-09-17 15:22:27.276.
	 Executed 3 tests, with 0 failures (0 unexpected) in 0.187 (0.187) seconds
Test Suite 'MonitoringSettingsTests' started at 2026-09-17 15:22:27.276.
Test Case '-[DiskStewardAppTests.MonitoringSettingsTests testChosenWatchedFolderIsStandardizedPersistedAndDeduplicated]' started.
Test Case '-[DiskStewardAppTests.MonitoringSettingsTests testChosenWatchedFolderIsStandardizedPersistedAndDeduplicated]' passed (0.000 seconds).
Test Case '-[DiskStewardAppTests.MonitoringSettingsTests testFolderSelectionNavigatesDirectoriesAndRejectsInvalidPaths]' started.
Test Case '-[DiskStewardAppTests.MonitoringSettingsTests testFolderSelectionNavigatesDirectoriesAndRejectsInvalidPaths]' passed (0.055 seconds).
Test Case '-[DiskStewardAppTests.MonitoringSettingsTests testInvestigationWindowCanStartAndEnd]' started.
Test Case '-[DiskStewardAppTests.MonitoringSettingsTests testInvestigationWindowCanStartAndEnd]' passed (0.000 seconds).
Test Case '-[DiskStewardAppTests.MonitoringSettingsTests testSettingsNormalizeAndRoundTripEveryUserControl]' started.
Test Case '-[DiskStewardAppTests.MonitoringSettingsTests testSettingsNormalizeAndRoundTripEveryUserControl]' passed (0.000 seconds).
Test Suite 'MonitoringSettingsTests' passed at 2026-09-17 15:22:27.333.
	 Executed 4 tests, with 0 failures (0 unexpected) in 0.056 (0.056) seconds
Test Suite 'MonitoringTests' started at 2026-09-17 15:22:27.333.
Test Case '-[DiskStewardCoreTests.MonitoringTests testFSEventsInterpreterFiltersExclusionsAndPreservesGapEvidence]' started.
Test Case '-[DiskStewardCoreTests.MonitoringTests testFSEventsInterpreterFiltersExclusionsAndPreservesGapEvidence]' passed (0.001 seconds).
Test Case '-[DiskStewardCoreTests.MonitoringTests testGrowthInsideAndOutsideWatchedRootBecomesDetailedAndUnexplained]' started.
Test Case '-[DiskStewardCoreTests.MonitoringTests testGrowthInsideAndOutsideWatchedRootBecomesDetailedAndUnexplained]' passed (0.002 seconds).
Test Case '-[DiskStewardCoreTests.MonitoringTests testMetadataScannerDerivesBoundedChangesWithoutReadingContents]' started.
Test Case '-[DiskStewardCoreTests.MonitoringTests testMetadataScannerDerivesBoundedChangesWithoutReadingContents]' passed (0.002 seconds).
Test Case '-[DiskStewardCoreTests.MonitoringTests testMetadataScannerPreservesSharedIdentityAndLinkCountForHardLinks]' started.
Test Case '-[DiskStewardCoreTests.MonitoringTests testMetadataScannerPreservesSharedIdentityAndLinkCountForHardLinks]' passed (0.001 seconds).
Test Case '-[DiskStewardCoreTests.MonitoringTests testMetadataScannerReportsUnavailableAndEntryLimit]' started.
Test Case '-[DiskStewardCoreTests.MonitoringTests testMetadataScannerReportsUnavailableAndEntryLimit]' passed (0.002 seconds).
Test Case '-[DiskStewardCoreTests.MonitoringTests testNativeFSEventsCollectorEmitsRescanHintForWatchedRoot]' started.
/private/tmp/disk-steward-522-lifecycle-dev.9CYz1T/Sources/DiskStewardCore/Monitoring/TargetedFSEventsCollector.swift:224: error: -[DiskStewardCoreTests.MonitoringTests testNativeFSEventsCollectorEmitsRescanHintForWatchedRoot] : failed: caught error: "streamStartFailed"
/private/tmp/disk-steward-522-lifecycle-dev.9CYz1T/Tests/DiskStewardCoreTests/Monitoring/MonitoringTests.swift:166: error: -[DiskStewardCoreTests.MonitoringTests testNativeFSEventsCollectorEmitsRescanHintForWatchedRoot] : Failed due to unwaited expectation 'FSEvents path hint'.
Test Case '-[DiskStewardCoreTests.MonitoringTests testNativeFSEventsCollectorEmitsRescanHintForWatchedRoot]' failed (0.002 seconds).
Test Case '-[DiskStewardCoreTests.MonitoringTests testPolicyCombinesStableRegisteredAndActiveInvestigationRoots]' started.
Test Case '-[DiskStewardCoreTests.MonitoringTests testPolicyCombinesStableRegisteredAndActiveInvestigationRoots]' passed (0.001 seconds).
Test Case '-[DiskStewardCoreTests.MonitoringTests testWholeVolumeSamplerReturnsMountedVolumeMetrics]' started.
Test Case '-[DiskStewardCoreTests.MonitoringTests testWholeVolumeSamplerReturnsMountedVolumeMetrics]' passed (0.005 seconds).
Test Case '-[DiskStewardCoreTests.MonitoringTests testWriteCoalescerMergesOnlyMatchingPathAndOperationInWindow]' started.
Test Case '-[DiskStewardCoreTests.MonitoringTests testWriteCoalescerMergesOnlyMatchingPathAndOperationInWindow]' passed (0.000 seconds).
Test Suite 'MonitoringTests' failed at 2026-09-17 15:22:27.351.
	 Executed 9 tests, with 2 failures (2 unexpected) in 0.017 (0.018) seconds
Test Suite 'NativeClientLifecycleTests' started at 2026-09-17 15:22:27.351.
Test Case '-[DiskStewardAppTests.NativeClientLifecycleTests testNativeClientsInIsolatedProfiles]' started.
/private/tmp/disk-steward-522-lifecycle-dev.9CYz1T/Tests/DiskStewardAppTests/AgentIntegrations/NativeClientLifecycleTests.swift:10: -[DiskStewardAppTests.NativeClientLifecycleTests testNativeClientsInIsolatedProfiles] : Test skipped - Set DISK_STEWARD_NATIVE_CLIENT_TESTS=1 for isolated installed-client acceptance
Test Case '-[DiskStewardAppTests.NativeClientLifecycleTests testNativeClientsInIsolatedProfiles]' skipped (0.000 seconds).
Test Suite 'NativeClientLifecycleTests' passed at 2026-09-17 15:22:27.351.
	 Executed 1 test, with 1 test skipped and 0 failures (0 unexpected) in 0.000 (0.000) seconds
Test Suite 'PerformanceTests' started at 2026-09-17 15:22:27.351.
Test Case '-[PerformanceTests.PerformanceTests testCircuitBreakerStopsMemoryStorageAndBackpressureButNotCPUAlone]' started.
Test Case '-[PerformanceTests.PerformanceTests testCircuitBreakerStopsMemoryStorageAndBackpressureButNotCPUAlone]' passed (0.000 seconds).
Test Case '-[PerformanceTests.PerformanceTests testLiveResourceMeasurementCountsDatabaseWALAndSharedMemory]' started.
Test Case '-[PerformanceTests.PerformanceTests testLiveResourceMeasurementCountsDatabaseWALAndSharedMemory]' passed (0.004 seconds).
Test Case '-[PerformanceTests.PerformanceTests testResourceHistoryAndDatabaseBudgetStayBounded]' started.
Test Case '-[PerformanceTests.PerformanceTests testResourceHistoryAndDatabaseBudgetStayBounded]' passed (0.004 seconds).
Test Case '-[PerformanceTests.PerformanceTests testSeventyTwoHourEquivalentEvidenceSoakStaysBounded]' started.
Test Case '-[PerformanceTests.PerformanceTests testSeventyTwoHourEquivalentEvidenceSoakStaysBounded]' passed (0.622 seconds).
Test Case '-[PerformanceTests.PerformanceTests testSustainedEventStormRemainsBoundedAndReportsEveryDrop]' started.
Test Case '-[PerformanceTests.PerformanceTests testSustainedEventStormRemainsBoundedAndReportsEveryDrop]' passed (1.420 seconds).
Test Suite 'PerformanceTests' passed at 2026-09-17 15:22:29.401.
	 Executed 5 tests, with 0 failures (0 unexpected) in 2.050 (2.050) seconds
Test Suite 'PersistentRecorderIncrementTests' started at 2026-09-17 15:22:29.401.
Test Case '-[IncrementTests.PersistentRecorderIncrementTests testMonitoredGrowthPersistsNotifiesExportsAndRecoversAfterRestart]' started.
Test Case '-[IncrementTests.PersistentRecorderIncrementTests testMonitoredGrowthPersistsNotifiesExportsAndRecoversAfterRestart]' passed (0.071 seconds).
Test Suite 'PersistentRecorderIncrementTests' passed at 2026-09-17 15:22:29.473.
	 Executed 1 test, with 0 failures (0 unexpected) in 0.071 (0.072) seconds
Test Suite 'ProductIdentityTests' started at 2026-09-17 15:22:29.473.
Test Case '-[FoundationTests.ProductIdentityTests testStableEvidenceIdentity]' started.
Test Case '-[FoundationTests.ProductIdentityTests testStableEvidenceIdentity]' passed (0.000 seconds).
Test Suite 'ProductIdentityTests' passed at 2026-09-17 15:22:29.473.
	 Executed 1 test, with 0 failures (0 unexpected) in 0.000 (0.000) seconds
Test Suite 'ProvenanceEngineTests' started at 2026-09-17 15:22:29.473.
Test Case '-[DiskStewardCoreTests.ProvenanceEngineTests testAmbiguousWorkspaceGapAndMismatchedPrivilegedEvidenceStayUnknown]' started.
Test Case '-[DiskStewardCoreTests.ProvenanceEngineTests testAmbiguousWorkspaceGapAndMismatchedPrivilegedEvidenceStayUnknown]' passed (0.000 seconds).
Test Case '-[DiskStewardCoreTests.ProvenanceEngineTests testExactWriterLinksOnlyToCorrectAuthenticatedTaskByFullProcessIdentity]' started.
Test Case '-[DiskStewardCoreTests.ProvenanceEngineTests testExactWriterLinksOnlyToCorrectAuthenticatedTaskByFullProcessIdentity]' passed (0.000 seconds).
Test Case '-[DiskStewardCoreTests.ProvenanceEngineTests testGapsHistoricalEvidenceAndIncompleteObserverCannotClaimExact]' started.
Test Case '-[DiskStewardCoreTests.ProvenanceEngineTests testGapsHistoricalEvidenceAndIncompleteObserverCannotClaimExact]' passed (0.000 seconds).
Test Case '-[DiskStewardCoreTests.ProvenanceEngineTests testGoldenCreateGrowAndRenameHaveDirectCausalSupport]' started.
Test Case '-[DiskStewardCoreTests.ProvenanceEngineTests testGoldenCreateGrowAndRenameHaveDirectCausalSupport]' passed (0.000 seconds).
Test Case '-[DiskStewardCoreTests.ProvenanceEngineTests testUIExportAndMCPReceiveIdenticalSupportAndFixturesAreInspectable]' started.
Test Case '-[DiskStewardCoreTests.ProvenanceEngineTests testUIExportAndMCPReceiveIdenticalSupportAndFixturesAreInspectable]' passed (0.000 seconds).
Test Suite 'ProvenanceEngineTests' passed at 2026-09-17 15:22:29.475.
	 Executed 5 tests, with 0 failures (0 unexpected) in 0.001 (0.001) seconds
Test Suite 'RemainingClientsAdapterTests' started at 2026-09-17 15:22:29.475.
Test Case '-[DiskStewardAppTests.RemainingClientsAdapterTests testClaudeDesktopDirectSetupPreservesForeignKeysAndMakesBackup]' started.
Test Case '-[DiskStewardAppTests.RemainingClientsAdapterTests testClaudeDesktopDirectSetupPreservesForeignKeysAndMakesBackup]' passed (0.002 seconds).
Test Case '-[DiskStewardAppTests.RemainingClientsAdapterTests testClientOwnedRepairRetainsPreviousOwnershipUntilApproval]' started.
Test Case '-[DiskStewardAppTests.RemainingClientsAdapterTests testClientOwnedRepairRetainsPreviousOwnershipUntilApproval]' passed (0.015 seconds).
Test Case '-[DiskStewardAppTests.RemainingClientsAdapterTests testCursorSetupUsesClientOwnedInstallLinkAndBecomesApprovalPending]' started.
Test Case '-[DiskStewardAppTests.RemainingClientsAdapterTests testCursorSetupUsesClientOwnedInstallLinkAndBecomesApprovalPending]' passed (0.001 seconds).
Test Case '-[DiskStewardAppTests.RemainingClientsAdapterTests testForeignEntryFailsClosedAndRemovalPreservesOtherEntries]' started.
Test Case '-[DiskStewardAppTests.RemainingClientsAdapterTests testForeignEntryFailsClosedAndRemovalPreservesOtherEntries]' passed (0.001 seconds).
Test Case '-[DiskStewardAppTests.RemainingClientsAdapterTests testHandoffReceiptFailureDoesNotOpenClientPrompt]' started.
Test Case '-[DiskStewardAppTests.RemainingClientsAdapterTests testHandoffReceiptFailureDoesNotOpenClientPrompt]' passed (0.001 seconds).
Test Case '-[DiskStewardAppTests.RemainingClientsAdapterTests testMalformedContainerAndModifiedEnvironmentAreNeverOverwritten]' started.
Test Case '-[DiskStewardAppTests.RemainingClientsAdapterTests testMalformedContainerAndModifiedEnvironmentAreNeverOverwritten]' passed (0.003 seconds).
Test Case '-[DiskStewardAppTests.RemainingClientsAdapterTests testManualAdapterCopiesPortableConfigAndExplainsClientOwnedRemoval]' started.
Test Case '-[DiskStewardAppTests.RemainingClientsAdapterTests testManualAdapterCopiesPortableConfigAndExplainsClientOwnedRemoval]' passed (0.001 seconds).
Test Case '-[DiskStewardAppTests.RemainingClientsAdapterTests testOwnedDirectEntryCanVerifyRepairAndRemoveWithoutTouchingForeignEntry]' started.
Test Case '-[DiskStewardAppTests.RemainingClientsAdapterTests testOwnedDirectEntryCanVerifyRepairAndRemoveWithoutTouchingForeignEntry]' passed (0.004 seconds).
Test Case '-[DiskStewardAppTests.RemainingClientsAdapterTests testVerificationRejectsOldConfiguredHelperBeforeInvokingNewHelper]' started.
Test Case '-[DiskStewardAppTests.RemainingClientsAdapterTests testVerificationRejectsOldConfiguredHelperBeforeInvokingNewHelper]' passed (0.001 seconds).
Test Case '-[DiskStewardAppTests.RemainingClientsAdapterTests testVSCodeInstallLinkCarriesAStdioDefinition]' started.
Test Case '-[DiskStewardAppTests.RemainingClientsAdapterTests testVSCodeInstallLinkCarriesAStdioDefinition]' passed (0.001 seconds).
Test Suite 'RemainingClientsAdapterTests' passed at 2026-09-17 15:22:29.505.
	 Executed 10 tests, with 0 failures (0 unexpected) in 0.030 (0.031) seconds
Test Suite 'RequestCancellationTests' started at 2026-09-17 15:22:29.505.
Test Case '-[DiskStewardAppTests.RequestCancellationTests testConstrainedExecutorProcessFixture]' started.
Test Case '-[DiskStewardAppTests.RequestCancellationTests testConstrainedExecutorProcessFixture]' passed (0.000 seconds).
Test Case '-[DiskStewardAppTests.RequestCancellationTests testDeadlineCancelsActualHandlerWork]' started.
/private/tmp/disk-steward-522-lifecycle-dev.9CYz1T/Sources/DiskStewardCore/IPC/UnixSocketEvidenceServer.swift:260: error: -[DiskStewardAppTests.RequestCancellationTests testDeadlineCancelsActualHandlerWork] : failed: caught error: "connectionFailed(1)"
Test Case '-[DiskStewardAppTests.RequestCancellationTests testDeadlineCancelsActualHandlerWork]' failed (0.001 seconds).
Test Case '-[DiskStewardAppTests.RequestCancellationTests testDisconnectCancelsActualHandlerWork]' started.
/private/tmp/disk-steward-522-lifecycle-dev.9CYz1T/Sources/DiskStewardCore/IPC/UnixSocketEvidenceServer.swift:260: error: -[DiskStewardAppTests.RequestCancellationTests testDisconnectCancelsActualHandlerWork] : failed: caught error: "connectionFailed(1)"
Test Case '-[DiskStewardAppTests.RequestCancellationTests testDisconnectCancelsActualHandlerWork]' failed (0.001 seconds).
Test Case '-[DiskStewardAppTests.RequestCancellationTests testDisconnectWithUnreadTrailingBytesStillCancelsWork]' started.
/private/tmp/disk-steward-522-lifecycle-dev.9CYz1T/Sources/DiskStewardCore/IPC/UnixSocketEvidenceServer.swift:260: error: -[DiskStewardAppTests.RequestCancellationTests testDisconnectWithUnreadTrailingBytesStillCancelsWork] : failed: caught error: "connectionFailed(1)"
Test Case '-[DiskStewardAppTests.RequestCancellationTests testDisconnectWithUnreadTrailingBytesStillCancelsWork]' failed (0.001 seconds).
Test Case '-[DiskStewardAppTests.RequestCancellationTests testRevokedUncooperativeWorkStaysCountedAcrossRestarts]' started.
/private/tmp/disk-steward-522-lifecycle-dev.9CYz1T/Sources/DiskStewardCore/IPC/UnixSocketEvidenceServer.swift:260: error: -[DiskStewardAppTests.RequestCancellationTests testRevokedUncooperativeWorkStaysCountedAcrossRestarts] : failed: caught error: "connectionFailed(1)"
Test Case '-[DiskStewardAppTests.RequestCancellationTests testRevokedUncooperativeWorkStaysCountedAcrossRestarts]' failed (0.001 seconds).
Test Case '-[DiskStewardAppTests.RequestCancellationTests testSlowPeersDoNotStarveEvidenceStoreOnConstrainedExecutor]' started.
/private/tmp/disk-steward-522-lifecycle-dev.9CYz1T/Tests/DiskStewardAppTests/IPC/RequestCancellationTests.swift:30: error: -[DiskStewardAppTests.RequestCancellationTests testSlowPeersDoNotStarveEvidenceStoreOnConstrainedExecutor] : XCTAssertEqual failed: ("72") is not equal to ("0") - idle: xcrun: warning: confstr() failed with code 5: couldn't get path of DARWIN_USER_TEMP_DIR; using /tmp instead
xcrun: warning: confstr() failed with code 5: couldn't get path of DARWIN_USER_TEMP_DIR; using /tmp instead
xcrun: error: Failed to open property list '/private/tmp/disk-steward-522-lifecycle-dev.9CYz1T/macosx/SDKSettings.plist'
sh: line 1: 39124 Trace/BPT trap: 5       /Applications/Xcode.app/Contents/Developer/usr/bin/xcodebuild -sdk macosx -find xctest 2> /dev/null
xcrun: error: sh -c '/Applications/Xcode.app/Contents/Developer/usr/bin/xcodebuild -sdk macosx -find xctest 2> /dev/null' failed with exit code 34048: (null) (errno=No such file or directory)
xcrun: error: unable to find utility "xctest", not a developer tool or in PATH

/private/tmp/disk-steward-522-lifecycle-dev.9CYz1T/Tests/DiskStewardAppTests/IPC/RequestCancellationTests.swift:30: error: -[DiskStewardAppTests.RequestCancellationTests testSlowPeersDoNotStarveEvidenceStoreOnConstrainedExecutor] : XCTAssertEqual failed: ("72") is not equal to ("0") - partial: xcrun: warning: confstr() failed with code 5: couldn't get path of DARWIN_USER_TEMP_DIR; using /tmp instead
sh: line 1: 39128 Trace/BPT trap: 5       /Applications/Xcode.app/Contents/Developer/usr/bin/xcodebuild -sdk macosx -find xctest 2> /dev/null
xcrun: error: sh -c '/Applications/Xcode.app/Contents/Developer/usr/bin/xcodebuild -sdk macosx -find xctest 2> /dev/null' failed with exit code 34048: (null) (errno=No such file or directory)
xcrun: error: unable to find utility "xctest", not a developer tool or in PATH

/private/tmp/disk-steward-522-lifecycle-dev.9CYz1T/Tests/DiskStewardAppTests/IPC/RequestCancellationTests.swift:30: error: -[DiskStewardAppTests.RequestCancellationTests testSlowPeersDoNotStarveEvidenceStoreOnConstrainedExecutor] : XCTAssertEqual failed: ("72") is not equal to ("0") - nonreading: xcrun: warning: confstr() failed with code 5: couldn't get path of DARWIN_USER_TEMP_DIR; using /tmp instead
sh: line 1: 39132 Trace/BPT trap: 5       /Applications/Xcode.app/Contents/Developer/usr/bin/xcodebuild -sdk macosx -find xctest 2> /dev/null
xcrun: error: sh -c '/Applications/Xcode.app/Contents/Developer/usr/bin/xcodebuild -sdk macosx -find xctest 2> /dev/null' failed with exit code 34048: (null) (errno=No such file or directory)
xcrun: error: unable to find utility "xctest", not a developer tool or in PATH

Test Case '-[DiskStewardAppTests.RequestCancellationTests testSlowPeersDoNotStarveEvidenceStoreOnConstrainedExecutor]' failed (0.245 seconds).
Test Case '-[DiskStewardAppTests.RequestCancellationTests testStopCancelsActualHandlerWorkAndRestartCanServe]' started.
/private/tmp/disk-steward-522-lifecycle-dev.9CYz1T/Sources/DiskStewardCore/IPC/UnixSocketEvidenceServer.swift:260: error: -[DiskStewardAppTests.RequestCancellationTests testStopCancelsActualHandlerWorkAndRestartCanServe] : failed: caught error: "connectionFailed(1)"
Test Case '-[DiskStewardAppTests.RequestCancellationTests testStopCancelsActualHandlerWorkAndRestartCanServe]' failed (0.001 seconds).
Test Case '-[DiskStewardAppTests.RequestCancellationTests testWriteHalfCloseStillAllowsResponse]' started.
/private/tmp/disk-steward-522-lifecycle-dev.9CYz1T/Sources/DiskStewardCore/IPC/UnixSocketEvidenceServer.swift:260: error: -[DiskStewardAppTests.RequestCancellationTests testWriteHalfCloseStillAllowsResponse] : failed: caught error: "connectionFailed(1)"
Test Case '-[DiskStewardAppTests.RequestCancellationTests testWriteHalfCloseStillAllowsResponse]' failed (0.001 seconds).
Test Suite 'RequestCancellationTests' failed at 2026-09-17 15:22:29.756.
	 Executed 8 tests, with 9 failures (6 unexpected) in 0.250 (0.250) seconds
Test Suite 'RetentionScheduleTests' started at 2026-09-17 15:22:29.756.
Test Case '-[DiskStewardAppTests.RetentionScheduleTests testStartupSixHourAndPressureSchedulingBoundaries]' started.
Test Case '-[DiskStewardAppTests.RetentionScheduleTests testStartupSixHourAndPressureSchedulingBoundaries]' passed (0.000 seconds).
Test Suite 'RetentionScheduleTests' passed at 2026-09-17 15:22:29.756.
	 Executed 1 test, with 0 failures (0 unexpected) in 0.000 (0.000) seconds
Test Suite 'SQLiteCancellationTests' started at 2026-09-17 15:22:29.756.
Test Case '-[DiskStewardCoreTests.SQLiteCancellationTests testAlreadyCancelledWorkCannotStartAShortWrite]' started.
Test Case '-[DiskStewardCoreTests.SQLiteCancellationTests testAlreadyCancelledWorkCannotStartAShortWrite]' passed (0.001 seconds).
Test Case '-[DiskStewardCoreTests.SQLiteCancellationTests testCancellationBetweenBackupPagesRollsBackAndReleasesDestination]' started.
Test Case '-[DiskStewardCoreTests.SQLiteCancellationTests testCancellationBetweenBackupPagesRollsBackAndReleasesDestination]' passed (0.014 seconds).
Test Case '-[DiskStewardCoreTests.SQLiteCancellationTests testCancellationDuringRowsInterruptsAndDiscardsPartialResult]' started.
Test Case '-[DiskStewardCoreTests.SQLiteCancellationTests testCancellationDuringRowsInterruptsAndDiscardsPartialResult]' passed (0.001 seconds).
Test Case '-[DiskStewardCoreTests.SQLiteCancellationTests testCancellationInterruptsLockWaitWithoutWaitingFiveSeconds]' started.
Test Case '-[DiskStewardCoreTests.SQLiteCancellationTests testCancellationInterruptsLockWaitWithoutWaitingFiveSeconds]' passed (0.062 seconds).
Test Case '-[DiskStewardCoreTests.SQLiteCancellationTests testCancelledTransactionRollsBackAndConnectionRemainsUsable]' started.
Test Case '-[DiskStewardCoreTests.SQLiteCancellationTests testCancelledTransactionRollsBackAndConnectionRemainsUsable]' passed (0.002 seconds).
Test Case '-[DiskStewardCoreTests.SQLiteCancellationTests testSocketDeadlineInterruptsSQLiteInsideActorAndThenRecovers]' started.
/private/tmp/disk-steward-522-lifecycle-dev.9CYz1T/Sources/DiskStewardCore/IPC/UnixSocketEvidenceServer.swift:260: error: -[DiskStewardCoreTests.SQLiteCancellationTests testSocketDeadlineInterruptsSQLiteInsideActorAndThenRecovers] : failed: caught error: "connectionFailed(1)"
Test Case '-[DiskStewardCoreTests.SQLiteCancellationTests testSocketDeadlineInterruptsSQLiteInsideActorAndThenRecovers]' failed (0.001 seconds).
Test Suite 'SQLiteCancellationTests' failed at 2026-09-17 15:22:29.837.
	 Executed 6 tests, with 1 failure (1 unexpected) in 0.081 (0.081) seconds
Test Suite 'SafetyTests' started at 2026-09-17 15:22:29.837.
Test Case '-[SafetyTests.SafetyTests testBudgetEvaluatorMakesOverloadAndLossVisible]' started.
Test Case '-[SafetyTests.SafetyTests testBudgetEvaluatorMakesOverloadAndLossVisible]' passed (0.000 seconds).
Test Case '-[SafetyTests.SafetyTests testExcludedRootsAndPathDetailAreDeterministic]' started.
Test Case '-[SafetyTests.SafetyTests testExcludedRootsAndPathDetailAreDeterministic]' passed (0.000 seconds).
Test Case '-[SafetyTests.SafetyTests testPermissionRefusalKeepsFallbackVisibleAndAvailable]' started.
Test Case '-[SafetyTests.SafetyTests testPermissionRefusalKeepsFallbackVisibleAndAvailable]' passed (0.000 seconds).
Test Case '-[SafetyTests.SafetyTests testSensitiveValuesNeverAppearInFilteredMetadata]' started.
Test Case '-[SafetyTests.SafetyTests testSensitiveValuesNeverAppearInFilteredMetadata]' passed (0.012 seconds).
Test Case '-[SafetyTests.SafetyTests testUninstallPreservesEvidenceUnlessUserExplicitlyChoosesExportThenDelete]' started.
Test Case '-[SafetyTests.SafetyTests testUninstallPreservesEvidenceUnlessUserExplicitlyChoosesExportThenDelete]' passed (0.000 seconds).
Test Suite 'SafetyTests' passed at 2026-09-17 15:22:29.850.
	 Executed 5 tests, with 0 failures (0 unexpected) in 0.012 (0.013) seconds
Test Suite 'SnapshotExporterTests' started at 2026-09-17 15:22:29.850.
Test Case '-[DiskStewardCoreTests.SnapshotExporterTests testExportIsDeterministicSchemaValidAndIntegrityChecked]' started.
Test Case '-[DiskStewardCoreTests.SnapshotExporterTests testExportIsDeterministicSchemaValidAndIntegrityChecked]' passed (0.003 seconds).
Test Case '-[DiskStewardCoreTests.SnapshotExporterTests testLiveCurrentDataVolumeCanBeExported]' started.
Test Case '-[DiskStewardCoreTests.SnapshotExporterTests testLiveCurrentDataVolumeCanBeExported]' passed (0.008 seconds).
Test Case '-[DiskStewardCoreTests.SnapshotExporterTests testUnsafeBundleIdentifierCannotEscapeDestination]' started.
Test Case '-[DiskStewardCoreTests.SnapshotExporterTests testUnsafeBundleIdentifierCannotEscapeDestination]' passed (0.000 seconds).
Test Suite 'SnapshotExporterTests' passed at 2026-09-17 15:22:29.862.
	 Executed 3 tests, with 0 failures (0 unexpected) in 0.012 (0.012) seconds
Test Suite 'SnapshotIncrementTests' started at 2026-09-17 15:22:29.862.
Test Case '-[IncrementTests.SnapshotIncrementTests testLiveSnapshotRendersAndDeterministicExportIsInspectable]' started.
Test Case '-[IncrementTests.SnapshotIncrementTests testLiveSnapshotRendersAndDeterministicExportIsInspectable]' passed (0.008 seconds).
Test Suite 'SnapshotIncrementTests' passed at 2026-09-17 15:22:29.870.
	 Executed 1 test, with 0 failures (0 unexpected) in 0.008 (0.008) seconds
Test Suite 'SocketOwnershipRegressionTests' started at 2026-09-17 15:22:29.870.
Test Case '-[DiskStewardAppTests.SocketOwnershipRegressionTests testAbruptProcessDeathReleasesLeaseAndRecoversRecordedSocket]' started.
/private/tmp/disk-steward-522-lifecycle-dev.9CYz1T/Tests/DiskStewardAppTests/IPC/SocketOwnershipRegressionTests.swift:318: error: -[DiskStewardAppTests.SocketOwnershipRegressionTests testAbruptProcessDeathReleasesLeaseAndRecoversRecordedSocket] : XCTAssertEqual failed: ("1") is not equal to ("17")
/private/tmp/disk-steward-522-lifecycle-dev.9CYz1T/Tests/DiskStewardAppTests/IPC/SocketOwnershipRegressionTests.swift:400: error: -[DiskStewardAppTests.SocketOwnershipRegressionTests testAbruptProcessDeathReleasesLeaseAndRecoversRecordedSocket] : failed: caught error: "Error Domain=NSPOSIXErrorDomain Code=2 "No such file or directory""
Test Case '-[DiskStewardAppTests.SocketOwnershipRegressionTests testAbruptProcessDeathReleasesLeaseAndRecoversRecordedSocket]' failed (0.096 seconds).
Test Case '-[DiskStewardAppTests.SocketOwnershipRegressionTests testCrashOwnerProcessFixture]' started.
Test Case '-[DiskStewardAppTests.SocketOwnershipRegressionTests testCrashOwnerProcessFixture]' passed (0.000 seconds).
Test Case '-[DiskStewardAppTests.SocketOwnershipRegressionTests testCrashRecoveryPreservesReplacedStagingDirectoryAndRegularFile]' started.
/private/tmp/disk-steward-522-lifecycle-dev.9CYz1T/Tests/DiskStewardAppTests/IPC/SocketOwnershipRegressionTests.swift:318: error: -[DiskStewardAppTests.SocketOwnershipRegressionTests testCrashRecoveryPreservesReplacedStagingDirectoryAndRegularFile] : XCTAssertEqual failed: ("1") is not equal to ("17")
/private/tmp/disk-steward-522-lifecycle-dev.9CYz1T/Tests/DiskStewardAppTests/IPC/SocketOwnershipRegressionTests.swift:269: error: -[DiskStewardAppTests.SocketOwnershipRegressionTests testCrashRecoveryPreservesReplacedStagingDirectoryAndRegularFile] : XCTAssertEqual failed: ("-1") is not equal to ("0")
/private/tmp/disk-steward-522-lifecycle-dev.9CYz1T/Tests/DiskStewardAppTests/IPC/SocketOwnershipRegressionTests.swift:318: error: -[DiskStewardAppTests.SocketOwnershipRegressionTests testCrashRecoveryPreservesReplacedStagingDirectoryAndRegularFile] : XCTAssertEqual failed: ("1") is not equal to ("17")
/private/tmp/disk-steward-522-lifecycle-dev.9CYz1T/Tests/DiskStewardAppTests/IPC/SocketOwnershipRegressionTests.swift:427: error: -[DiskStewardAppTests.SocketOwnershipRegressionTests testCrashRecoveryPreservesReplacedStagingDirectoryAndRegularFile] : failed: caught error: "Error Domain=NSPOSIXErrorDomain Code=5 "Input/output error""
Test Case '-[DiskStewardAppTests.SocketOwnershipRegressionTests testCrashRecoveryPreservesReplacedStagingDirectoryAndRegularFile]' failed (0.192 seconds).
Test Case '-[DiskStewardAppTests.SocketOwnershipRegressionTests testEveryStartupCrashBoundaryRecoversIncludingTornJournal]' started.
/private/tmp/disk-steward-522-lifecycle-dev.9CYz1T/Sources/DiskStewardCore/IPC/UnixSocketEvidenceServer.swift:260: error: -[DiskStewardAppTests.SocketOwnershipRegressionTests testEveryStartupCrashBoundaryRecoversIncludingTornJournal] : failed: caught error: "connectionFailed(1)"
Test Case '-[DiskStewardAppTests.SocketOwnershipRegressionTests testEveryStartupCrashBoundaryRecoversIncludingTornJournal]' failed (0.030 seconds).
Test Case '-[DiskStewardAppTests.SocketOwnershipRegressionTests testFailedStartPreservesRegularAndSymlinkOccupantsAndCanRetry]' started.
/private/tmp/disk-steward-522-lifecycle-dev.9CYz1T/Sources/DiskStewardCore/IPC/UnixSocketEvidenceServer.swift:260: error: -[DiskStewardAppTests.SocketOwnershipRegressionTests testFailedStartPreservesRegularAndSymlinkOccupantsAndCanRetry] : failed: caught error: "connectionFailed(1)"
Test Case '-[DiskStewardAppTests.SocketOwnershipRegressionTests testFailedStartPreservesRegularAndSymlinkOccupantsAndCanRetry]' failed (0.001 seconds).
Test Case '-[DiskStewardAppTests.SocketOwnershipRegressionTests testLeaseCanBeReacquiredAfterNormalStop]' started.
/private/tmp/disk-steward-522-lifecycle-dev.9CYz1T/Sources/DiskStewardCore/IPC/UnixSocketEvidenceServer.swift:260: error: -[DiskStewardAppTests.SocketOwnershipRegressionTests testLeaseCanBeReacquiredAfterNormalStop] : failed: caught error: "connectionFailed(1)"
Test Case '-[DiskStewardAppTests.SocketOwnershipRegressionTests testLeaseCanBeReacquiredAfterNormalStop]' failed (0.001 seconds).
Test Case '-[DiskStewardAppTests.SocketOwnershipRegressionTests testLeaseRefusesSymlinkAndNonPrivateLock]' started.
Test Case '-[DiskStewardAppTests.SocketOwnershipRegressionTests testLeaseRefusesSymlinkAndNonPrivateLock]' passed (0.001 seconds).
Test Case '-[DiskStewardAppTests.SocketOwnershipRegressionTests testNearCapacityPublicSocketPathStillConnectsAndRestarts]' started.
/private/tmp/disk-steward-522-lifecycle-dev.9CYz1T/Sources/DiskStewardCore/IPC/UnixSocketEvidenceServer.swift:260: error: -[DiskStewardAppTests.SocketOwnershipRegressionTests testNearCapacityPublicSocketPathStillConnectsAndRestarts] : failed: caught error: "connectionFailed(1)"
Test Case '-[DiskStewardAppTests.SocketOwnershipRegressionTests testNearCapacityPublicSocketPathStillConnectsAndRestarts]' failed (0.001 seconds).
Test Case '-[DiskStewardAppTests.SocketOwnershipRegressionTests testPersistentLeaseInodeIsReusedAndHardLinksAreRejected]' started.
Test Case '-[DiskStewardAppTests.SocketOwnershipRegressionTests testPersistentLeaseInodeIsReusedAndHardLinksAreRejected]' passed (0.001 seconds).
Test Case '-[DiskStewardAppTests.SocketOwnershipRegressionTests testPublicationRefusesAnOccupantCreatedAfterTheInitialCheck]' started.
/private/tmp/disk-steward-522-lifecycle-dev.9CYz1T/Tests/DiskStewardAppTests/IPC/SocketOwnershipRegressionTests.swift:250: error: -[DiskStewardAppTests.SocketOwnershipRegressionTests testPublicationRefusesAnOccupantCreatedAfterTheInitialCheck] : XCTAssertEqual failed: threw error "Error Domain=NSCocoaErrorDomain Code=260 "The file “s” couldn’t be opened because there is no such file." UserInfo={NSFilePath=/private/tmp/ds512-10DF3D21/s, NSURL=file:///private/tmp/ds512-10DF3D21/s, NSUnderlyingError=0x104c24120 {Error Domain=NSPOSIXErrorDomain Code=2 "No such file or directory"}}"
Test Case '-[DiskStewardAppTests.SocketOwnershipRegressionTests testPublicationRefusesAnOccupantCreatedAfterTheInitialCheck]' failed (0.001 seconds).
Test Case '-[DiskStewardAppTests.SocketOwnershipRegressionTests testRapidRestartKeepsFirstRequestResponsive]' started.
/private/tmp/disk-steward-522-lifecycle-dev.9CYz1T/Sources/DiskStewardCore/IPC/UnixSocketEvidenceServer.swift:260: error: -[DiskStewardAppTests.SocketOwnershipRegressionTests testRapidRestartKeepsFirstRequestResponsive] : failed: caught error: "connectionFailed(1)"
Test Case '-[DiskStewardAppTests.SocketOwnershipRegressionTests testRapidRestartKeepsFirstRequestResponsive]' failed (0.001 seconds).
Test Case '-[DiskStewardAppTests.SocketOwnershipRegressionTests testSecondServerCannotReplaceLiveEndpointOrRemoveItOnFailedStart]' started.
/private/tmp/disk-steward-522-lifecycle-dev.9CYz1T/Sources/DiskStewardCore/IPC/UnixSocketEvidenceServer.swift:260: error: -[DiskStewardAppTests.SocketOwnershipRegressionTests testSecondServerCannotReplaceLiveEndpointOrRemoveItOnFailedStart] : failed: caught error: "connectionFailed(1)"
Test Case '-[DiskStewardAppTests.SocketOwnershipRegressionTests testSecondServerCannotReplaceLiveEndpointOrRemoveItOnFailedStart]' failed (0.001 seconds).
Test Case '-[DiskStewardAppTests.SocketOwnershipRegressionTests testSocketReadDeadlineCapAndDisconnectedWrite]' started.
Test Case '-[DiskStewardAppTests.SocketOwnershipRegressionTests testSocketReadDeadlineCapAndDisconnectedWrite]' passed (0.051 seconds).
Test Case '-[DiskStewardAppTests.SocketOwnershipRegressionTests testStopDoesNotCloseListenerUntilItsPendingHandlerDrains]' started.
/private/tmp/disk-steward-522-lifecycle-dev.9CYz1T/Sources/DiskStewardCore/IPC/UnixSocketEvidenceServer.swift:260: error: -[DiskStewardAppTests.SocketOwnershipRegressionTests testStopDoesNotCloseListenerUntilItsPendingHandlerDrains] : failed: caught error: "connectionFailed(1)"
Test Case '-[DiskStewardAppTests.SocketOwnershipRegressionTests testStopDoesNotCloseListenerUntilItsPendingHandlerDrains]' failed (0.001 seconds).
Test Case '-[DiskStewardAppTests.SocketOwnershipRegressionTests testStopPreservesAReplacementSocketAndItsPendingConnections]' started.
/private/tmp/disk-steward-522-lifecycle-dev.9CYz1T/Sources/DiskStewardCore/IPC/UnixSocketEvidenceServer.swift:260: error: -[DiskStewardAppTests.SocketOwnershipRegressionTests testStopPreservesAReplacementSocketAndItsPendingConnections] : failed: caught error: "connectionFailed(1)"
Test Case '-[DiskStewardAppTests.SocketOwnershipRegressionTests testStopPreservesAReplacementSocketAndItsPendingConnections]' failed (0.001 seconds).
Test Case '-[DiskStewardAppTests.SocketOwnershipRegressionTests testThrowingStartupCheckpointsCleanOnlyOwnedResources]' started.
/private/tmp/disk-steward-522-lifecycle-dev.9CYz1T/Sources/DiskStewardCore/IPC/UnixSocketEvidenceServer.swift:260: error: -[DiskStewardAppTests.SocketOwnershipRegressionTests testThrowingStartupCheckpointsCleanOnlyOwnedResources] : failed: caught error: "connectionFailed(1)"
Test Case '-[DiskStewardAppTests.SocketOwnershipRegressionTests testThrowingStartupCheckpointsCleanOnlyOwnedResources]' failed (0.001 seconds).
Test Case '-[DiskStewardAppTests.SocketOwnershipRegressionTests testUnknownListenerIsPreservedWithoutAnyProbeConnection]' started.
/private/tmp/disk-steward-522-lifecycle-dev.9CYz1T/Tests/DiskStewardAppTests/IPC/SocketOwnershipRegressionTests.swift:427: error: -[DiskStewardAppTests.SocketOwnershipRegressionTests testUnknownListenerIsPreservedWithoutAnyProbeConnection] : failed: caught error: "Error Domain=NSPOSIXErrorDomain Code=5 "Input/output error""
Test Case '-[DiskStewardAppTests.SocketOwnershipRegressionTests testUnknownListenerIsPreservedWithoutAnyProbeConnection]' failed (0.001 seconds).
Test Suite 'SocketOwnershipRegressionTests' failed at 2026-09-17 15:22:30.252.
	 Executed 17 tests, with 17 failures (13 unexpected) in 0.381 (0.382) seconds
Test Suite 'StatusBoardEvidenceExportTests' started at 2026-09-17 15:22:30.252.
Test Case '-[DiskStewardAppTests.StatusBoardEvidenceExportTests testActualViewModelPathExportsDurableBundleRevealsItAndRecordsManualOwnership]' started.
Test Case '-[DiskStewardAppTests.StatusBoardEvidenceExportTests testActualViewModelPathExportsDurableBundleRevealsItAndRecordsManualOwnership]' passed (0.034 seconds).
Test Case '-[DiskStewardAppTests.StatusBoardEvidenceExportTests testUnavailableOrFailedDurableExporterReportsFailureAndResetsBusyState]' started.
Test Case '-[DiskStewardAppTests.StatusBoardEvidenceExportTests testUnavailableOrFailedDurableExporterReportsFailureAndResetsBusyState]' passed (0.001 seconds).
Test Suite 'StatusBoardEvidenceExportTests' passed at 2026-09-17 15:22:30.287.
	 Executed 2 tests, with 0 failures (0 unexpected) in 0.035 (0.035) seconds
Test Suite 'StatusBoardPresentationTests' started at 2026-09-17 15:22:30.287.
Test Case '-[DiskStewardAppTests.StatusBoardPresentationTests testCapacityHealthAndGrowthUseUnambiguousText]' started.
Test Case '-[DiskStewardAppTests.StatusBoardPresentationTests testCapacityHealthAndGrowthUseUnambiguousText]' passed (0.001 seconds).
Test Case '-[DiskStewardAppTests.StatusBoardPresentationTests testLightAndDarkStatusBoardRenderAtCompactWidth]' started.
Test Case '-[DiskStewardAppTests.StatusBoardPresentationTests testLightAndDarkStatusBoardRenderAtCompactWidth]' passed (0.087 seconds).
Test Case '-[DiskStewardAppTests.StatusBoardPresentationTests testStateMatrixHasDeterministicCopyActionsAndTextualAccessibility]' started.
Test Case '-[DiskStewardAppTests.StatusBoardPresentationTests testStateMatrixHasDeterministicCopyActionsAndTextualAccessibility]' passed (0.000 seconds).
Test Suite 'StatusBoardPresentationTests' passed at 2026-09-17 15:22:30.375.
	 Executed 3 tests, with 0 failures (0 unexpected) in 0.088 (0.088) seconds
Test Suite 'StdioBudgetTests' started at 2026-09-17 15:22:30.375.
Test Case '-[DiskStewardMCPTests.StdioBudgetTests testEightFrameLimitCountsTheStalledCurrentFrame]' started.
Test Case '-[DiskStewardMCPTests.StdioBudgetTests testEightFrameLimitCountsTheStalledCurrentFrame]' passed (0.017 seconds).
Test Case '-[DiskStewardMCPTests.StdioBudgetTests testExactFourMiBPayloadIsAcceptedWithItsFramingNewline]' started.
Test Case '-[DiskStewardMCPTests.StdioBudgetTests testExactFourMiBPayloadIsAcceptedWithItsFramingNewline]' passed (0.090 seconds).
Test Case '-[DiskStewardMCPTests.StdioBudgetTests testFrameLimitAppliesToEveryResponseIncludingControlMessages]' started.
Test Case '-[DiskStewardMCPTests.StdioBudgetTests testFrameLimitAppliesToEveryResponseIncludingControlMessages]' passed (0.036 seconds).
Test Case '-[DiskStewardMCPTests.StdioBudgetTests testNonReadingPipeCannotGrowResponseQueueBeyondBudget]' started.
Test Case '-[DiskStewardMCPTests.StdioBudgetTests testNonReadingPipeCannotGrowResponseQueueBeyondBudget]' passed (0.054 seconds).
Test Suite 'StdioBudgetTests' passed at 2026-09-17 15:22:30.573.
	 Executed 4 tests, with 0 failures (0 unexpected) in 0.198 (0.198) seconds
Test Suite 'StorageSnapshotTests' started at 2026-09-17 15:22:30.573.
Test Case '-[DiskStewardCoreTests.StorageSnapshotTests testCurrentDataVolumeLiveSmoke]' started.
Test Case '-[DiskStewardCoreTests.StorageSnapshotTests testCurrentDataVolumeLiveSmoke]' passed (0.005 seconds).
Test Case '-[DiskStewardCoreTests.StorageSnapshotTests testSnapshotFixtureIsDeterministicAndSchemaValid]' started.
Test Case '-[DiskStewardCoreTests.StorageSnapshotTests testSnapshotFixtureIsDeterministicAndSchemaValid]' passed (0.000 seconds).
Test Case '-[DiskStewardCoreTests.StorageSnapshotTests testVolumeCapacityClampsInvalidFixtureValues]' started.
Test Case '-[DiskStewardCoreTests.StorageSnapshotTests testVolumeCapacityClampsInvalidFixtureValues]' passed (0.000 seconds).
Test Suite 'StorageSnapshotTests' passed at 2026-09-17 15:22:30.579.
	 Executed 3 tests, with 0 failures (0 unexpected) in 0.006 (0.006) seconds
Test Suite 'TaskImpactCorrelationTests' started at 2026-09-17 15:22:30.579.
Test Case '-[DiskStewardCoreTests.TaskImpactCorrelationTests testDescendantWriterLinksOnlyToCorrectConcurrentTask]' started.
Test Case '-[DiskStewardCoreTests.TaskImpactCorrelationTests testDescendantWriterLinksOnlyToCorrectConcurrentTask]' passed (0.000 seconds).
Test Case '-[DiskStewardCoreTests.TaskImpactCorrelationTests testExpiredSessionAndReusedPIDCannotClaimNewEvent]' started.
Test Case '-[DiskStewardCoreTests.TaskImpactCorrelationTests testExpiredSessionAndReusedPIDCannotClaimNewEvent]' passed (0.000 seconds).
Test Case '-[DiskStewardCoreTests.TaskImpactCorrelationTests testOverlappingWorkspaceWithoutWriterStaysUnknownAndDoesNotLeakAcrossTasks]' started.
Test Case '-[DiskStewardCoreTests.TaskImpactCorrelationTests testOverlappingWorkspaceWithoutWriterStaysUnknownAndDoesNotLeakAcrossTasks]' passed (0.000 seconds).
Test Case '-[DiskStewardCoreTests.TaskImpactCorrelationTests testUniqueWorkspaceDowngradesToInferredAndImpactSumsOnlyLinkedEvents]' started.
Test Case '-[DiskStewardCoreTests.TaskImpactCorrelationTests testUniqueWorkspaceDowngradesToInferredAndImpactSumsOnlyLinkedEvents]' passed (0.000 seconds).
Test Suite 'TaskImpactCorrelationTests' passed at 2026-09-17 15:22:30.580.
	 Executed 4 tests, with 0 failures (0 unexpected) in 0.000 (0.001) seconds
Test Suite 'ThresholdNotificationPolicyTests' started at 2026-09-17 15:22:30.580.
Test Case '-[DiskStewardAppTests.ThresholdNotificationPolicyTests testCapacityAndGrowthCrossingsHaveDistinctEvidenceMessages]' started.
Test Case '-[DiskStewardAppTests.ThresholdNotificationPolicyTests testCapacityAndGrowthCrossingsHaveDistinctEvidenceMessages]' passed (0.000 seconds).
Test Case '-[DiskStewardAppTests.ThresholdNotificationPolicyTests testNotificationFiresOnCrossingButNotEveryUnchangedSample]' started.
Test Case '-[DiskStewardAppTests.ThresholdNotificationPolicyTests testNotificationFiresOnCrossingButNotEveryUnchangedSample]' passed (0.000 seconds).
Test Suite 'ThresholdNotificationPolicyTests' passed at 2026-09-17 15:22:30.580.
	 Executed 2 tests, with 0 failures (0 unexpected) in 0.001 (0.001) seconds
Test Suite 'VerificationIsolationTests' started at 2026-09-17 15:22:30.580.
Test Case '-[DiskStewardAppTests.VerificationIsolationTests testArtifactOutputRequiresNewLeafUnderPrivateTemporaryParent]' started.
Test Case '-[DiskStewardAppTests.VerificationIsolationTests testArtifactOutputRequiresNewLeafUnderPrivateTemporaryParent]' passed (0.005 seconds).
Test Case '-[DiskStewardAppTests.VerificationIsolationTests testNormalStartupAndSmokeCannotMistakeSupportOverrideForIsolation]' started.
Test Case '-[DiskStewardAppTests.VerificationIsolationTests testNormalStartupAndSmokeCannotMistakeSupportOverrideForIsolation]' passed (0.001 seconds).
Test Suite 'VerificationIsolationTests' passed at 2026-09-17 15:22:30.586.
	 Executed 2 tests, with 0 failures (0 unexpected) in 0.006 (0.006) seconds
Test Suite 'ZlibRegressionTests' started at 2026-09-17 15:22:30.586.
Test Case '-[DiskStewardCoreTests.ZlibRegressionTests testEmptyFinalizedStreamAndBoundedDecode]' started.
Test Case '-[DiskStewardCoreTests.ZlibRegressionTests testEmptyFinalizedStreamAndBoundedDecode]' passed (0.003 seconds).
Test Suite 'ZlibRegressionTests' passed at 2026-09-17 15:22:30.589.
	 Executed 1 test, with 0 failures (0 unexpected) in 0.003 (0.003) seconds
Test Suite 'DiskStewardPackageTests.xctest' failed at 2026-09-17 15:22:30.589.
	 Executed 380 tests, with 1 test skipped and 50 failures (38 unexpected) in 19.854 (19.888) seconds
Test Suite 'All tests' failed at 2026-09-17 15:22:30.589.
	 Executed 380 tests, with 1 test skipped and 50 failures (38 unexpected) in 19.854 (19.888) seconds
◇ Test run started.
↳ Testing Library Version: 1501
↳ Target Platform: arm64e-apple-macos14.0
✔ Test run with 0 tests in 0 suites passed after 0.001 seconds.
