Building for debugging...
[0/27] /private/tmp/disk-steward-542-final.kdHtJE/.build/arm64-apple-macosx/debug/DiskStewardPackageTests.derived/runner.swift
[1/27] Write sources
[10/27] Write disk-witness-mcp-entitlement.plist
[11/27] Write DiskStewardApp-entitlement.plist
[12/27] Write sources
[18/27] Write swift-version--58304C5D6DBC2206.txt
[20/62] Compiling DiskStewardCore MonitoringPolicy.swift
[21/62] Compiling DiskStewardCore TargetedFSEventsCollector.swift
[22/62] Compiling DiskStewardCore TaskImpactCorrelation.swift
[23/62] Compiling DiskStewardCore BoundedEndpointEventBuffer.swift
[24/62] Compiling DiskStewardCore EndpointEventNormalizer.swift
[25/62] Compiling DiskStewardCore WholeVolumeSampler.swift
[26/62] Compiling DiskStewardCore WriteCoalescer.swift
[27/62] Compiling DiskStewardCore AgentSessionRegistry.swift
[28/62] Compiling DiskStewardCore ProcessAncestryTracker.swift
[29/64] Compiling DiskStewardCore ProvenanceEngine.swift
[30/64] Compiling DiskStewardCore ProvenanceModels.swift
[31/64] Compiling DiskStewardCore EvidencePrivacyFilter.swift
[32/64] Compiling DiskStewardCore ProductIdentity.swift
[33/64] Compiling DiskStewardCore EvidenceBundleModels.swift
[34/64] Compiling DiskStewardCore ZlibCodec.swift
[35/64] Compiling DiskStewardCore ResourceBudget.swift
[36/64] Compiling DiskStewardCore AgentSessionModels.swift
[37/64] Emitting module DiskStewardCore
[38/64] Compiling DiskStewardCore PrivilegedEventModels.swift
[39/64] Compiling DiskStewardCore ProtectedEndpointBridge.swift
[40/64] Compiling DiskStewardCore EvidenceLifecycleModels.swift
[41/64] Compiling DiskStewardCore StorageSnapshot.swift
[42/64] Compiling DiskStewardCore VolumeSnapshotService.swift
[43/64] Compiling DiskStewardCore DiskStewardIPCClient.swift
[44/64] Compiling DiskStewardCore JSONValue.swift
[45/64] Compiling DiskStewardCore SHA256Digest.swift
[46/64] Compiling DiskStewardCore SnapshotExportModels.swift
[47/64] Compiling DiskStewardCore UnixSocketEvidenceServer.swift
[48/64] Compiling DiskStewardCore DirectoryMetadataScanner.swift
[49/64] Compiling DiskStewardCore SnapshotExporter.swift
[50/64] Compiling DiskStewardCore AgentAccessStateFile.swift
[51/64] Compiling DiskStewardCore SQLiteConnection.swift
[52/64] Compiling DiskStewardCore GrowthExplanation.swift
[53/64] Compiling DiskStewardCore EvidenceBundleExporter.swift
[54/64] Compiling DiskStewardCore EvidenceQueryModels.swift
[55/64] Compiling DiskStewardCore EvidenceStore.swift
[56/64] Compiling DiskStewardCore EvidenceStoreModels.swift
[57/125] Compiling DiskStewardEndpoint EndpointSecurityObserver.swift
[58/125] Emitting module DiskStewardEndpoint
[59/129] Compiling DiskStewardMCP MCPToolCatalog.swift
[60/129] Compiling DiskStewardMCP MCPServer.swift
[61/129] Emitting module DiskStewardMCP
[62/129] Compiling DiskStewardMCP MCPResponseSanitizer.swift
[63/129] Compiling DiskStewardMCP main.swift
[63/129] Write Objects.LinkFileList
[64/129] Linking disk-witness-mcp
[65/129] Applying disk-witness-mcp
[67/136] Compiling DiskStewardApp ThresholdNotificationPolicy.swift
[68/136] Compiling DiskStewardApp UserNotificationDelivery.swift
[69/137] Emitting module DiskStewardApp
[70/137] Compiling DiskStewardApp MonitoringLifecycleController.swift
[71/137] Compiling DiskStewardApp PersistentMonitoringProbe.swift
[72/137] Compiling DiskStewardApp AgentIntegrationInfrastructure.swift
[73/137] Compiling DiskStewardApp AgentIntegrationModels.swift
[74/137] Compiling DiskStewardApp VSCodeIntegrationAdapter.swift
[75/137] Compiling DiskStewardApp AppConfiguration.swift
[76/137] Compiling DiskStewardApp ClaudeDesktopIntegrationAdapter.swift
[77/137] Compiling DiskStewardApp CodexClientSupport.swift
[78/137] Compiling DiskStewardApp CursorJSONIntegrationSupport.swift
[79/137] Compiling DiskStewardApp ManualIntegrationAdapter.swift
[80/137] Compiling DiskStewardApp main.swift
[81/137] Compiling DiskStewardApp AgentAccessSettingsStore.swift
[82/137] Compiling DiskStewardApp MonitoringSettings.swift
[83/137] Compiling DiskStewardApp PermissionOnboarding.swift
[84/137] Compiling DiskStewardApp ProvenanceBoardItem.swift
[85/137] Compiling DiskStewardApp MonitoringSettingsStore.swift
[86/137] Compiling DiskStewardApp StatusBoardView.swift
[87/137] Compiling DiskStewardApp MCPAccessController.swift
[88/137] Compiling DiskStewardApp MonitoringSettingsView.swift
[89/137] Compiling DiskStewardApp AppSurfaces.swift
[90/137] Compiling DiskStewardApp ApplicationDelegate.swift
[91/137] Compiling DiskStewardApp AppEvidenceQueryBackend.swift
[92/137] Compiling DiskStewardApp LaunchAtLoginController.swift
[93/137] Compiling DiskStewardApp AgentIntegrationsView.swift
[94/137] Compiling DiskStewardApp ClaudeCodeIntegrationAdapter.swift
[95/137] Compiling DiskStewardApp StatusBoardViewModel.swift
[96/137] Compiling DiskStewardApp StatusItemController.swift
[96/137] Write Objects.LinkFileList
[97/137] Linking DiskStewardApp
[98/137] Applying DiskStewardApp
[100/167] Emitting module DiskStewardCoreTests
[101/168] Compiling DiskStewardCoreTests JSONSchemaValidator.swift
[102/168] Compiling ContractTests JSONSchemaContractValidator.swift
[103/168] Compiling DiskStewardAppTests LaunchAtLoginControllerTests.swift
[104/169] Compiling FoundationTests ProductIdentityTests.swift
[105/169] Emitting module FoundationTests
[106/169] Compiling DiskStewardCoreTests ExplanationTests.swift
[107/169] Compiling DiskStewardCoreTests StorageSnapshotTests.swift
[108/169] Compiling DiskStewardAppTests ThresholdNotificationPolicyTests.swift
[109/169] Compiling DiskStewardAppTests AgentIntegrationsPresentationTests.swift
[110/169] Compiling DiskStewardAppTests CodexAndClaudeCodeAdapterTests.swift
[111/169] Emitting module SafetyTests
[112/169] Compiling DiskStewardAppTests VerificationIsolationTests.swift
[113/169] Compiling SafetyTests SafetyTests.swift
[114/169] Compiling DiskStewardCoreTests ZlibRegressionTests.swift
[115/169] Emitting module ContractTests
[116/169] Compiling ContractTests ContractTests.swift
[117/169] Compiling DiskStewardAppTests MonitoringSettingsTests.swift
[118/169] Compiling DiskStewardCoreTests SnapshotExporterTests.swift
[119/169] Compiling DiskStewardAppTests AgentIntegrationContractTests.swift
[120/169] Compiling DiskStewardAppTests AgentIntegrationHardeningTests.swift
[121/169] Compiling ContractTests MCPContractTests.swift
[122/169] Emitting module PerformanceTests
[123/169] Compiling PerformanceTests PerformanceTests.swift
[124/169] Compiling DiskStewardMCPTests MCPAdmissionTests.swift
[125/169] Emitting module DiskStewardMCPTests
[126/169] Compiling DiskStewardMCPTests StdioBudgetTests.swift
[127/169] Compiling DiskStewardMCPTests DiskStewardMCPTests.swift
[128/169] Compiling ContractTests EndpointSecurityContractTests.swift
[129/169] Compiling ContractTests EvidenceUsefulnessContractTests.swift
[130/169] Compiling DiskStewardCoreTests EvidenceQueryReadModelTests.swift
[131/169] Compiling DiskStewardAppTests RemainingClientsAdapterTests.swift
[132/169] Compiling DiskStewardAppTests DiskStewardAppTests.swift
[135/169] Emitting module DiskStewardAppTests
[136/169] Compiling DiskStewardAppTests RetentionScheduleTests.swift
[137/169] Compiling DiskStewardAppTests StatusBoardEvidenceExportTests.swift
[138/169] Compiling DiskStewardAppTests AppEvidenceIPCIntegrationTests.swift
[139/169] Compiling DiskStewardAppTests BackendIsolationTests.swift
[140/169] Emitting module DiskStewardEndpointTests
[141/169] Compiling DiskStewardEndpointTests DiskStewardEndpointTests.swift
[142/169] Compiling DiskStewardCoreTests ProvenanceEngineTests.swift
[143/169] Compiling DiskStewardCoreTests SQLiteCancellationTests.swift
[144/169] Compiling DiskStewardCoreTests AgentSessionRegistryTests.swift
[145/169] Compiling DiskStewardCoreTests MonitoringTests.swift
[146/169] Compiling DiskStewardAppTests CommandRunnerRegressionTests.swift
[147/169] Compiling DiskStewardAppTests NativeClientLifecycleTests.swift
[148/169] Compiling IntegrationInstallTests IntegrationInstallTests.swift
[149/169] Compiling DiskStewardCoreTests EvidenceStoreTests.swift
[150/169] Compiling DiskStewardAppTests SocketOwnershipRegressionTests.swift
[151/169] Compiling IntegrationInstallTests MCPTransportLifecycleTests.swift
[152/169] Emitting module IntegrationInstallTests
[153/169] Compiling DiskStewardAppTests RequestCancellationTests.swift
[154/169] Compiling DiskStewardAppTests MonitoringLifecycleTests.swift
[155/169] Compiling DiskStewardCoreTests EvidenceRetentionLifecycleTests.swift
[156/169] Compiling DiskStewardCoreTests DurableProvenanceLifecycleTests.swift
[157/169] Compiling DiskStewardAppTests AuthoritativeMCPReadModelTests.swift
[158/169] Compiling DiskStewardAppTests MCPAccessTests.swift
[159/169] Emitting module IncrementTests
[160/169] Compiling IncrementTests FinalProductIncrementTests.swift
[161/169] Compiling IncrementTests AgentQueryableEvidenceIncrementTests.swift
[162/169] Compiling IncrementTests DistributionReleaseIntegrityTests.swift
[163/169] Compiling IncrementTests SnapshotIncrementTests.swift
[164/169] Compiling IncrementTests PersistentRecorderIncrementTests.swift
[165/169] Compiling DiskStewardAppTests StatusBoardPresentationTests.swift
[166/169] Compiling DiskStewardCoreTests EvidenceBundleExporterTests.swift
[167/169] Compiling DiskStewardCoreTests ConvergentScanGenerationTests.swift
[168/171] Emitting module DiskStewardPackageTests
[169/171] Compiling DiskStewardPackageTests runner.swift
[169/171] Write Objects.LinkFileList
[170/171] Linking DiskStewardPackageTests
Build complete! (14.27s)
Test Suite 'All tests' started at 2026-09-17 11:25:41.767.
Test Suite 'DiskStewardPackageTests.xctest' started at 2026-09-17 11:25:41.768.
Test Suite 'AgentIntegrationContractTests' started at 2026-09-17 11:25:41.768.
Test Case '-[DiskStewardAppTests.AgentIntegrationContractTests testDetectionChecksOnlyDeclaredExecutableAndApplicationCandidates]' started.
Test Case '-[DiskStewardAppTests.AgentIntegrationContractTests testDetectionChecksOnlyDeclaredExecutableAndApplicationCandidates]' passed (0.000 seconds).
Test Case '-[DiskStewardAppTests.AgentIntegrationContractTests testOwnershipNeverTreatsAnUnreceiptedOrChangedDefinitionAsOwned]' started.
Test Case '-[DiskStewardAppTests.AgentIntegrationContractTests testOwnershipNeverTreatsAnUnreceiptedOrChangedDefinitionAsOwned]' passed (0.000 seconds).
Test Case '-[DiskStewardAppTests.AgentIntegrationContractTests testProcessFailureMappingPreservesExitCodeAndActionableOutput]' started.
Test Case '-[DiskStewardAppTests.AgentIntegrationContractTests testProcessFailureMappingPreservesExitCodeAndActionableOutput]' passed (0.001 seconds).
Test Case '-[DiskStewardAppTests.AgentIntegrationContractTests testReceiptStoreIsIdempotentAndPersistsOnlyOneReceiptPerClient]' started.
Test Case '-[DiskStewardAppTests.AgentIntegrationContractTests testReceiptStoreIsIdempotentAndPersistsOnlyOneReceiptPerClient]' passed (0.004 seconds).
Test Case '-[DiskStewardAppTests.AgentIntegrationContractTests testSelectionEligibilityIsExplicit]' started.
Test Case '-[DiskStewardAppTests.AgentIntegrationContractTests testSelectionEligibilityIsExplicit]' passed (0.000 seconds).
Test Case '-[DiskStewardAppTests.AgentIntegrationContractTests testStateDerivationKeepsPresenceConfigurationApprovalAndVerificationDistinct]' started.
Test Case '-[DiskStewardAppTests.AgentIntegrationContractTests testStateDerivationKeepsPresenceConfigurationApprovalAndVerificationDistinct]' passed (0.001 seconds).
Test Suite 'AgentIntegrationContractTests' passed at 2026-09-17 11:25:41.775.
	 Executed 6 tests, with 0 failures (0 unexpected) in 0.006 (0.007) seconds
Test Suite 'AgentIntegrationHardeningTests' started at 2026-09-17 11:25:41.775.
Test Case '-[DiskStewardAppTests.AgentIntegrationHardeningTests testConfigurationAndReceiptSymlinksFailClosed]' started.
Test Case '-[DiskStewardAppTests.AgentIntegrationHardeningTests testConfigurationAndReceiptSymlinksFailClosed]' passed (0.003 seconds).
Test Case '-[DiskStewardAppTests.AgentIntegrationHardeningTests testJSONReceiptFailureRestoresExactDocumentForAllMutations]' started.
Test Case '-[DiskStewardAppTests.AgentIntegrationHardeningTests testJSONReceiptFailureRestoresExactDocumentForAllMutations]' passed (0.011 seconds).
Test Case '-[DiskStewardAppTests.AgentIntegrationHardeningTests testMissingPackagedHelperNeverReportsSuccessfulSetup]' started.
Test Case '-[DiskStewardAppTests.AgentIntegrationHardeningTests testMissingPackagedHelperNeverReportsSuccessfulSetup]' passed (0.001 seconds).
Test Case '-[DiskStewardAppTests.AgentIntegrationHardeningTests testMovedPackagedHelperBecomesBrokenAndRepairUpdatesOnlyOwnedEntry]' started.
Test Case '-[DiskStewardAppTests.AgentIntegrationHardeningTests testMovedPackagedHelperBecomesBrokenAndRepairUpdatesOnlyOwnedEntry]' passed (0.003 seconds).
Test Case '-[DiskStewardAppTests.AgentIntegrationHardeningTests testReplacingHelperAtSamePathRequiresRepairBeforeVerification]' started.
Test Case '-[DiskStewardAppTests.AgentIntegrationHardeningTests testReplacingHelperAtSamePathRequiresRepairBeforeVerification]' passed (0.005 seconds).
Test Case '-[DiskStewardAppTests.AgentIntegrationHardeningTests testUserModificationAfterReceiptCreatesConflictAndBlocksRemoval]' started.
Test Case '-[DiskStewardAppTests.AgentIntegrationHardeningTests testUserModificationAfterReceiptCreatesConflictAndBlocksRemoval]' passed (0.003 seconds).
Test Suite 'AgentIntegrationHardeningTests' passed at 2026-09-17 11:25:41.801.
	 Executed 6 tests, with 0 failures (0 unexpected) in 0.026 (0.027) seconds
Test Suite 'AgentIntegrationsPresentationTests' started at 2026-09-17 11:25:41.801.
Test Case '-[DiskStewardAppTests.AgentIntegrationsPresentationTests testDetectedClientsAreSelectableAndAbsentClientsAreNotPreselected]' started.
Test Case '-[DiskStewardAppTests.AgentIntegrationsPresentationTests testDetectedClientsAreSelectableAndAbsentClientsAreNotPreselected]' passed (0.000 seconds).
Test Case '-[DiskStewardAppTests.AgentIntegrationsPresentationTests testMultiSelectReportsPartialResultsWithoutRollingBackSuccess]' started.
Test Case '-[DiskStewardAppTests.AgentIntegrationsPresentationTests testMultiSelectReportsPartialResultsWithoutRollingBackSuccess]' passed (0.000 seconds).
Test Case '-[DiskStewardAppTests.AgentIntegrationsPresentationTests testRepairAndRemoveAreForwardedToTheSelectedClientOnly]' started.
Test Case '-[DiskStewardAppTests.AgentIntegrationsPresentationTests testRepairAndRemoveAreForwardedToTheSelectedClientOnly]' passed (0.000 seconds).
Test Case '-[DiskStewardAppTests.AgentIntegrationsPresentationTests testSetupSelectionDoesNotMutateAgentAccessState]' started.
Test Case '-[DiskStewardAppTests.AgentIntegrationsPresentationTests testSetupSelectionDoesNotMutateAgentAccessState]' passed (0.000 seconds).
Test Suite 'AgentIntegrationsPresentationTests' passed at 2026-09-17 11:25:41.803.
	 Executed 4 tests, with 0 failures (0 unexpected) in 0.001 (0.001) seconds
Test Suite 'AgentQueryableEvidenceIncrementTests' started at 2026-09-17 11:25:41.803.
Test Case '-[IncrementTests.AgentQueryableEvidenceIncrementTests testAgentQueryableEvidenceIncrementComposesWithHumanJourneyAndFailsClosed]' started.
Test Case '-[IncrementTests.AgentQueryableEvidenceIncrementTests testAgentQueryableEvidenceIncrementComposesWithHumanJourneyAndFailsClosed]' passed (0.399 seconds).
Test Suite 'AgentQueryableEvidenceIncrementTests' passed at 2026-09-17 11:25:42.202.
	 Executed 1 test, with 0 failures (0 unexpected) in 0.399 (0.399) seconds
Test Suite 'AgentSessionRegistryTests' started at 2026-09-17 11:25:42.202.
Test Case '-[DiskStewardCoreTests.AgentSessionRegistryTests testAuthenticatedRegistrationEndsAndExpiresWithoutPersistingSecret]' started.
Test Case '-[DiskStewardCoreTests.AgentSessionRegistryTests testAuthenticatedRegistrationEndsAndExpiresWithoutPersistingSecret]' passed (0.000 seconds).
Test Case '-[DiskStewardCoreTests.AgentSessionRegistryTests testPIDReuseIsASeparateIdentityAndLocalInspectorFindsCurrentProcess]' started.
Test Case '-[DiskStewardCoreTests.AgentSessionRegistryTests testPIDReuseIsASeparateIdentityAndLocalInspectorFindsCurrentProcess]' passed (0.000 seconds).
Test Case '-[DiskStewardCoreTests.AgentSessionRegistryTests testSpoofedStaleDuplicateAndCrossTaskRegistrationsFailClosed]' started.
Test Case '-[DiskStewardCoreTests.AgentSessionRegistryTests testSpoofedStaleDuplicateAndCrossTaskRegistrationsFailClosed]' passed (0.000 seconds).
Test Suite 'AgentSessionRegistryTests' passed at 2026-09-17 11:25:42.203.
	 Executed 3 tests, with 0 failures (0 unexpected) in 0.001 (0.001) seconds
Test Suite 'AppEvidenceIPCIntegrationTests' started at 2026-09-17 11:25:42.203.
Test Case '-[DiskStewardAppTests.AppEvidenceIPCIntegrationTests testEndedSessionHeartbeatAndHistoricalImpactSurviveBackendRestart]' started.
Test Case '-[DiskStewardAppTests.AppEvidenceIPCIntegrationTests testEndedSessionHeartbeatAndHistoricalImpactSurviveBackendRestart]' passed (0.012 seconds).
Test Case '-[DiskStewardAppTests.AppEvidenceIPCIntegrationTests testPrivateUnixSocketServesRealSummarySessionAndExportQueries]' started.
Test Case '-[DiskStewardAppTests.AppEvidenceIPCIntegrationTests testPrivateUnixSocketServesRealSummarySessionAndExportQueries]' passed (0.075 seconds).
Test Case '-[DiskStewardAppTests.AppEvidenceIPCIntegrationTests testServerRemovesOwnedSocketAndClientReportsUnavailableAfterStop]' started.
Test Case '-[DiskStewardAppTests.AppEvidenceIPCIntegrationTests testServerRemovesOwnedSocketAndClientReportsUnavailableAfterStop]' passed (0.007 seconds).
Test Suite 'AppEvidenceIPCIntegrationTests' passed at 2026-09-17 11:25:42.296.
	 Executed 3 tests, with 0 failures (0 unexpected) in 0.093 (0.093) seconds
Test Suite 'AuthoritativeMCPReadModelTests' started at 2026-09-17 11:25:42.296.
Test Case '-[DiskStewardAppTests.AuthoritativeMCPReadModelTests testCleanupCandidateIsWithdrawnIfFileGainsHardLinkAfterObservation]' started.
Test Case '-[DiskStewardAppTests.AuthoritativeMCPReadModelTests testCleanupCandidateIsWithdrawnIfFileGainsHardLinkAfterObservation]' passed (0.010 seconds).
Test Case '-[DiskStewardAppTests.AuthoritativeMCPReadModelTests testCleanupCandidateMustStillBeTheSameLiveFileAndLifecycleIsQueryable]' started.
Test Case '-[DiskStewardAppTests.AuthoritativeMCPReadModelTests testCleanupCandidateMustStillBeTheSameLiveFileAndLifecycleIsQueryable]' passed (0.011 seconds).
Test Case '-[DiskStewardAppTests.AuthoritativeMCPReadModelTests testCursorIsOpaqueAndBoundToItsQuery]' started.
Test Case '-[DiskStewardAppTests.AuthoritativeMCPReadModelTests testCursorIsOpaqueAndBoundToItsQuery]' passed (0.012 seconds).
Test Case '-[DiskStewardAppTests.AuthoritativeMCPReadModelTests testTaskImpactSeparatesSurvivingBytesAndPartialCoverageExcludesCleanup]' started.
Test Case '-[DiskStewardAppTests.AuthoritativeMCPReadModelTests testTaskImpactSeparatesSurvivingBytesAndPartialCoverageExcludesCleanup]' passed (0.016 seconds).
Test Suite 'AuthoritativeMCPReadModelTests' passed at 2026-09-17 11:25:42.346.
	 Executed 4 tests, with 0 failures (0 unexpected) in 0.050 (0.050) seconds
Test Suite 'BackendIsolationTests' started at 2026-09-17 11:25:42.346.
Test Case '-[DiskStewardAppTests.BackendIsolationTests testBackendInitializationNeverSweepsAnotherInstancesTemporaryExports]' started.
Test Case '-[DiskStewardAppTests.BackendIsolationTests testBackendInitializationNeverSweepsAnotherInstancesTemporaryExports]' passed (0.007 seconds).
Test Case '-[DiskStewardAppTests.BackendIsolationTests testFailedBackendInitializationNeverSweepsAnotherInstancesTemporaryExports]' started.
Test Case '-[DiskStewardAppTests.BackendIsolationTests testFailedBackendInitializationNeverSweepsAnotherInstancesTemporaryExports]' passed (0.001 seconds).
Test Case '-[DiskStewardAppTests.BackendIsolationTests testOverlappingInlineExportsUseSeparateWorkspacesAndCleanTheirPayloads]' started.
Test Case '-[DiskStewardAppTests.BackendIsolationTests testOverlappingInlineExportsUseSeparateWorkspacesAndCleanTheirPayloads]' passed (0.024 seconds).
Test Case '-[DiskStewardAppTests.BackendIsolationTests testRequestCleanupPreservesSiblingAndReplacementDirectories]' started.
Test Case '-[DiskStewardAppTests.BackendIsolationTests testRequestCleanupPreservesSiblingAndReplacementDirectories]' passed (0.001 seconds).
Test Case '-[DiskStewardAppTests.BackendIsolationTests testWorkspaceRefusesSymlinkOrNonprivateParentBeforeCreatingChildren]' started.
Test Case '-[DiskStewardAppTests.BackendIsolationTests testWorkspaceRefusesSymlinkOrNonprivateParentBeforeCreatingChildren]' passed (0.001 seconds).
Test Suite 'BackendIsolationTests' passed at 2026-09-17 11:25:42.381.
	 Executed 5 tests, with 0 failures (0 unexpected) in 0.035 (0.035) seconds
Test Suite 'CodexAndClaudeCodeAdapterTests' started at 2026-09-17 11:25:42.381.
Test Case '-[DiskStewardAppTests.CodexAndClaudeCodeAdapterTests testClaudeCodeUsesUserScopeForAddAndRemove]' started.
Test Case '-[DiskStewardAppTests.CodexAndClaudeCodeAdapterTests testClaudeCodeUsesUserScopeForAddAndRemove]' passed (0.002 seconds).
Test Case '-[DiskStewardAppTests.CodexAndClaudeCodeAdapterTests testClaudeParserAcceptsEmptyEnvironmentButRejectsNonUserScopeAndUnknownFields]' started.
Test Case '-[DiskStewardAppTests.CodexAndClaudeCodeAdapterTests testClaudeParserAcceptsEmptyEnvironmentButRejectsNonUserScopeAndUnknownFields]' passed (0.001 seconds).
Test Case '-[DiskStewardAppTests.CodexAndClaudeCodeAdapterTests testClientCommandFailureIsReportedWithoutFalseReceipt]' started.
Test Case '-[DiskStewardAppTests.CodexAndClaudeCodeAdapterTests testClientCommandFailureIsReportedWithoutFalseReceipt]' passed (0.001 seconds).
Test Case '-[DiskStewardAppTests.CodexAndClaudeCodeAdapterTests testCodexUsesOfficialLifecycleAndRepeatedSetupIsIdempotent]' started.
Test Case '-[DiskStewardAppTests.CodexAndClaudeCodeAdapterTests testCodexUsesOfficialLifecycleAndRepeatedSetupIsIdempotent]' passed (0.002 seconds).
Test Case '-[DiskStewardAppTests.CodexAndClaudeCodeAdapterTests testConflictFailsClosedWithoutAddRemoveOrReceiptMutation]' started.
Test Case '-[DiskStewardAppTests.CodexAndClaudeCodeAdapterTests testConflictFailsClosedWithoutAddRemoveOrReceiptMutation]' passed (0.001 seconds).
Test Case '-[DiskStewardAppTests.CodexAndClaudeCodeAdapterTests testFailedMutationDoesNotRollBackOverConcurrentUserChange]' started.
Test Case '-[DiskStewardAppTests.CodexAndClaudeCodeAdapterTests testFailedMutationDoesNotRollBackOverConcurrentUserChange]' passed (0.001 seconds).
Test Case '-[DiskStewardAppTests.CodexAndClaudeCodeAdapterTests testFailedRepairRestoresPreviousOwnedDefinition]' started.
Test Case '-[DiskStewardAppTests.CodexAndClaudeCodeAdapterTests testFailedRepairRestoresPreviousOwnedDefinition]' passed (0.001 seconds).
Test Case '-[DiskStewardAppTests.CodexAndClaudeCodeAdapterTests testMissingHelperIsActionableAndDoesNotInvokeClientMutation]' started.
Test Case '-[DiskStewardAppTests.CodexAndClaudeCodeAdapterTests testMissingHelperIsActionableAndDoesNotInvokeClientMutation]' passed (0.001 seconds).
Test Case '-[DiskStewardAppTests.CodexAndClaudeCodeAdapterTests testReceiptFailureRollsBackSetupRepairAndRemoval]' started.
Test Case '-[DiskStewardAppTests.CodexAndClaudeCodeAdapterTests testReceiptFailureRollsBackSetupRepairAndRemoval]' passed (0.009 seconds).
Test Case '-[DiskStewardAppTests.CodexAndClaudeCodeAdapterTests testRepairReplacesOnlyReceiptedOwnedDefinition]' started.
Test Case '-[DiskStewardAppTests.CodexAndClaudeCodeAdapterTests testRepairReplacesOnlyReceiptedOwnedDefinition]' passed (0.002 seconds).
Test Case '-[DiskStewardAppTests.CodexAndClaudeCodeAdapterTests testVerificationRejectsConfigurationChangedDuringHelperCheck]' started.
Test Case '-[DiskStewardAppTests.CodexAndClaudeCodeAdapterTests testVerificationRejectsConfigurationChangedDuringHelperCheck]' passed (0.002 seconds).
Test Case '-[DiskStewardAppTests.CodexAndClaudeCodeAdapterTests testVerificationRunsBundledHelperSelfCheckAndUpdatesReceipt]' started.
Test Case '-[DiskStewardAppTests.CodexAndClaudeCodeAdapterTests testVerificationRunsBundledHelperSelfCheckAndUpdatesReceipt]' passed (0.002 seconds).
Test Suite 'CodexAndClaudeCodeAdapterTests' passed at 2026-09-17 11:25:42.406.
	 Executed 12 tests, with 0 failures (0 unexpected) in 0.024 (0.025) seconds
Test Suite 'CommandRunnerRegressionTests' started at 2026-09-17 11:25:42.406.
Test Case '-[DiskStewardAppTests.CommandRunnerRegressionTests testCancellationAtBothSpawnBoundariesHasOneCompletionAndReapsOwnedLeader]' started.
Test Case '-[DiskStewardAppTests.CommandRunnerRegressionTests testCancellationAtBothSpawnBoundariesHasOneCompletionAndReapsOwnedLeader]' passed (0.235 seconds).
Test Case '-[DiskStewardAppTests.CommandRunnerRegressionTests testCancellationStopsTermIgnoringChildAndItsDescendantBeforeReturning]' started.
Test Case '-[DiskStewardAppTests.CommandRunnerRegressionTests testCancellationStopsTermIgnoringChildAndItsDescendantBeforeReturning]' passed (0.204 seconds).
Test Case '-[DiskStewardAppTests.CommandRunnerRegressionTests testDrainsMoreThanPipeCapacityWithoutDeadlock]' started.
Test Case '-[DiskStewardAppTests.CommandRunnerRegressionTests testDrainsMoreThanPipeCapacityWithoutDeadlock]' passed (0.025 seconds).
Test Case '-[DiskStewardAppTests.CommandRunnerRegressionTests testDrainsOneMiBFromEachPipeAndPreservesFastExitStatus]' started.
Test Case '-[DiskStewardAppTests.CommandRunnerRegressionTests testDrainsOneMiBFromEachPipeAndPreservesFastExitStatus]' passed (0.006 seconds).
Test Case '-[DiskStewardAppTests.CommandRunnerRegressionTests testEnvironmentWorkingDirectoryStdinAndDelayedOutputArePreserved]' started.
Test Case '-[DiskStewardAppTests.CommandRunnerRegressionTests testEnvironmentWorkingDirectoryStdinAndDelayedOutputArePreserved]' passed (0.042 seconds).
Test Case '-[DiskStewardAppTests.CommandRunnerRegressionTests testFourOwnedCommandsAreCountedUntilCleanupAndRefuseAFifth]' started.
Test Case '-[DiskStewardAppTests.CommandRunnerRegressionTests testFourOwnedCommandsAreCountedUntilCleanupAndRefuseAFifth]' passed (0.785 seconds).
Test Case '-[DiskStewardAppTests.CommandRunnerRegressionTests testHugeOutputAndNeverExitStopAndReapTheOwnedProcessGroup]' started.
Test Case '-[DiskStewardAppTests.CommandRunnerRegressionTests testHugeOutputAndNeverExitStopAndReapTheOwnedProcessGroup]' passed (0.313 seconds).
Test Case '-[DiskStewardAppTests.CommandRunnerRegressionTests testParentExitAlsoStopsDescendantWithClosedOutputPipes]' started.
Test Case '-[DiskStewardAppTests.CommandRunnerRegressionTests testParentExitAlsoStopsDescendantWithClosedOutputPipes]' passed (0.197 seconds).
Test Case '-[DiskStewardAppTests.CommandRunnerRegressionTests testParentExitDoesNotLeaveAnInheritedPipeChildAlive]' started.
Test Case '-[DiskStewardAppTests.CommandRunnerRegressionTests testParentExitDoesNotLeaveAnInheritedPipeChildAlive]' passed (0.012 seconds).
Test Case '-[DiskStewardAppTests.CommandRunnerRegressionTests testRepeatedSuccessAndSpawnFailuresDoNotLeakDescriptorsOrZombies]' started.
Test Case '-[DiskStewardAppTests.CommandRunnerRegressionTests testRepeatedSuccessAndSpawnFailuresDoNotLeakDescriptorsOrZombies]' passed (0.351 seconds).
Test Case '-[DiskStewardAppTests.CommandRunnerRegressionTests testSpawnDelayIsIncludedInOverallDeadlineAndDoesNotLaunchAfterExpiry]' started.
Test Case '-[DiskStewardAppTests.CommandRunnerRegressionTests testSpawnDelayIsIncludedInOverallDeadlineAndDoesNotLaunchAfterExpiry]' passed (0.836 seconds).
Test Case '-[DiskStewardAppTests.CommandRunnerRegressionTests testSpawnFailureAndAlreadyCancelledCallRecover]' started.
Test Case '-[DiskStewardAppTests.CommandRunnerRegressionTests testSpawnFailureAndAlreadyCancelledCallRecover]' passed (0.063 seconds).
Test Case '-[DiskStewardAppTests.CommandRunnerRegressionTests testTimeoutAndOutputLimitsAreEnforced]' started.
Test Case '-[DiskStewardAppTests.CommandRunnerRegressionTests testTimeoutAndOutputLimitsAreEnforced]' passed (0.110 seconds).
Test Suite 'CommandRunnerRegressionTests' passed at 2026-09-17 11:25:45.585.
	 Executed 13 tests, with 0 failures (0 unexpected) in 3.177 (3.179) seconds
Test Suite 'ContractTests' started at 2026-09-17 11:25:45.585.
Test Case '-[ContractTests.ContractTests testEverySchemaIsClosedAndVersioned]' started.
Test Case '-[ContractTests.ContractTests testEverySchemaIsClosedAndVersioned]' passed (0.001 seconds).
Test Case '-[ContractTests.ContractTests testEvidenceRejectsFileContents]' started.
Test Case '-[ContractTests.ContractTests testEvidenceRejectsFileContents]' passed (0.000 seconds).
Test Case '-[ContractTests.ContractTests testEvidenceRequiresConfidence]' started.
Test Case '-[ContractTests.ContractTests testEvidenceRequiresConfidence]' passed (0.000 seconds).
Test Case '-[ContractTests.ContractTests testExportManifestRequiresLimitationsAndValidHashes]' started.
Test Case '-[ContractTests.ContractTests testExportManifestRequiresLimitationsAndValidHashes]' passed (0.001 seconds).
Test Case '-[ContractTests.ContractTests testPrivacyContractHardDisablesContentsAndEnvironment]' started.
Test Case '-[ContractTests.ContractTests testPrivacyContractHardDisablesContentsAndEnvironment]' passed (0.000 seconds).
Test Case '-[ContractTests.ContractTests testRetentionPolicyIsBounded]' started.
Test Case '-[ContractTests.ContractTests testRetentionPolicyIsBounded]' passed (0.000 seconds).
Test Case '-[ContractTests.ContractTests testValidEvidenceEvent]' started.
Test Case '-[ContractTests.ContractTests testValidEvidenceEvent]' passed (0.000 seconds).
Test Suite 'ContractTests' passed at 2026-09-17 11:25:45.589.
	 Executed 7 tests, with 0 failures (0 unexpected) in 0.003 (0.004) seconds
Test Suite 'DirectoryMetadataScannerConvergentScanGenerationTests' started at 2026-09-17 11:25:45.589.
Test Case '-[DiskStewardCoreTests.DirectoryMetadataScannerConvergentScanGenerationTests testBoundedSelectorKeepsOnlyFirstBatchAcrossOneHundredThousandNames]' started.
Test Case '-[DiskStewardCoreTests.DirectoryMetadataScannerConvergentScanGenerationTests testBoundedSelectorKeepsOnlyFirstBatchAcrossOneHundredThousandNames]' passed (0.312 seconds).
Test Case '-[DiskStewardCoreTests.DirectoryMetadataScannerConvergentScanGenerationTests testCompletedGenerationReconcilesLargeStateWithBoundedInlineResult]' started.
Test Case '-[DiskStewardCoreTests.DirectoryMetadataScannerConvergentScanGenerationTests testCompletedGenerationReconcilesLargeStateWithBoundedInlineResult]' passed (0.679 seconds).
Test Case '-[DiskStewardCoreTests.DirectoryMetadataScannerConvergentScanGenerationTests testDeletedQueuedDirectoryIsRescannedAndScopeChangeAbandonsOnlyUnpublishedWork]' started.
Test Case '-[DiskStewardCoreTests.DirectoryMetadataScannerConvergentScanGenerationTests testDeletedQueuedDirectoryIsRescannedAndScopeChangeAbandonsOnlyUnpublishedWork]' passed (0.013 seconds).
Test Case '-[DiskStewardCoreTests.DirectoryMetadataScannerConvergentScanGenerationTests testDirectoryChangeBeforeResumeResetsCursorAndDoesNotSkipEarlierName]' started.
Test Case '-[DiskStewardCoreTests.DirectoryMetadataScannerConvergentScanGenerationTests testDirectoryChangeBeforeResumeResetsCursorAndDoesNotSkipEarlierName]' passed (0.013 seconds).
Test Case '-[DiskStewardCoreTests.DirectoryMetadataScannerConvergentScanGenerationTests testEventGapPersistsAcrossRestartUntilCompleteReconciliation]' started.
Test Case '-[DiskStewardCoreTests.DirectoryMetadataScannerConvergentScanGenerationTests testEventGapPersistsAcrossRestartUntilCompleteReconciliation]' passed (0.013 seconds).
Test Case '-[DiskStewardCoreTests.DirectoryMetadataScannerConvergentScanGenerationTests testHighFanoutSliceUsesOneStreamingPassAndRetainsOnlyItsBudget]' started.
Test Case '-[DiskStewardCoreTests.DirectoryMetadataScannerConvergentScanGenerationTests testHighFanoutSliceUsesOneStreamingPassAndRetainsOnlyItsBudget]' passed (0.309 seconds).
Test Case '-[DiskStewardCoreTests.DirectoryMetadataScannerConvergentScanGenerationTests testLegacyPersistedGenerationDecodesWithoutNewCursorFields]' started.
Test Case '-[DiskStewardCoreTests.DirectoryMetadataScannerConvergentScanGenerationTests testLegacyPersistedGenerationDecodesWithoutNewCursorFields]' passed (0.000 seconds).
Test Case '-[DiskStewardCoreTests.DirectoryMetadataScannerConvergentScanGenerationTests testMultipleRootsReceiveWorkInTheSameBoundedSlice]' started.
Test Case '-[DiskStewardCoreTests.DirectoryMetadataScannerConvergentScanGenerationTests testMultipleRootsReceiveWorkInTheSameBoundedSlice]' passed (0.017 seconds).
Test Case '-[DiskStewardCoreTests.DirectoryMetadataScannerConvergentScanGenerationTests testReconciliationIsAtomicAcrossEveryInjectedInterruptionBoundary]' started.
Test Case '-[DiskStewardCoreTests.DirectoryMetadataScannerConvergentScanGenerationTests testReconciliationIsAtomicAcrossEveryInjectedInterruptionBoundary]' passed (0.072 seconds).
Test Case '-[DiskStewardCoreTests.DirectoryMetadataScannerConvergentScanGenerationTests testRepeatedEventGapsCoalesceUntilReconciliationAndCanReopen]' started.
Test Case '-[DiskStewardCoreTests.DirectoryMetadataScannerConvergentScanGenerationTests testRepeatedEventGapsCoalesceUntilReconciliationAndCanReopen]' passed (0.018 seconds).
Test Case '-[DiskStewardCoreTests.DirectoryMetadataScannerConvergentScanGenerationTests testRestartedDirectoryDoesNotPublishDeletedStagedFile]' started.
Test Case '-[DiskStewardCoreTests.DirectoryMetadataScannerConvergentScanGenerationTests testRestartedDirectoryDoesNotPublishDeletedStagedFile]' passed (0.011 seconds).
Test Case '-[DiskStewardCoreTests.DirectoryMetadataScannerConvergentScanGenerationTests testSmallSlicesResumeReconcileOnlyWhenCompleteAndDeleteBAfterFullSecondGeneration]' started.
Test Case '-[DiskStewardCoreTests.DirectoryMetadataScannerConvergentScanGenerationTests testSmallSlicesResumeReconcileOnlyWhenCompleteAndDeleteBAfterFullSecondGeneration]' passed (0.021 seconds).
Test Case '-[DiskStewardCoreTests.DirectoryMetadataScannerConvergentScanGenerationTests testUnavailableRootDoesNotBlockHealthyRootOrProveDeletion]' started.
Test Case '-[DiskStewardCoreTests.DirectoryMetadataScannerConvergentScanGenerationTests testUnavailableRootDoesNotBlockHealthyRootOrProveDeletion]' passed (0.017 seconds).
Test Case '-[DiskStewardCoreTests.DirectoryMetadataScannerConvergentScanGenerationTests testUnchangedCompletedGenerationsDoNotMultiplyFileHistory]' started.
Test Case '-[DiskStewardCoreTests.DirectoryMetadataScannerConvergentScanGenerationTests testUnchangedCompletedGenerationsDoNotMultiplyFileHistory]' passed (0.012 seconds).
Test Suite 'DirectoryMetadataScannerConvergentScanGenerationTests' passed at 2026-09-17 11:25:47.097.
	 Executed 14 tests, with 0 failures (0 unexpected) in 1.507 (1.508) seconds
Test Suite 'DiskStewardAppTests' started at 2026-09-17 11:25:47.097.
Test Case '-[DiskStewardAppTests.DiskStewardAppTests testApplicationUsesAccessoryPolicyWithoutDockPresence]' started.
Test Case '-[DiskStewardAppTests.DiskStewardAppTests testApplicationUsesAccessoryPolicyWithoutDockPresence]' passed (0.000 seconds).
Test Case '-[DiskStewardAppTests.DiskStewardAppTests testClickRoutesAreDistinct]' started.
Test Case '-[DiskStewardAppTests.DiskStewardAppTests testClickRoutesAreDistinct]' passed (0.000 seconds).
Test Case '-[DiskStewardAppTests.DiskStewardAppTests testRequiredUtilityMenuLabelsRemainStable]' started.
Test Case '-[DiskStewardAppTests.DiskStewardAppTests testRequiredUtilityMenuLabelsRemainStable]' passed (0.000 seconds).
Test Case '-[DiskStewardAppTests.DiskStewardAppTests testViewModelShowsRealSnapshotValuesAndExports]' started.
Test Case '-[DiskStewardAppTests.DiskStewardAppTests testViewModelShowsRealSnapshotValuesAndExports]' passed (0.003 seconds).
Test Suite 'DiskStewardAppTests' passed at 2026-09-17 11:25:47.101.
	 Executed 4 tests, with 0 failures (0 unexpected) in 0.003 (0.004) seconds
Test Suite 'DiskStewardEndpointTests' started at 2026-09-17 11:25:47.101.
Test Case '-[DiskStewardEndpointTests.DiskStewardEndpointTests testBridgeRejectsSpoofedPeerAndDetectsSequenceLoss]' started.
Test Case '-[DiskStewardEndpointTests.DiskStewardEndpointTests testBridgeRejectsSpoofedPeerAndDetectsSequenceLoss]' passed (0.001 seconds).
Test Case '-[DiskStewardEndpointTests.DiskStewardEndpointTests testDenialCrashAndMissingEntitlementKeepFallbackVisible]' started.
Test Case '-[DiskStewardEndpointTests.DiskStewardEndpointTests testDenialCrashAndMissingEntitlementKeepFallbackVisible]' passed (0.000 seconds).
Test Case '-[DiskStewardEndpointTests.DiskStewardEndpointTests testFixtureRuntimeFiltersNormalizesAndDeliversWithoutAuthorizationEvents]' started.
/private/tmp/disk-steward-542-final.kdHtJE/Tests/DiskStewardEndpointTests/DiskStewardEndpointTests.swift:18: error: -[DiskStewardEndpointTests.DiskStewardEndpointTests testFixtureRuntimeFiltersNormalizesAndDeliversWithoutAuthorizationEvents] : XCTAssertEqual failed: ("Optional(DiskStewardCore.EvidenceStoreEvent.Confidence.unknown)") is not equal to ("Optional(DiskStewardCore.EvidenceStoreEvent.Confidence.exact)")
Test Case '-[DiskStewardEndpointTests.DiskStewardEndpointTests testFixtureRuntimeFiltersNormalizesAndDeliversWithoutAuthorizationEvents]' failed (0.161 seconds).
Test Case '-[DiskStewardEndpointTests.DiskStewardEndpointTests testWritesCoalesceWithinBoundsAndOverloadSignalsFallback]' started.
Test Case '-[DiskStewardEndpointTests.DiskStewardEndpointTests testWritesCoalesceWithinBoundsAndOverloadSignalsFallback]' passed (0.000 seconds).
Test Suite 'DiskStewardEndpointTests' failed at 2026-09-17 11:25:47.264.
	 Executed 4 tests, with 1 failure (0 unexpected) in 0.163 (0.163) seconds
Test Suite 'DiskStewardMCPTests' started at 2026-09-17 11:25:47.264.
Test Case '-[DiskStewardMCPTests.DiskStewardMCPTests testInitializationAndToolDiscoveryExposeOnlyReadOnlyCatalog]' started.
Test Case '-[DiskStewardMCPTests.DiskStewardMCPTests testInitializationAndToolDiscoveryExposeOnlyReadOnlyCatalog]' passed (0.003 seconds).
Test Case '-[DiskStewardMCPTests.DiskStewardMCPTests testMalformedInputAndUnknownToolsAreProtocolErrors]' started.
Test Case '-[DiskStewardMCPTests.DiskStewardMCPTests testMalformedInputAndUnknownToolsAreProtocolErrors]' passed (0.001 seconds).
Test Case '-[DiskStewardMCPTests.DiskStewardMCPTests testResourcesForwardThroughProtectedIPC]' started.
Test Case '-[DiskStewardMCPTests.DiskStewardMCPTests testResourcesForwardThroughProtectedIPC]' passed (0.001 seconds).
Test Case '-[DiskStewardMCPTests.DiskStewardMCPTests testResponseLimitFailsClosedAndExportPreservesInlineParity]' started.
Test Case '-[DiskStewardMCPTests.DiskStewardMCPTests testResponseLimitFailsClosedAndExportPreservesInlineParity]' passed (0.002 seconds).
Test Case '-[DiskStewardMCPTests.DiskStewardMCPTests testToolCallReturnsStructuredAndTextContentWithSanitization]' started.
Test Case '-[DiskStewardMCPTests.DiskStewardMCPTests testToolCallReturnsStructuredAndTextContentWithSanitization]' passed (0.001 seconds).
Test Case '-[DiskStewardMCPTests.DiskStewardMCPTests testUnavailableAppAndInsecureSocketReturnActionableErrors]' started.
Test Case '-[DiskStewardMCPTests.DiskStewardMCPTests testUnavailableAppAndInsecureSocketReturnActionableErrors]' passed (0.001 seconds).
Test Case '-[DiskStewardMCPTests.DiskStewardMCPTests testUnknownCancellationDoesNotPoisonLaterRequest]' started.
Test Case '-[DiskStewardMCPTests.DiskStewardMCPTests testUnknownCancellationDoesNotPoisonLaterRequest]' passed (0.001 seconds).
Test Suite 'DiskStewardMCPTests' passed at 2026-09-17 11:25:47.275.
	 Executed 7 tests, with 0 failures (0 unexpected) in 0.010 (0.011) seconds
Test Suite 'DistributionReleaseIntegrityTests' started at 2026-09-17 11:25:47.275.
Test Case '-[IncrementTests.DistributionReleaseIntegrityTests testActualVerifierRejectsMissingHelperWrongBundleAndUnsignedArtifact]' started.
Test Case '-[IncrementTests.DistributionReleaseIntegrityTests testActualVerifierRejectsMissingHelperWrongBundleAndUnsignedArtifact]' passed (0.281 seconds).
Test Case '-[IncrementTests.DistributionReleaseIntegrityTests testProductionVerifierContainsEveryFailClosedArtifactGate]' started.
Test Case '-[IncrementTests.DistributionReleaseIntegrityTests testProductionVerifierContainsEveryFailClosedArtifactGate]' passed (0.002 seconds).
Test Case '-[IncrementTests.DistributionReleaseIntegrityTests testReleasePolicyAcceptsOnlyCompleteDeveloperIDFixture]' started.
Test Case '-[IncrementTests.DistributionReleaseIntegrityTests testReleasePolicyAcceptsOnlyCompleteDeveloperIDFixture]' passed (0.000 seconds).
Test Case '-[IncrementTests.DistributionReleaseIntegrityTests testRepositoryReleaseSurfacesContainNoCredentialMaterial]' started.
Test Case '-[IncrementTests.DistributionReleaseIntegrityTests testRepositoryReleaseSurfacesContainNoCredentialMaterial]' passed (0.023 seconds).
Test Case '-[IncrementTests.DistributionReleaseIntegrityTests testStandardAndOptionalEntitlementsRemainSeparated]' started.
Test Case '-[IncrementTests.DistributionReleaseIntegrityTests testStandardAndOptionalEntitlementsRemainSeparated]' passed (0.000 seconds).
Test Suite 'DistributionReleaseIntegrityTests' passed at 2026-09-17 11:25:47.581.
	 Executed 5 tests, with 0 failures (0 unexpected) in 0.306 (0.306) seconds
Test Suite 'DurableProvenanceLifecycleTests' started at 2026-09-17 11:25:47.581.
Test Case '-[DiskStewardCoreTests.DurableProvenanceLifecycleTests testClaimsPersistIntervalsContradictionsAncestryUnknownAndSupersession]' started.
Test Case '-[DiskStewardCoreTests.DurableProvenanceLifecycleTests testClaimsPersistIntervalsContradictionsAncestryUnknownAndSupersession]' passed (0.011 seconds).
Test Case '-[DiskStewardCoreTests.DurableProvenanceLifecycleTests testEvidenceBundleExportsPersistedActorSessionMethodAndSupportWithoutSynthesis]' started.
Test Case '-[DiskStewardCoreTests.DurableProvenanceLifecycleTests testEvidenceBundleExportsPersistedActorSessionMethodAndSupportWithoutSynthesis]' passed (0.021 seconds).
Test Case '-[DiskStewardCoreTests.DurableProvenanceLifecycleTests testFSEventFlagsAndEndpointEvidenceRemainDistinctAndLinkedAfterRestart]' started.
Test Case '-[DiskStewardCoreTests.DurableProvenanceLifecycleTests testFSEventFlagsAndEndpointEvidenceRemainDistinctAndLinkedAfterRestart]' passed (0.029 seconds).
Test Case '-[DiskStewardCoreTests.DurableProvenanceLifecycleTests testOverlappingSessionsGapsDeleteAndPathReuseNeverInventAuthorship]' started.
Test Case '-[DiskStewardCoreTests.DurableProvenanceLifecycleTests testOverlappingSessionsGapsDeleteAndPathReuseNeverInventAuthorship]' passed (0.000 seconds).
Test Case '-[DiskStewardCoreTests.DurableProvenanceLifecycleTests testSessionHeartbeatEndExpiryAndHistoricalContextSurviveRegistryRestart]' started.
Test Case '-[DiskStewardCoreTests.DurableProvenanceLifecycleTests testSessionHeartbeatEndExpiryAndHistoricalContextSurviveRegistryRestart]' passed (0.007 seconds).
Test Suite 'DurableProvenanceLifecycleTests' passed at 2026-09-17 11:25:47.649.
	 Executed 5 tests, with 0 failures (0 unexpected) in 0.067 (0.068) seconds
Test Suite 'EndpointSecurityContractTests' started at 2026-09-17 11:25:47.649.
Test Case '-[ContractTests.EndpointSecurityContractTests testDenialLossOverloadAndUnavailableStatesKeepFallbackActive]' started.
Test Case '-[ContractTests.EndpointSecurityContractTests testDenialLossOverloadAndUnavailableStatesKeepFallbackActive]' passed (0.001 seconds).
Test Case '-[ContractTests.EndpointSecurityContractTests testExactCreateRenameAndCoalescedCloseRequireCompleteLinkage]' started.
Test Case '-[ContractTests.EndpointSecurityContractTests testExactCreateRenameAndCoalescedCloseRequireCompleteLinkage]' passed (0.001 seconds).
Test Case '-[ContractTests.EndpointSecurityContractTests testIncompleteOrGappedEventCannotClaimExact]' started.
Test Case '-[ContractTests.EndpointSecurityContractTests testIncompleteOrGappedEventCannotClaimExact]' passed (0.000 seconds).
Test Case '-[ContractTests.EndpointSecurityContractTests testPIDReuseUsesPIDAndStartTimeIdentity]' started.
Test Case '-[ContractTests.EndpointSecurityContractTests testPIDReuseUsesPIDAndStartTimeIdentity]' passed (0.000 seconds).
Test Case '-[ContractTests.EndpointSecurityContractTests testPrivacyFilteringIsDeterministicAndContentsAreUnrepresentable]' started.
Test Case '-[ContractTests.EndpointSecurityContractTests testPrivacyFilteringIsDeterministicAndContentsAreUnrepresentable]' passed (0.000 seconds).
Test Suite 'EndpointSecurityContractTests' passed at 2026-09-17 11:25:47.652.
	 Executed 5 tests, with 0 failures (0 unexpected) in 0.003 (0.003) seconds
Test Suite 'EvidenceBundleExporterTests' started at 2026-09-17 11:25:47.652.
Test Case '-[DiskStewardCoreTests.EvidenceBundleExporterTests testActionableBundleDisclosesRootsPartialCoverageCurrentConsumersAndUnavailableGrowth]' started.
Test Case '-[DiskStewardCoreTests.EvidenceBundleExporterTests testActionableBundleDisclosesRootsPartialCoverageCurrentConsumersAndUnavailableGrowth]' passed (0.020 seconds).
Test Case '-[DiskStewardCoreTests.EvidenceBundleExporterTests testConcurrentWritesProduceOneInternallyConsistentBackupView]' started.
Test Case '-[DiskStewardCoreTests.EvidenceBundleExporterTests testConcurrentWritesProduceOneInternallyConsistentBackupView]' passed (0.062 seconds).
Test Case '-[DiskStewardCoreTests.EvidenceBundleExporterTests testExportDuringActiveGenerationDisclosesProgressAndKeepsPriorStateStale]' started.
Test Case '-[DiskStewardCoreTests.EvidenceBundleExporterTests testExportDuringActiveGenerationDisclosesProgressAndKeepsPriorStateStale]' passed (0.029 seconds).
Test Case '-[DiskStewardCoreTests.EvidenceBundleExporterTests testGoldenBundleIsDeterministicSchemaValidAndIntegrityVerifiable]' started.
Test Case '-[DiskStewardCoreTests.EvidenceBundleExporterTests testGoldenBundleIsDeterministicSchemaValidAndIntegrityVerifiable]' passed (0.022 seconds).
Test Case '-[DiskStewardCoreTests.EvidenceBundleExporterTests testInvalidRangeAndExistingDestinationFailClosed]' started.
Test Case '-[DiskStewardCoreTests.EvidenceBundleExporterTests testInvalidRangeAndExistingDestinationFailClosed]' passed (0.036 seconds).
Test Case '-[DiskStewardCoreTests.EvidenceBundleExporterTests testLargeEventPayloadUsesStreamingCompressionAndRemainsVerifiable]' started.
Test Case '-[DiskStewardCoreTests.EvidenceBundleExporterTests testLargeEventPayloadUsesStreamingCompressionAndRemainsVerifiable]' passed (2.368 seconds).
Test Case '-[DiskStewardCoreTests.EvidenceBundleExporterTests testManualExportInventoryRetainsOwnershipHashRangePrecisionAndMissingState]' started.
Test Case '-[DiskStewardCoreTests.EvidenceBundleExporterTests testManualExportInventoryRetainsOwnershipHashRangePrecisionAndMissingState]' passed (0.051 seconds).
Test Case '-[DiskStewardCoreTests.EvidenceBundleExporterTests testRequestedPeriodAndEventLimitAreExplicit]' started.
Test Case '-[DiskStewardCoreTests.EvidenceBundleExporterTests testRequestedPeriodAndEventLimitAreExplicit]' passed (0.018 seconds).
Test Case '-[DiskStewardCoreTests.EvidenceBundleExporterTests testRetainedRollupsRemainExportableAfterRawEventsExpire]' started.
Test Case '-[DiskStewardCoreTests.EvidenceBundleExporterTests testRetainedRollupsRemainExportableAfterRawEventsExpire]' passed (0.041 seconds).
Test Case '-[DiskStewardCoreTests.EvidenceBundleExporterTests testSecretLikePathFragmentsAreRedactedAndHashedModeIsOpaque]' started.
Test Case '-[DiskStewardCoreTests.EvidenceBundleExporterTests testSecretLikePathFragmentsAreRedactedAndHashedModeIsOpaque]' passed (0.039 seconds).
Test Suite 'EvidenceBundleExporterTests' passed at 2026-09-17 11:25:50.339.
	 Executed 10 tests, with 0 failures (0 unexpected) in 2.686 (2.687) seconds
Test Suite 'EvidenceObjectLifecycleTests' started at 2026-09-17 11:25:50.339.
Test Case '-[DiskStewardCoreTests.EvidenceObjectLifecycleTests testCompleteABCObservationRecordsDeletionAndReplayIsIdempotent]' started.
Test Case '-[DiskStewardCoreTests.EvidenceObjectLifecycleTests testCompleteABCObservationRecordsDeletionAndReplayIsIdempotent]' passed (0.008 seconds).
Test Case '-[DiskStewardCoreTests.EvidenceObjectLifecycleTests testDuplicateRootCoverageIsRejectedWithoutWritingAnObservation]' started.
Test Case '-[DiskStewardCoreTests.EvidenceObjectLifecycleTests testDuplicateRootCoverageIsRejectedWithoutWritingAnObservation]' passed (0.007 seconds).
Test Case '-[DiskStewardCoreTests.EvidenceObjectLifecycleTests testHardLinkedPathsRemainOnePhysicalObjectAndNeverCrashReconciliation]' started.
Test Case '-[DiskStewardCoreTests.EvidenceObjectLifecycleTests testHardLinkedPathsRemainOnePhysicalObjectAndNeverCrashReconciliation]' passed (0.010 seconds).
Test Case '-[DiskStewardCoreTests.EvidenceObjectLifecycleTests testModifyTruncateRenameAndReplacementHaveDistinctIdentityAwareEvents]' started.
Test Case '-[DiskStewardCoreTests.EvidenceObjectLifecycleTests testModifyTruncateRenameAndReplacementHaveDistinctIdentityAwareEvents]' passed (0.011 seconds).
Test Case '-[DiskStewardCoreTests.EvidenceObjectLifecycleTests testObservationTransactionRollsBackOnScopeMismatch]' started.
Test Case '-[DiskStewardCoreTests.EvidenceObjectLifecycleTests testObservationTransactionRollsBackOnScopeMismatch]' passed (0.006 seconds).
Test Case '-[DiskStewardCoreTests.EvidenceObjectLifecycleTests testPartialABCObservationKeepsBUnknownUntilCompleteRecovery]' started.
Test Case '-[DiskStewardCoreTests.EvidenceObjectLifecycleTests testPartialABCObservationKeepsBUnknownUntilCompleteRecovery]' passed (0.009 seconds).
Test Case '-[DiskStewardCoreTests.EvidenceObjectLifecycleTests testRestartRecordsOfflineIntervalAndStillReconcilesCompleteDeletion]' started.
Test Case '-[DiskStewardCoreTests.EvidenceObjectLifecycleTests testRestartRecordsOfflineIntervalAndStillReconcilesCompleteDeletion]' passed (0.012 seconds).
Test Case '-[DiskStewardCoreTests.EvidenceObjectLifecycleTests testScopeChangeEmitsEnterAndExitWithoutClaimingDeletion]' started.
Test Case '-[DiskStewardCoreTests.EvidenceObjectLifecycleTests testScopeChangeEmitsEnterAndExitWithoutClaimingDeletion]' passed (0.008 seconds).
Test Suite 'EvidenceObjectLifecycleTests' passed at 2026-09-17 11:25:50.411.
	 Executed 8 tests, with 0 failures (0 unexpected) in 0.071 (0.072) seconds
Test Suite 'EvidenceQueryReadModelTests' started at 2026-09-17 11:25:50.411.
Test Case '-[DiskStewardCoreTests.EvidenceQueryReadModelTests testCurrentConsumerFilteringHappensBeforeLimitAndCursorIsStable]' started.
Test Case '-[DiskStewardCoreTests.EvidenceQueryReadModelTests testCurrentConsumerFilteringHappensBeforeLimitAndCursorIsStable]' passed (0.038 seconds).
Test Case '-[DiskStewardCoreTests.EvidenceQueryReadModelTests testDuplicateBasenamesRemainSeparateObjectsAndGrowthIncludesRollups]' started.
Test Case '-[DiskStewardCoreTests.EvidenceQueryReadModelTests testDuplicateBasenamesRemainSeparateObjectsAndGrowthIncludesRollups]' passed (0.019 seconds).
Test Case '-[DiskStewardCoreTests.EvidenceQueryReadModelTests testPaginationCursorExpiresWhenEvidenceRevisionChanges]' started.
Test Case '-[DiskStewardCoreTests.EvidenceQueryReadModelTests testPaginationCursorExpiresWhenEvidenceRevisionChanges]' passed (0.008 seconds).
Test Suite 'EvidenceQueryReadModelTests' passed at 2026-09-17 11:25:50.477.
	 Executed 3 tests, with 0 failures (0 unexpected) in 0.065 (0.066) seconds
Test Suite 'EvidenceRetentionLifecycleTests' started at 2026-09-17 11:25:50.477.
Test Case '-[DiskStewardCoreTests.EvidenceRetentionLifecycleTests testCapacityRecoveryEvictsLegacyDetailedHistoryWithoutBreakingCurrentTruth]' started.
Test Case '-[DiskStewardCoreTests.EvidenceRetentionLifecycleTests testCapacityRecoveryEvictsLegacyDetailedHistoryWithoutBreakingCurrentTruth]' passed (0.329 seconds).
Test Case '-[DiskStewardCoreTests.EvidenceRetentionLifecycleTests testCurrentPresentStateSurvivesWhileExpiredUnknownTombstoneIsRemoved]' started.
Test Case '-[DiskStewardCoreTests.EvidenceRetentionLifecycleTests testCurrentPresentStateSurvivesWhileExpiredUnknownTombstoneIsRemoved]' passed (0.040 seconds).
Test Case '-[DiskStewardCoreTests.EvidenceRetentionLifecycleTests testDefaultTierBoundariesAndSnapshotDownsamplingAreDeterministic]' started.
Test Case '-[DiskStewardCoreTests.EvidenceRetentionLifecycleTests testDefaultTierBoundariesAndSnapshotDownsamplingAreDeterministic]' passed (0.026 seconds).
Test Case '-[DiskStewardCoreTests.EvidenceRetentionLifecycleTests testInterruptedExportsRecoverAsFailedAndInventoryRemainsBounded]' started.
Test Case '-[DiskStewardCoreTests.EvidenceRetentionLifecycleTests testInterruptedExportsRecoverAsFailedAndInventoryRemainsBounded]' passed (0.286 seconds).
Test Case '-[DiskStewardCoreTests.EvidenceRetentionLifecycleTests testRetentionProcessesOldHistoryInBoundedRestartableBatches]' started.
Test Case '-[DiskStewardCoreTests.EvidenceRetentionLifecycleTests testRetentionProcessesOldHistoryInBoundedRestartableBatches]' passed (0.170 seconds).
Test Case '-[DiskStewardCoreTests.EvidenceRetentionLifecycleTests testUnchangedObservationsDoNotMultiplyDetailedStateHistory]' started.
Test Case '-[DiskStewardCoreTests.EvidenceRetentionLifecycleTests testUnchangedObservationsDoNotMultiplyDetailedStateHistory]' passed (0.006 seconds).
Test Suite 'EvidenceRetentionLifecycleTests' passed at 2026-09-17 11:25:51.335.
	 Executed 6 tests, with 0 failures (0 unexpected) in 0.858 (0.858) seconds
Test Suite 'EvidenceStoreTests' started at 2026-09-17 11:25:51.335.
Test Case '-[DiskStewardCoreTests.EvidenceStoreTests testBackupIsConsistentAndReadable]' started.
Test Case '-[DiskStewardCoreTests.EvidenceStoreTests testBackupIsConsistentAndReadable]' passed (0.009 seconds).
Test Case '-[DiskStewardCoreTests.EvidenceStoreTests testConcurrentReadsAndWritesPreserveEveryCommittedEvent]' started.
Test Case '-[DiskStewardCoreTests.EvidenceStoreTests testConcurrentReadsAndWritesPreserveEveryCommittedEvent]' passed (0.045 seconds).
Test Case '-[DiskStewardCoreTests.EvidenceStoreTests testCorruptionIsDetectedOnOpen]' started.
Test Case '-[DiskStewardCoreTests.EvidenceStoreTests testCorruptionIsDetectedOnOpen]' passed (0.001 seconds).
Test Case '-[DiskStewardCoreTests.EvidenceStoreTests testDatabaseCeilingForcesBoundedEvictionAndCompaction]' started.
Test Case '-[DiskStewardCoreTests.EvidenceStoreTests testDatabaseCeilingForcesBoundedEvictionAndCompaction]' passed (0.548 seconds).
Test Case '-[DiskStewardCoreTests.EvidenceStoreTests testEveryMigrationInterruptionRecoversWithoutLosingTheLegacyDatabase]' started.
Test Case '-[DiskStewardCoreTests.EvidenceStoreTests testEveryMigrationInterruptionRecoversWithoutLosingTheLegacyDatabase]' passed (0.066 seconds).
Test Case '-[DiskStewardCoreTests.EvidenceStoreTests testInvalidBatchRollsBackAndReopenRecoversCommittedEvidence]' started.
Test Case '-[DiskStewardCoreTests.EvidenceStoreTests testInvalidBatchRollsBackAndReopenRecoversCommittedEvidence]' passed (0.007 seconds).
Test Case '-[DiskStewardCoreTests.EvidenceStoreTests testLegacyUpgradeUsesAValidatedAtomicShadowAndPreservesEvidence]' started.
Test Case '-[DiskStewardCoreTests.EvidenceStoreTests testLegacyUpgradeUsesAValidatedAtomicShadowAndPreservesEvidence]' passed (0.012 seconds).
Test Case '-[DiskStewardCoreTests.EvidenceStoreTests testMigrationEnablesWALAndIntegrityChecks]' started.
Test Case '-[DiskStewardCoreTests.EvidenceStoreTests testMigrationEnablesWALAndIntegrityChecks]' passed (0.006 seconds).
Test Case '-[DiskStewardCoreTests.EvidenceStoreTests testMigrationPreflightLeavesTheLegacyDatabaseUntouchedWhenCapacityIsInsufficient]' started.
Test Case '-[DiskStewardCoreTests.EvidenceStoreTests testMigrationPreflightLeavesTheLegacyDatabaseUntouchedWhenCapacityIsInsufficient]' passed (0.009 seconds).
Test Case '-[DiskStewardCoreTests.EvidenceStoreTests testRetentionAggregatesRawEventsAndBoundsHistory]' started.
Test Case '-[DiskStewardCoreTests.EvidenceStoreTests testRetentionAggregatesRawEventsAndBoundsHistory]' passed (0.020 seconds).
Test Case '-[DiskStewardCoreTests.EvidenceStoreTests testRetentionContractRejectsUnboundedValues]' started.
Test Case '-[DiskStewardCoreTests.EvidenceStoreTests testRetentionContractRejectsUnboundedValues]' passed (0.000 seconds).
Test Case '-[DiskStewardCoreTests.EvidenceStoreTests testStorageAdmissionRejectsAWriteBeforeItCanRunPastTheAllFileBudget]' started.
Test Case '-[DiskStewardCoreTests.EvidenceStoreTests testStorageAdmissionRejectsAWriteBeforeItCanRunPastTheAllFileBudget]' passed (0.007 seconds).
Test Suite 'EvidenceStoreTests' passed at 2026-09-17 11:25:52.066.
	 Executed 12 tests, with 0 failures (0 unexpected) in 0.729 (0.731) seconds
Test Suite 'EvidenceUsefulnessContractTests' started at 2026-09-17 11:25:52.066.
Test Case '-[ContractTests.EvidenceUsefulnessContractTests testActionableExportFixtureIsClosedCompleteAndHonest]' started.
Test Case '-[ContractTests.EvidenceUsefulnessContractTests testActionableExportFixtureIsClosedCompleteAndHonest]' passed (0.001 seconds).
Test Case '-[ContractTests.EvidenceUsefulnessContractTests testCapacityOnlyBundleFailsRequiredRoleContract]' started.
Test Case '-[ContractTests.EvidenceUsefulnessContractTests testCapacityOnlyBundleFailsRequiredRoleContract]' passed (0.001 seconds).
Test Case '-[ContractTests.EvidenceUsefulnessContractTests testMultiSliceGenerationReconcilesOnlyAtCompletion]' started.
Test Case '-[ContractTests.EvidenceUsefulnessContractTests testMultiSliceGenerationReconcilesOnlyAtCompletion]' passed (0.001 seconds).
Test Case '-[ContractTests.EvidenceUsefulnessContractTests testOpenCoverageGapCannotClaimCompleteOrNoMeasuredChange]' started.
Test Case '-[ContractTests.EvidenceUsefulnessContractTests testOpenCoverageGapCannotClaimCompleteOrNoMeasuredChange]' passed (0.001 seconds).
Test Case '-[ContractTests.EvidenceUsefulnessContractTests testRestartResumesSameGenerationAndFrontier]' started.
Test Case '-[ContractTests.EvidenceUsefulnessContractTests testRestartResumesSameGenerationAndFrontier]' passed (0.001 seconds).
Test Case '-[ContractTests.EvidenceUsefulnessContractTests testScopeChangeAbandonsOldGenerationWithoutPromotingIt]' started.
Test Case '-[ContractTests.EvidenceUsefulnessContractTests testScopeChangeAbandonsOldGenerationWithoutPromotingIt]' passed (0.001 seconds).
Test Suite 'EvidenceUsefulnessContractTests' passed at 2026-09-17 11:25:52.070.
	 Executed 6 tests, with 0 failures (0 unexpected) in 0.004 (0.004) seconds
Test Suite 'ExplanationTests' started at 2026-09-17 11:25:52.070.
Test Case '-[DiskStewardCoreTests.ExplanationTests testEventGapWeakensEveryDetailedCauseAndIsExplicit]' started.
Test Case '-[DiskStewardCoreTests.ExplanationTests testEventGapWeakensEveryDetailedCauseAndIsExplicit]' passed (0.000 seconds).
Test Case '-[DiskStewardCoreTests.ExplanationTests testExplanationSeparatesDetailedAndUnexplainedGrowth]' started.
Test Case '-[DiskStewardCoreTests.ExplanationTests testExplanationSeparatesDetailedAndUnexplainedGrowth]' passed (0.000 seconds).
Test Case '-[DiskStewardCoreTests.ExplanationTests testObservedDetailCannotCreateNegativeUnexplainedGrowth]' started.
Test Case '-[DiskStewardCoreTests.ExplanationTests testObservedDetailCannotCreateNegativeUnexplainedGrowth]' passed (0.000 seconds).
Test Suite 'ExplanationTests' passed at 2026-09-17 11:25:52.071.
	 Executed 3 tests, with 0 failures (0 unexpected) in 0.000 (0.001) seconds
Test Suite 'FinalProductIncrementTests' started at 2026-09-17 11:25:52.071.
Test Case '-[IncrementTests.FinalProductIncrementTests testCompleteProductJourneyPreservesEvidenceAndHonestFallback]' started.
Test Case '-[IncrementTests.FinalProductIncrementTests testCompleteProductJourneyPreservesEvidenceAndHonestFallback]' passed (0.580 seconds).
Test Case '-[IncrementTests.FinalProductIncrementTests testReleaseSmokeGateRejectsMissingOrUnsafeIsolationFields]' started.
Test Case '-[IncrementTests.FinalProductIncrementTests testReleaseSmokeGateRejectsMissingOrUnsafeIsolationFields]' passed (1.003 seconds).
Test Case '-[IncrementTests.FinalProductIncrementTests testSmokeStartupPreservesLiveFixtureEndpointAndAllSentinelState]' started.
Test Case '-[IncrementTests.FinalProductIncrementTests testSmokeStartupPreservesLiveFixtureEndpointAndAllSentinelState]' passed (0.472 seconds).
Test Suite 'FinalProductIncrementTests' passed at 2026-09-17 11:25:54.126.
	 Executed 3 tests, with 0 failures (0 unexpected) in 2.055 (2.055) seconds
Test Suite 'IntegrationInstallTests' started at 2026-09-17 11:25:54.126.
Test Case '-[IntegrationInstallTests.IntegrationInstallTests testClaudeInstallUpgradeAndUninstallMergeOnlyOwnedServer]' started.
Test Case '-[IntegrationInstallTests.IntegrationInstallTests testClaudeInstallUpgradeAndUninstallMergeOnlyOwnedServer]' passed (0.802 seconds).
Test Case '-[IntegrationInstallTests.IntegrationInstallTests testCodexInstallerFailsClosedOnMalformedManagedMarkers]' started.
Test Case '-[IntegrationInstallTests.IntegrationInstallTests testCodexInstallerFailsClosedOnMalformedManagedMarkers]' passed (0.073 seconds).
Test Case '-[IntegrationInstallTests.IntegrationInstallTests testCodexInstallUpgradeAndUninstallPreserveUnrelatedConfigurationAndEvidence]' started.
Test Case '-[IntegrationInstallTests.IntegrationInstallTests testCodexInstallUpgradeAndUninstallPreserveUnrelatedConfigurationAndEvidence]' passed (0.740 seconds).
Test Case '-[IntegrationInstallTests.IntegrationInstallTests testHelperSelfCheckRequiresLiveEvidenceService]' started.
Test Case '-[IntegrationInstallTests.IntegrationInstallTests testHelperSelfCheckRequiresLiveEvidenceService]' passed (0.137 seconds).
Test Case '-[IntegrationInstallTests.IntegrationInstallTests testInstallAndUninstallDryRunsAreMutationFree]' started.
Test Case '-[IntegrationInstallTests.IntegrationInstallTests testInstallAndUninstallDryRunsAreMutationFree]' passed (0.269 seconds).
Test Case '-[IntegrationInstallTests.IntegrationInstallTests testInstalledConnectorDiscoversToolsAndQueriesEvidenceOverPrivateSocket]' started.
Test Case '-[IntegrationInstallTests.IntegrationInstallTests testInstalledConnectorDiscoversToolsAndQueriesEvidenceOverPrivateSocket]' passed (0.075 seconds).
Test Case '-[IntegrationInstallTests.IntegrationInstallTests testPackagedHelperOverridesFailBeforeExecutionOutsideDisposableBuild]' started.
Test Case '-[IntegrationInstallTests.IntegrationInstallTests testPackagedHelperOverridesFailBeforeExecutionOutsideDisposableBuild]' passed (0.001 seconds).
Test Case '-[IntegrationInstallTests.IntegrationInstallTests testSessionAdapterRegistersFixtureAndDoctorExplainsUnavailableApp]' started.
Test Case '-[IntegrationInstallTests.IntegrationInstallTests testSessionAdapterRegistersFixtureAndDoctorExplainsUnavailableApp]' passed (1.267 seconds).
Test Suite 'IntegrationInstallTests' passed at 2026-09-17 11:25:57.492.
	 Executed 8 tests, with 0 failures (0 unexpected) in 3.365 (3.366) seconds
Test Suite 'LaunchAtLoginControllerTests' started at 2026-09-17 11:25:57.492.
Test Case '-[DiskStewardAppTests.LaunchAtLoginControllerTests testAdapterPreservesObservedStatusWhenRegistrationFails]' started.
Test Case '-[DiskStewardAppTests.LaunchAtLoginControllerTests testAdapterPreservesObservedStatusWhenRegistrationFails]' passed (0.003 seconds).
Test Case '-[DiskStewardAppTests.LaunchAtLoginControllerTests testAdapterRegistersAndUnregistersMainAppService]' started.
Test Case '-[DiskStewardAppTests.LaunchAtLoginControllerTests testAdapterRegistersAndUnregistersMainAppService]' passed (0.000 seconds).
Test Suite 'LaunchAtLoginControllerTests' passed at 2026-09-17 11:25:57.495.
	 Executed 2 tests, with 0 failures (0 unexpected) in 0.004 (0.004) seconds
Test Suite 'MCPAccessTests' started at 2026-09-17 11:25:57.495.
Test Case '-[DiskStewardAppTests.MCPAccessTests testEveryStateHasHumanReadableTextIndependentOfColor]' started.
Test Case '-[DiskStewardAppTests.MCPAccessTests testEveryStateHasHumanReadableTextIndependentOfColor]' passed (0.000 seconds).
Test Case '-[DiskStewardAppTests.MCPAccessTests testFreshInstallDefaultsOffWithoutStartingAService]' started.
Test Case '-[DiskStewardAppTests.MCPAccessTests testFreshInstallDefaultsOffWithoutStartingAService]' passed (0.000 seconds).
Test Case '-[DiskStewardAppTests.MCPAccessTests testRealPrivateSocketIsQueryableOnlyWhileEnabled]' started.
Test Case '-[DiskStewardAppTests.MCPAccessTests testRealPrivateSocketIsQueryableOnlyWhileEnabled]' passed (0.002 seconds).
Test Case '-[DiskStewardAppTests.MCPAccessTests testRepeatedTogglesRetainOneServiceAndItsOutstandingWorkBudget]' started.
Test Case '-[DiskStewardAppTests.MCPAccessTests testRepeatedTogglesRetainOneServiceAndItsOutstandingWorkBudget]' passed (0.040 seconds).
Test Case '-[DiskStewardAppTests.MCPAccessTests testStartupFailureIsExplicitlyDegradedAndDoesNotPretendAccessIsOn]' started.
Test Case '-[DiskStewardAppTests.MCPAccessTests testStartupFailureIsExplicitlyDegradedAndDoesNotPretendAccessIsOn]' passed (0.014 seconds).
Test Case '-[DiskStewardAppTests.MCPAccessTests testToggleLeavesEvidenceMonitoringAndExternalAgentConfigurationUntouched]' started.
Test Case '-[DiskStewardAppTests.MCPAccessTests testToggleLeavesEvidenceMonitoringAndExternalAgentConfigurationUntouched]' passed (0.002 seconds).
Test Case '-[DiskStewardAppTests.MCPAccessTests testTogglePersistsAndOwnsServiceLifecycle]' started.
Test Case '-[DiskStewardAppTests.MCPAccessTests testTogglePersistsAndOwnsServiceLifecycle]' passed (0.001 seconds).
Test Suite 'MCPAccessTests' passed at 2026-09-17 11:25:57.556.
	 Executed 7 tests, with 0 failures (0 unexpected) in 0.060 (0.061) seconds
Test Suite 'MCPAdmissionTests' started at 2026-09-17 11:25:57.556.
Test Case '-[DiskStewardMCPTests.MCPAdmissionTests testAdmissionBoundsDuplicateIDsAndCancelBeforeDispatch]' started.
Test Case '-[DiskStewardMCPTests.MCPAdmissionTests testAdmissionBoundsDuplicateIDsAndCancelBeforeDispatch]' passed (0.002 seconds).
Test Case '-[DiskStewardMCPTests.MCPAdmissionTests testCancellationCanWinAfterSerializationBeforeTerminalClaim]' started.
Test Case '-[DiskStewardMCPTests.MCPAdmissionTests testCancellationCanWinAfterSerializationBeforeTerminalClaim]' passed (0.007 seconds).
Test Case '-[DiskStewardMCPTests.MCPAdmissionTests testTransportFailureCancelsEveryAdmittedRequestAndClosesAdmission]' started.
Test Case '-[DiskStewardMCPTests.MCPAdmissionTests testTransportFailureCancelsEveryAdmittedRequestAndClosesAdmission]' passed (0.000 seconds).
Test Case '-[DiskStewardMCPTests.MCPAdmissionTests testUnknownCancellationDoesNotCancelFutureRequest]' started.
Test Case '-[DiskStewardMCPTests.MCPAdmissionTests testUnknownCancellationDoesNotCancelFutureRequest]' passed (0.000 seconds).
Test Case '-[DiskStewardMCPTests.MCPAdmissionTests testUnknownCancellationFloodCannotPreventActiveCancellation]' started.
Test Case '-[DiskStewardMCPTests.MCPAdmissionTests testUnknownCancellationFloodCannotPreventActiveCancellation]' passed (0.030 seconds).
Test Suite 'MCPAdmissionTests' passed at 2026-09-17 11:25:57.596.
	 Executed 5 tests, with 0 failures (0 unexpected) in 0.039 (0.040) seconds
Test Suite 'MCPContractTests' started at 2026-09-17 11:25:57.596.
Test Case '-[ContractTests.MCPContractTests testClientCompatibilityFixturesUseLocalStdioWithoutCredentials]' started.
Test Case '-[ContractTests.MCPContractTests testClientCompatibilityFixturesUseLocalStdioWithoutCredentials]' passed (0.000 seconds).
Test Case '-[ContractTests.MCPContractTests testMCPFixturesFollowLifecycleAndErrorSeparation]' started.
Test Case '-[ContractTests.MCPContractTests testMCPFixturesFollowLifecycleAndErrorSeparation]' passed (0.000 seconds).
Test Case '-[ContractTests.MCPContractTests testMCPInventoryIsBoundedLocalAndStrictlyReadOnly]' started.
Test Case '-[ContractTests.MCPContractTests testMCPInventoryIsBoundedLocalAndStrictlyReadOnly]' passed (0.001 seconds).
Test Case '-[ContractTests.MCPContractTests testSanitizedResponseCarriesConfidenceLimitationsAndNoSecrets]' started.
Test Case '-[ContractTests.MCPContractTests testSanitizedResponseCarriesConfidenceLimitationsAndNoSecrets]' passed (0.000 seconds).
Test Case '-[ContractTests.MCPContractTests testSessionLifecycleFixturesAreVersionedAndAuthenticated]' started.
Test Case '-[ContractTests.MCPContractTests testSessionLifecycleFixturesAreVersionedAndAuthenticated]' passed (0.001 seconds).
Test Case '-[ContractTests.MCPContractTests testSpoofedSessionFailsClosedAndRegistrationCannotClaimExact]' started.
Test Case '-[ContractTests.MCPContractTests testSpoofedSessionFailsClosedAndRegistrationCannotClaimExact]' passed (0.000 seconds).
Test Suite 'MCPContractTests' passed at 2026-09-17 11:25:57.600.
	 Executed 6 tests, with 0 failures (0 unexpected) in 0.003 (0.003) seconds
Test Suite 'MCPTransportLifecycleTests' started at 2026-09-17 11:25:57.600.
Test Case '-[IntegrationInstallTests.MCPTransportLifecycleTests testBlockedStdoutStillProcessesCancellationAndExitsWithoutMoreInput]' started.
Test Case '-[IntegrationInstallTests.MCPTransportLifecycleTests testBlockedStdoutStillProcessesCancellationAndExitsWithoutMoreInput]' passed (2.059 seconds).
Test Case '-[IntegrationInstallTests.MCPTransportLifecycleTests testClosedStdoutTerminatesNormallyInsteadOfSIGPIPE]' started.
Test Case '-[IntegrationInstallTests.MCPTransportLifecycleTests testClosedStdoutTerminatesNormallyInsteadOfSIGPIPE]' passed (0.114 seconds).
Test Case '-[IntegrationInstallTests.MCPTransportLifecycleTests testEOFHasFiniteGraceAndCancelsBackendWork]' started.
Test Case '-[IntegrationInstallTests.MCPTransportLifecycleTests testEOFHasFiniteGraceAndCancelsBackendWork]' passed (1.045 seconds).
Test Case '-[IntegrationInstallTests.MCPTransportLifecycleTests testFourCallsAreBoundedAndCancellationFreesCapacity]' started.
Test Case '-[IntegrationInstallTests.MCPTransportLifecycleTests testFourCallsAreBoundedAndCancellationFreesCapacity]' passed (1.147 seconds).
Test Case '-[IntegrationInstallTests.MCPTransportLifecycleTests testOversizedLineIsDiscardedAndNextFrameIsProcessed]' started.
Test Case '-[IntegrationInstallTests.MCPTransportLifecycleTests testOversizedLineIsDiscardedAndNextFrameIsProcessed]' passed (0.127 seconds).
Test Case '-[IntegrationInstallTests.MCPTransportLifecycleTests testSelfCheckAlsoExitsWhenItsOutputIsNotRead]' started.
Test Case '-[IntegrationInstallTests.MCPTransportLifecycleTests testSelfCheckAlsoExitsWhenItsOutputIsNotRead]' passed (2.040 seconds).
Test Suite 'MCPTransportLifecycleTests' passed at 2026-09-17 11:26:04.130.
	 Executed 6 tests, with 0 failures (0 unexpected) in 6.530 (6.531) seconds
Test Suite 'MonitoringLifecycleTests' started at 2026-09-17 11:26:04.130.
Test Case '-[DiskStewardAppTests.MonitoringLifecycleTests testConcurrentSampleRequestsAreSingleFlightAndCoalesced]' started.
Test Case '-[DiskStewardAppTests.MonitoringLifecycleTests testConcurrentSampleRequestsAreSingleFlightAndCoalesced]' passed (0.289 seconds).
Test Case '-[DiskStewardAppTests.MonitoringLifecycleTests testConfiguredDatabaseLimitIsTheMonitoringSourceOfTruth]' started.
Test Case '-[DiskStewardAppTests.MonitoringLifecycleTests testConfiguredDatabaseLimitIsTheMonitoringSourceOfTruth]' passed (0.022 seconds).
Test Case '-[DiskStewardAppTests.MonitoringLifecycleTests testDatabasePressureRunsStartupRecoveryBeforeCircuitBreaker]' started.
Test Case '-[DiskStewardAppTests.MonitoringLifecycleTests testDatabasePressureRunsStartupRecoveryBeforeCircuitBreaker]' passed (0.022 seconds).
Test Case '-[DiskStewardAppTests.MonitoringLifecycleTests testDegradedSampleRecoversAndHistoryExplainsBothStates]' started.
Test Case '-[DiskStewardAppTests.MonitoringLifecycleTests testDegradedSampleRecoversAndHistoryExplainsBothStates]' passed (0.001 seconds).
Test Case '-[DiskStewardAppTests.MonitoringLifecycleTests testInterruptedSampleStartsInSafetyPauseUntilUserResumes]' started.
Test Case '-[DiskStewardAppTests.MonitoringLifecycleTests testInterruptedSampleStartsInSafetyPauseUntilUserResumes]' passed (0.000 seconds).
Test Case '-[DiskStewardAppTests.MonitoringLifecycleTests testLateCompletionCannotUndoPauseSleepOrQuit]' started.
Test Case '-[DiskStewardAppTests.MonitoringLifecycleTests testLateCompletionCannotUndoPauseSleepOrQuit]' passed (0.001 seconds).
Test Case '-[DiskStewardAppTests.MonitoringLifecycleTests testPauseAndResumePersistUserChoice]' started.
Test Case '-[DiskStewardAppTests.MonitoringLifecycleTests testPauseAndResumePersistUserChoice]' passed (0.000 seconds).
Test Case '-[DiskStewardAppTests.MonitoringLifecycleTests testPersistentProbeCapsOneSafetySliceToARepresentableBatch]' started.
Test Case '-[DiskStewardAppTests.MonitoringLifecycleTests testPersistentProbeCapsOneSafetySliceToARepresentableBatch]' passed (0.150 seconds).
Test Case '-[DiskStewardAppTests.MonitoringLifecycleTests testPersistentProbeStoresScheduledSnapshotAndDetailedDelta]' started.
Test Case '-[DiskStewardAppTests.MonitoringLifecycleTests testPersistentProbeStoresScheduledSnapshotAndDetailedDelta]' passed (0.032 seconds).
Test Case '-[DiskStewardAppTests.MonitoringLifecycleTests testResourceCircuitBreakerStopsBeforeFilesystemTraversalAndHistoryIsBounded]' started.
Test Case '-[DiskStewardAppTests.MonitoringLifecycleTests testResourceCircuitBreakerStopsBeforeFilesystemTraversalAndHistoryIsBounded]' passed (0.010 seconds).
Test Case '-[DiskStewardAppTests.MonitoringLifecycleTests testSystemSleepSuspendsWithoutChangingUserChoiceAndWakeRefreshes]' started.
Test Case '-[DiskStewardAppTests.MonitoringLifecycleTests testSystemSleepSuspendsWithoutChangingUserChoiceAndWakeRefreshes]' passed (0.189 seconds).
Test Suite 'MonitoringLifecycleTests' passed at 2026-09-17 11:26:04.848.
	 Executed 11 tests, with 0 failures (0 unexpected) in 0.717 (0.718) seconds
Test Suite 'MonitoringSettingsTests' started at 2026-09-17 11:26:04.848.
Test Case '-[DiskStewardAppTests.MonitoringSettingsTests testChosenWatchedFolderIsStandardizedPersistedAndDeduplicated]' started.
Test Case '-[DiskStewardAppTests.MonitoringSettingsTests testChosenWatchedFolderIsStandardizedPersistedAndDeduplicated]' passed (0.000 seconds).
Test Case '-[DiskStewardAppTests.MonitoringSettingsTests testFolderSelectionNavigatesDirectoriesAndRejectsInvalidPaths]' started.
Test Case '-[DiskStewardAppTests.MonitoringSettingsTests testFolderSelectionNavigatesDirectoriesAndRejectsInvalidPaths]' passed (0.003 seconds).
Test Case '-[DiskStewardAppTests.MonitoringSettingsTests testInvestigationWindowCanStartAndEnd]' started.
Test Case '-[DiskStewardAppTests.MonitoringSettingsTests testInvestigationWindowCanStartAndEnd]' passed (0.000 seconds).
Test Case '-[DiskStewardAppTests.MonitoringSettingsTests testSettingsNormalizeAndRoundTripEveryUserControl]' started.
Test Case '-[DiskStewardAppTests.MonitoringSettingsTests testSettingsNormalizeAndRoundTripEveryUserControl]' passed (0.000 seconds).
Test Suite 'MonitoringSettingsTests' passed at 2026-09-17 11:26:04.852.
	 Executed 4 tests, with 0 failures (0 unexpected) in 0.004 (0.004) seconds
Test Suite 'MonitoringTests' started at 2026-09-17 11:26:04.852.
Test Case '-[DiskStewardCoreTests.MonitoringTests testFSEventsInterpreterFiltersExclusionsAndPreservesGapEvidence]' started.
Test Case '-[DiskStewardCoreTests.MonitoringTests testFSEventsInterpreterFiltersExclusionsAndPreservesGapEvidence]' passed (0.001 seconds).
Test Case '-[DiskStewardCoreTests.MonitoringTests testGrowthInsideAndOutsideWatchedRootBecomesDetailedAndUnexplained]' started.
Test Case '-[DiskStewardCoreTests.MonitoringTests testGrowthInsideAndOutsideWatchedRootBecomesDetailedAndUnexplained]' passed (0.002 seconds).
Test Case '-[DiskStewardCoreTests.MonitoringTests testMetadataScannerDerivesBoundedChangesWithoutReadingContents]' started.
Test Case '-[DiskStewardCoreTests.MonitoringTests testMetadataScannerDerivesBoundedChangesWithoutReadingContents]' passed (0.002 seconds).
Test Case '-[DiskStewardCoreTests.MonitoringTests testMetadataScannerPreservesSharedIdentityAndLinkCountForHardLinks]' started.
Test Case '-[DiskStewardCoreTests.MonitoringTests testMetadataScannerPreservesSharedIdentityAndLinkCountForHardLinks]' passed (0.001 seconds).
Test Case '-[DiskStewardCoreTests.MonitoringTests testMetadataScannerReportsUnavailableAndEntryLimit]' started.
Test Case '-[DiskStewardCoreTests.MonitoringTests testMetadataScannerReportsUnavailableAndEntryLimit]' passed (0.001 seconds).
Test Case '-[DiskStewardCoreTests.MonitoringTests testNativeFSEventsCollectorEmitsRescanHintForWatchedRoot]' started.
Test Case '-[DiskStewardCoreTests.MonitoringTests testNativeFSEventsCollectorEmitsRescanHintForWatchedRoot]' passed (0.011 seconds).
Test Case '-[DiskStewardCoreTests.MonitoringTests testPolicyCombinesStableRegisteredAndActiveInvestigationRoots]' started.
Test Case '-[DiskStewardCoreTests.MonitoringTests testPolicyCombinesStableRegisteredAndActiveInvestigationRoots]' passed (0.001 seconds).
Test Case '-[DiskStewardCoreTests.MonitoringTests testWholeVolumeSamplerReturnsMountedVolumeMetrics]' started.
Test Case '-[DiskStewardCoreTests.MonitoringTests testWholeVolumeSamplerReturnsMountedVolumeMetrics]' passed (0.008 seconds).
Test Case '-[DiskStewardCoreTests.MonitoringTests testWriteCoalescerMergesOnlyMatchingPathAndOperationInWindow]' started.
Test Case '-[DiskStewardCoreTests.MonitoringTests testWriteCoalescerMergesOnlyMatchingPathAndOperationInWindow]' passed (0.000 seconds).
Test Suite 'MonitoringTests' passed at 2026-09-17 11:26:04.881.
	 Executed 9 tests, with 0 failures (0 unexpected) in 0.028 (0.029) seconds
Test Suite 'NativeClientLifecycleTests' started at 2026-09-17 11:26:04.881.
Test Case '-[DiskStewardAppTests.NativeClientLifecycleTests testNativeClientsInIsolatedProfiles]' started.
/private/tmp/disk-steward-542-final.kdHtJE/Tests/DiskStewardAppTests/AgentIntegrations/NativeClientLifecycleTests.swift:10: -[DiskStewardAppTests.NativeClientLifecycleTests testNativeClientsInIsolatedProfiles] : Test skipped - Set DISK_STEWARD_NATIVE_CLIENT_TESTS=1 for isolated installed-client acceptance
Test Case '-[DiskStewardAppTests.NativeClientLifecycleTests testNativeClientsInIsolatedProfiles]' skipped (0.000 seconds).
Test Suite 'NativeClientLifecycleTests' passed at 2026-09-17 11:26:04.882.
	 Executed 1 test, with 1 test skipped and 0 failures (0 unexpected) in 0.000 (0.001) seconds
Test Suite 'PerformanceTests' started at 2026-09-17 11:26:04.882.
Test Case '-[PerformanceTests.PerformanceTests testCircuitBreakerStopsMemoryStorageAndBackpressureButNotCPUAlone]' started.
Test Case '-[PerformanceTests.PerformanceTests testCircuitBreakerStopsMemoryStorageAndBackpressureButNotCPUAlone]' passed (0.000 seconds).
Test Case '-[PerformanceTests.PerformanceTests testLiveResourceMeasurementCountsDatabaseWALAndSharedMemory]' started.
Test Case '-[PerformanceTests.PerformanceTests testLiveResourceMeasurementCountsDatabaseWALAndSharedMemory]' passed (0.002 seconds).
Test Case '-[PerformanceTests.PerformanceTests testResourceHistoryAndDatabaseBudgetStayBounded]' started.
Test Case '-[PerformanceTests.PerformanceTests testResourceHistoryAndDatabaseBudgetStayBounded]' passed (0.004 seconds).
Test Case '-[PerformanceTests.PerformanceTests testSeventyTwoHourEquivalentEvidenceSoakStaysBounded]' started.
Test Case '-[PerformanceTests.PerformanceTests testSeventyTwoHourEquivalentEvidenceSoakStaysBounded]' passed (0.494 seconds).
Test Case '-[PerformanceTests.PerformanceTests testSustainedEventStormRemainsBoundedAndReportsEveryDrop]' started.
Test Case '-[PerformanceTests.PerformanceTests testSustainedEventStormRemainsBoundedAndReportsEveryDrop]' passed (1.461 seconds).
Test Suite 'PerformanceTests' passed at 2026-09-17 11:26:06.844.
	 Executed 5 tests, with 0 failures (0 unexpected) in 1.962 (1.962) seconds
Test Suite 'PersistentRecorderIncrementTests' started at 2026-09-17 11:26:06.844.
Test Case '-[IncrementTests.PersistentRecorderIncrementTests testMonitoredGrowthPersistsNotifiesExportsAndRecoversAfterRestart]' started.
Test Case '-[IncrementTests.PersistentRecorderIncrementTests testMonitoredGrowthPersistsNotifiesExportsAndRecoversAfterRestart]' passed (0.069 seconds).
Test Suite 'PersistentRecorderIncrementTests' passed at 2026-09-17 11:26:06.913.
	 Executed 1 test, with 0 failures (0 unexpected) in 0.069 (0.069) seconds
Test Suite 'ProductIdentityTests' started at 2026-09-17 11:26:06.913.
Test Case '-[FoundationTests.ProductIdentityTests testStableEvidenceIdentity]' started.
Test Case '-[FoundationTests.ProductIdentityTests testStableEvidenceIdentity]' passed (0.000 seconds).
Test Suite 'ProductIdentityTests' passed at 2026-09-17 11:26:06.913.
	 Executed 1 test, with 0 failures (0 unexpected) in 0.000 (0.000) seconds
Test Suite 'ProvenanceEngineTests' started at 2026-09-17 11:26:06.913.
Test Case '-[DiskStewardCoreTests.ProvenanceEngineTests testAmbiguousWorkspaceGapAndMismatchedPrivilegedEvidenceStayUnknown]' started.
Test Case '-[DiskStewardCoreTests.ProvenanceEngineTests testAmbiguousWorkspaceGapAndMismatchedPrivilegedEvidenceStayUnknown]' passed (0.000 seconds).
Test Case '-[DiskStewardCoreTests.ProvenanceEngineTests testExactWriterLinksOnlyToCorrectAuthenticatedTaskByFullProcessIdentity]' started.
Test Case '-[DiskStewardCoreTests.ProvenanceEngineTests testExactWriterLinksOnlyToCorrectAuthenticatedTaskByFullProcessIdentity]' passed (0.000 seconds).
Test Case '-[DiskStewardCoreTests.ProvenanceEngineTests testGapsHistoricalEvidenceAndIncompleteObserverCannotClaimExact]' started.
Test Case '-[DiskStewardCoreTests.ProvenanceEngineTests testGapsHistoricalEvidenceAndIncompleteObserverCannotClaimExact]' passed (0.000 seconds).
Test Case '-[DiskStewardCoreTests.ProvenanceEngineTests testGoldenCreateGrowAndRenameHaveDirectCausalSupport]' started.
Test Case '-[DiskStewardCoreTests.ProvenanceEngineTests testGoldenCreateGrowAndRenameHaveDirectCausalSupport]' passed (0.000 seconds).
Test Case '-[DiskStewardCoreTests.ProvenanceEngineTests testUIExportAndMCPReceiveIdenticalSupportAndFixturesAreInspectable]' started.
Test Case '-[DiskStewardCoreTests.ProvenanceEngineTests testUIExportAndMCPReceiveIdenticalSupportAndFixturesAreInspectable]' passed (0.000 seconds).
Test Suite 'ProvenanceEngineTests' passed at 2026-09-17 11:26:06.915.
	 Executed 5 tests, with 0 failures (0 unexpected) in 0.001 (0.002) seconds
Test Suite 'RemainingClientsAdapterTests' started at 2026-09-17 11:26:06.915.
Test Case '-[DiskStewardAppTests.RemainingClientsAdapterTests testClaudeDesktopDirectSetupPreservesForeignKeysAndMakesBackup]' started.
Test Case '-[DiskStewardAppTests.RemainingClientsAdapterTests testClaudeDesktopDirectSetupPreservesForeignKeysAndMakesBackup]' passed (0.002 seconds).
Test Case '-[DiskStewardAppTests.RemainingClientsAdapterTests testClientOwnedRepairRetainsPreviousOwnershipUntilApproval]' started.
Test Case '-[DiskStewardAppTests.RemainingClientsAdapterTests testClientOwnedRepairRetainsPreviousOwnershipUntilApproval]' passed (0.018 seconds).
Test Case '-[DiskStewardAppTests.RemainingClientsAdapterTests testCursorSetupUsesClientOwnedInstallLinkAndBecomesApprovalPending]' started.
Test Case '-[DiskStewardAppTests.RemainingClientsAdapterTests testCursorSetupUsesClientOwnedInstallLinkAndBecomesApprovalPending]' passed (0.001 seconds).
Test Case '-[DiskStewardAppTests.RemainingClientsAdapterTests testForeignEntryFailsClosedAndRemovalPreservesOtherEntries]' started.
Test Case '-[DiskStewardAppTests.RemainingClientsAdapterTests testForeignEntryFailsClosedAndRemovalPreservesOtherEntries]' passed (0.002 seconds).
Test Case '-[DiskStewardAppTests.RemainingClientsAdapterTests testHandoffReceiptFailureDoesNotOpenClientPrompt]' started.
Test Case '-[DiskStewardAppTests.RemainingClientsAdapterTests testHandoffReceiptFailureDoesNotOpenClientPrompt]' passed (0.012 seconds).
Test Case '-[DiskStewardAppTests.RemainingClientsAdapterTests testMalformedContainerAndModifiedEnvironmentAreNeverOverwritten]' started.
Test Case '-[DiskStewardAppTests.RemainingClientsAdapterTests testMalformedContainerAndModifiedEnvironmentAreNeverOverwritten]' passed (0.004 seconds).
Test Case '-[DiskStewardAppTests.RemainingClientsAdapterTests testManualAdapterCopiesPortableConfigAndExplainsClientOwnedRemoval]' started.
Test Case '-[DiskStewardAppTests.RemainingClientsAdapterTests testManualAdapterCopiesPortableConfigAndExplainsClientOwnedRemoval]' passed (0.001 seconds).
Test Case '-[DiskStewardAppTests.RemainingClientsAdapterTests testOwnedDirectEntryCanVerifyRepairAndRemoveWithoutTouchingForeignEntry]' started.
Test Case '-[DiskStewardAppTests.RemainingClientsAdapterTests testOwnedDirectEntryCanVerifyRepairAndRemoveWithoutTouchingForeignEntry]' passed (0.005 seconds).
Test Case '-[DiskStewardAppTests.RemainingClientsAdapterTests testVerificationRejectsOldConfiguredHelperBeforeInvokingNewHelper]' started.
Test Case '-[DiskStewardAppTests.RemainingClientsAdapterTests testVerificationRejectsOldConfiguredHelperBeforeInvokingNewHelper]' passed (0.001 seconds).
Test Case '-[DiskStewardAppTests.RemainingClientsAdapterTests testVSCodeInstallLinkCarriesAStdioDefinition]' started.
Test Case '-[DiskStewardAppTests.RemainingClientsAdapterTests testVSCodeInstallLinkCarriesAStdioDefinition]' passed (0.001 seconds).
Test Suite 'RemainingClientsAdapterTests' passed at 2026-09-17 11:26:06.961.
	 Executed 10 tests, with 0 failures (0 unexpected) in 0.045 (0.046) seconds
Test Suite 'RequestCancellationTests' started at 2026-09-17 11:26:06.961.
Test Case '-[DiskStewardAppTests.RequestCancellationTests testConstrainedExecutorProcessFixture]' started.
Test Case '-[DiskStewardAppTests.RequestCancellationTests testConstrainedExecutorProcessFixture]' passed (0.000 seconds).
Test Case '-[DiskStewardAppTests.RequestCancellationTests testDeadlineCancelsActualHandlerWork]' started.
Test Case '-[DiskStewardAppTests.RequestCancellationTests testDeadlineCancelsActualHandlerWork]' passed (0.216 seconds).
Test Case '-[DiskStewardAppTests.RequestCancellationTests testDisconnectCancelsActualHandlerWork]' started.
Test Case '-[DiskStewardAppTests.RequestCancellationTests testDisconnectCancelsActualHandlerWork]' passed (0.111 seconds).
Test Case '-[DiskStewardAppTests.RequestCancellationTests testDisconnectWithUnreadTrailingBytesStillCancelsWork]' started.
Test Case '-[DiskStewardAppTests.RequestCancellationTests testDisconnectWithUnreadTrailingBytesStillCancelsWork]' passed (0.035 seconds).
Test Case '-[DiskStewardAppTests.RequestCancellationTests testRevokedUncooperativeWorkStaysCountedAcrossRestarts]' started.
Test Case '-[DiskStewardAppTests.RequestCancellationTests testRevokedUncooperativeWorkStaysCountedAcrossRestarts]' passed (0.051 seconds).
Test Case '-[DiskStewardAppTests.RequestCancellationTests testSlowPeersDoNotStarveEvidenceStoreOnConstrainedExecutor]' started.
Test Case '-[DiskStewardAppTests.RequestCancellationTests testSlowPeersDoNotStarveEvidenceStoreOnConstrainedExecutor]' passed (0.613 seconds).
Test Case '-[DiskStewardAppTests.RequestCancellationTests testStopCancelsActualHandlerWorkAndRestartCanServe]' started.
Test Case '-[DiskStewardAppTests.RequestCancellationTests testStopCancelsActualHandlerWorkAndRestartCanServe]' passed (0.029 seconds).
Test Case '-[DiskStewardAppTests.RequestCancellationTests testWriteHalfCloseStillAllowsResponse]' started.
Test Case '-[DiskStewardAppTests.RequestCancellationTests testWriteHalfCloseStillAllowsResponse]' passed (0.102 seconds).
Test Suite 'RequestCancellationTests' passed at 2026-09-17 11:26:08.120.
	 Executed 8 tests, with 0 failures (0 unexpected) in 1.157 (1.158) seconds
Test Suite 'RetentionScheduleTests' started at 2026-09-17 11:26:08.120.
Test Case '-[DiskStewardAppTests.RetentionScheduleTests testStartupSixHourAndPressureSchedulingBoundaries]' started.
Test Case '-[DiskStewardAppTests.RetentionScheduleTests testStartupSixHourAndPressureSchedulingBoundaries]' passed (0.000 seconds).
Test Suite 'RetentionScheduleTests' passed at 2026-09-17 11:26:08.120.
	 Executed 1 test, with 0 failures (0 unexpected) in 0.000 (0.000) seconds
Test Suite 'SQLiteCancellationTests' started at 2026-09-17 11:26:08.120.
Test Case '-[DiskStewardCoreTests.SQLiteCancellationTests testAlreadyCancelledWorkCannotStartAShortWrite]' started.
Test Case '-[DiskStewardCoreTests.SQLiteCancellationTests testAlreadyCancelledWorkCannotStartAShortWrite]' passed (0.001 seconds).
Test Case '-[DiskStewardCoreTests.SQLiteCancellationTests testCancellationBetweenBackupPagesRollsBackAndReleasesDestination]' started.
Test Case '-[DiskStewardCoreTests.SQLiteCancellationTests testCancellationBetweenBackupPagesRollsBackAndReleasesDestination]' passed (0.044 seconds).
Test Case '-[DiskStewardCoreTests.SQLiteCancellationTests testCancellationDuringRowsInterruptsAndDiscardsPartialResult]' started.
Test Case '-[DiskStewardCoreTests.SQLiteCancellationTests testCancellationDuringRowsInterruptsAndDiscardsPartialResult]' passed (0.001 seconds).
Test Case '-[DiskStewardCoreTests.SQLiteCancellationTests testCancellationInterruptsLockWaitWithoutWaitingFiveSeconds]' started.
Test Case '-[DiskStewardCoreTests.SQLiteCancellationTests testCancellationInterruptsLockWaitWithoutWaitingFiveSeconds]' passed (0.047 seconds).
Test Case '-[DiskStewardCoreTests.SQLiteCancellationTests testCancelledTransactionRollsBackAndConnectionRemainsUsable]' started.
Test Case '-[DiskStewardCoreTests.SQLiteCancellationTests testCancelledTransactionRollsBackAndConnectionRemainsUsable]' passed (0.001 seconds).
Test Case '-[DiskStewardCoreTests.SQLiteCancellationTests testSocketDeadlineInterruptsSQLiteInsideActorAndThenRecovers]' started.
Test Case '-[DiskStewardCoreTests.SQLiteCancellationTests testSocketDeadlineInterruptsSQLiteInsideActorAndThenRecovers]' passed (0.206 seconds).
Test Suite 'SQLiteCancellationTests' passed at 2026-09-17 11:26:08.421.
	 Executed 6 tests, with 0 failures (0 unexpected) in 0.300 (0.301) seconds
Test Suite 'SafetyTests' started at 2026-09-17 11:26:08.421.
Test Case '-[SafetyTests.SafetyTests testBudgetEvaluatorMakesOverloadAndLossVisible]' started.
Test Case '-[SafetyTests.SafetyTests testBudgetEvaluatorMakesOverloadAndLossVisible]' passed (0.000 seconds).
Test Case '-[SafetyTests.SafetyTests testExcludedRootsAndPathDetailAreDeterministic]' started.
Test Case '-[SafetyTests.SafetyTests testExcludedRootsAndPathDetailAreDeterministic]' passed (0.000 seconds).
Test Case '-[SafetyTests.SafetyTests testPermissionRefusalKeepsFallbackVisibleAndAvailable]' started.
Test Case '-[SafetyTests.SafetyTests testPermissionRefusalKeepsFallbackVisibleAndAvailable]' passed (0.000 seconds).
Test Case '-[SafetyTests.SafetyTests testSensitiveValuesNeverAppearInFilteredMetadata]' started.
Test Case '-[SafetyTests.SafetyTests testSensitiveValuesNeverAppearInFilteredMetadata]' passed (0.014 seconds).
Test Case '-[SafetyTests.SafetyTests testUninstallPreservesEvidenceUnlessUserExplicitlyChoosesExportThenDelete]' started.
Test Case '-[SafetyTests.SafetyTests testUninstallPreservesEvidenceUnlessUserExplicitlyChoosesExportThenDelete]' passed (0.000 seconds).
Test Suite 'SafetyTests' passed at 2026-09-17 11:26:08.436.
	 Executed 5 tests, with 0 failures (0 unexpected) in 0.015 (0.016) seconds
Test Suite 'SnapshotExporterTests' started at 2026-09-17 11:26:08.436.
Test Case '-[DiskStewardCoreTests.SnapshotExporterTests testExportIsDeterministicSchemaValidAndIntegrityChecked]' started.
Test Case '-[DiskStewardCoreTests.SnapshotExporterTests testExportIsDeterministicSchemaValidAndIntegrityChecked]' passed (0.002 seconds).
Test Case '-[DiskStewardCoreTests.SnapshotExporterTests testLiveCurrentDataVolumeCanBeExported]' started.
Test Case '-[DiskStewardCoreTests.SnapshotExporterTests testLiveCurrentDataVolumeCanBeExported]' passed (0.011 seconds).
Test Case '-[DiskStewardCoreTests.SnapshotExporterTests testUnsafeBundleIdentifierCannotEscapeDestination]' started.
Test Case '-[DiskStewardCoreTests.SnapshotExporterTests testUnsafeBundleIdentifierCannotEscapeDestination]' passed (0.000 seconds).
Test Suite 'SnapshotExporterTests' passed at 2026-09-17 11:26:08.450.
	 Executed 3 tests, with 0 failures (0 unexpected) in 0.013 (0.013) seconds
Test Suite 'SnapshotIncrementTests' started at 2026-09-17 11:26:08.450.
Test Case '-[IncrementTests.SnapshotIncrementTests testLiveSnapshotRendersAndDeterministicExportIsInspectable]' started.
Test Case '-[IncrementTests.SnapshotIncrementTests testLiveSnapshotRendersAndDeterministicExportIsInspectable]' passed (0.010 seconds).
Test Suite 'SnapshotIncrementTests' passed at 2026-09-17 11:26:08.460.
	 Executed 1 test, with 0 failures (0 unexpected) in 0.010 (0.010) seconds
Test Suite 'SocketOwnershipRegressionTests' started at 2026-09-17 11:26:08.460.
Test Case '-[DiskStewardAppTests.SocketOwnershipRegressionTests testAbruptProcessDeathReleasesLeaseAndRecoversRecordedSocket]' started.
Test Case '-[DiskStewardAppTests.SocketOwnershipRegressionTests testAbruptProcessDeathReleasesLeaseAndRecoversRecordedSocket]' passed (0.044 seconds).
Test Case '-[DiskStewardAppTests.SocketOwnershipRegressionTests testCrashOwnerProcessFixture]' started.
Test Case '-[DiskStewardAppTests.SocketOwnershipRegressionTests testCrashOwnerProcessFixture]' passed (0.000 seconds).
Test Case '-[DiskStewardAppTests.SocketOwnershipRegressionTests testCrashRecoveryPreservesReplacedStagingDirectoryAndRegularFile]' started.
Test Case '-[DiskStewardAppTests.SocketOwnershipRegressionTests testCrashRecoveryPreservesReplacedStagingDirectoryAndRegularFile]' passed (0.102 seconds).
Test Case '-[DiskStewardAppTests.SocketOwnershipRegressionTests testEveryStartupCrashBoundaryRecoversIncludingTornJournal]' started.
Test Case '-[DiskStewardAppTests.SocketOwnershipRegressionTests testEveryStartupCrashBoundaryRecoversIncludingTornJournal]' passed (0.418 seconds).
Test Case '-[DiskStewardAppTests.SocketOwnershipRegressionTests testFailedStartPreservesRegularAndSymlinkOccupantsAndCanRetry]' started.
Test Case '-[DiskStewardAppTests.SocketOwnershipRegressionTests testFailedStartPreservesRegularAndSymlinkOccupantsAndCanRetry]' passed (0.003 seconds).
Test Case '-[DiskStewardAppTests.SocketOwnershipRegressionTests testLeaseCanBeReacquiredAfterNormalStop]' started.
Test Case '-[DiskStewardAppTests.SocketOwnershipRegressionTests testLeaseCanBeReacquiredAfterNormalStop]' passed (0.002 seconds).
Test Case '-[DiskStewardAppTests.SocketOwnershipRegressionTests testLeaseRefusesSymlinkAndNonPrivateLock]' started.
Test Case '-[DiskStewardAppTests.SocketOwnershipRegressionTests testLeaseRefusesSymlinkAndNonPrivateLock]' passed (0.001 seconds).
Test Case '-[DiskStewardAppTests.SocketOwnershipRegressionTests testNearCapacityPublicSocketPathStillConnectsAndRestarts]' started.
Test Case '-[DiskStewardAppTests.SocketOwnershipRegressionTests testNearCapacityPublicSocketPathStillConnectsAndRestarts]' passed (0.012 seconds).
Test Case '-[DiskStewardAppTests.SocketOwnershipRegressionTests testPersistentLeaseInodeIsReusedAndHardLinksAreRejected]' started.
Test Case '-[DiskStewardAppTests.SocketOwnershipRegressionTests testPersistentLeaseInodeIsReusedAndHardLinksAreRejected]' passed (0.001 seconds).
Test Case '-[DiskStewardAppTests.SocketOwnershipRegressionTests testPublicationRefusesAnOccupantCreatedAfterTheInitialCheck]' started.
Test Case '-[DiskStewardAppTests.SocketOwnershipRegressionTests testPublicationRefusesAnOccupantCreatedAfterTheInitialCheck]' passed (0.009 seconds).
Test Case '-[DiskStewardAppTests.SocketOwnershipRegressionTests testRapidRestartKeepsFirstRequestResponsive]' started.
Test Case '-[DiskStewardAppTests.SocketOwnershipRegressionTests testRapidRestartKeepsFirstRequestResponsive]' passed (0.043 seconds).
Test Case '-[DiskStewardAppTests.SocketOwnershipRegressionTests testSecondServerCannotReplaceLiveEndpointOrRemoveItOnFailedStart]' started.
Test Case '-[DiskStewardAppTests.SocketOwnershipRegressionTests testSecondServerCannotReplaceLiveEndpointOrRemoveItOnFailedStart]' passed (0.001 seconds).
Test Case '-[DiskStewardAppTests.SocketOwnershipRegressionTests testSocketReadDeadlineCapAndDisconnectedWrite]' started.
Test Case '-[DiskStewardAppTests.SocketOwnershipRegressionTests testSocketReadDeadlineCapAndDisconnectedWrite]' passed (0.051 seconds).
Test Case '-[DiskStewardAppTests.SocketOwnershipRegressionTests testStopDoesNotCloseListenerUntilItsPendingHandlerDrains]' started.
Test Case '-[DiskStewardAppTests.SocketOwnershipRegressionTests testStopDoesNotCloseListenerUntilItsPendingHandlerDrains]' passed (0.002 seconds).
Test Case '-[DiskStewardAppTests.SocketOwnershipRegressionTests testStopPreservesAReplacementSocketAndItsPendingConnections]' started.
Test Case '-[DiskStewardAppTests.SocketOwnershipRegressionTests testStopPreservesAReplacementSocketAndItsPendingConnections]' passed (0.001 seconds).
Test Case '-[DiskStewardAppTests.SocketOwnershipRegressionTests testThrowingStartupCheckpointsCleanOnlyOwnedResources]' started.
Test Case '-[DiskStewardAppTests.SocketOwnershipRegressionTests testThrowingStartupCheckpointsCleanOnlyOwnedResources]' passed (0.007 seconds).
Test Case '-[DiskStewardAppTests.SocketOwnershipRegressionTests testUnknownListenerIsPreservedWithoutAnyProbeConnection]' started.
Test Case '-[DiskStewardAppTests.SocketOwnershipRegressionTests testUnknownListenerIsPreservedWithoutAnyProbeConnection]' passed (0.000 seconds).
Test Suite 'SocketOwnershipRegressionTests' passed at 2026-09-17 11:26:09.160.
	 Executed 17 tests, with 0 failures (0 unexpected) in 0.699 (0.701) seconds
Test Suite 'StatusBoardEvidenceExportTests' started at 2026-09-17 11:26:09.160.
Test Case '-[DiskStewardAppTests.StatusBoardEvidenceExportTests testActualViewModelPathExportsDurableBundleRevealsItAndRecordsManualOwnership]' started.
Test Case '-[DiskStewardAppTests.StatusBoardEvidenceExportTests testActualViewModelPathExportsDurableBundleRevealsItAndRecordsManualOwnership]' passed (0.022 seconds).
Test Case '-[DiskStewardAppTests.StatusBoardEvidenceExportTests testUnavailableOrFailedDurableExporterReportsFailureAndResetsBusyState]' started.
Test Case '-[DiskStewardAppTests.StatusBoardEvidenceExportTests testUnavailableOrFailedDurableExporterReportsFailureAndResetsBusyState]' passed (0.000 seconds).
Test Suite 'StatusBoardEvidenceExportTests' passed at 2026-09-17 11:26:09.183.
	 Executed 2 tests, with 0 failures (0 unexpected) in 0.022 (0.022) seconds
Test Suite 'StatusBoardPresentationTests' started at 2026-09-17 11:26:09.183.
Test Case '-[DiskStewardAppTests.StatusBoardPresentationTests testCapacityHealthAndGrowthUseUnambiguousText]' started.
Test Case '-[DiskStewardAppTests.StatusBoardPresentationTests testCapacityHealthAndGrowthUseUnambiguousText]' passed (0.001 seconds).
Test Case '-[DiskStewardAppTests.StatusBoardPresentationTests testLightAndDarkStatusBoardRenderAtCompactWidth]' started.
Test Case '-[DiskStewardAppTests.StatusBoardPresentationTests testLightAndDarkStatusBoardRenderAtCompactWidth]' passed (0.151 seconds).
Test Case '-[DiskStewardAppTests.StatusBoardPresentationTests testStateMatrixHasDeterministicCopyActionsAndTextualAccessibility]' started.
Test Case '-[DiskStewardAppTests.StatusBoardPresentationTests testStateMatrixHasDeterministicCopyActionsAndTextualAccessibility]' passed (0.000 seconds).
Test Suite 'StatusBoardPresentationTests' passed at 2026-09-17 11:26:09.334.
	 Executed 3 tests, with 0 failures (0 unexpected) in 0.152 (0.152) seconds
Test Suite 'StdioBudgetTests' started at 2026-09-17 11:26:09.335.
Test Case '-[DiskStewardMCPTests.StdioBudgetTests testEightFrameLimitCountsTheStalledCurrentFrame]' started.
Test Case '-[DiskStewardMCPTests.StdioBudgetTests testEightFrameLimitCountsTheStalledCurrentFrame]' passed (0.023 seconds).
Test Case '-[DiskStewardMCPTests.StdioBudgetTests testExactFourMiBPayloadIsAcceptedWithItsFramingNewline]' started.
Test Case '-[DiskStewardMCPTests.StdioBudgetTests testExactFourMiBPayloadIsAcceptedWithItsFramingNewline]' passed (0.091 seconds).
Test Case '-[DiskStewardMCPTests.StdioBudgetTests testFrameLimitAppliesToEveryResponseIncludingControlMessages]' started.
Test Case '-[DiskStewardMCPTests.StdioBudgetTests testFrameLimitAppliesToEveryResponseIncludingControlMessages]' passed (0.043 seconds).
Test Case '-[DiskStewardMCPTests.StdioBudgetTests testNonReadingPipeCannotGrowResponseQueueBeyondBudget]' started.
Test Case '-[DiskStewardMCPTests.StdioBudgetTests testNonReadingPipeCannotGrowResponseQueueBeyondBudget]' passed (0.056 seconds).
Test Suite 'StdioBudgetTests' passed at 2026-09-17 11:26:09.549.
	 Executed 4 tests, with 0 failures (0 unexpected) in 0.214 (0.214) seconds
Test Suite 'StorageSnapshotTests' started at 2026-09-17 11:26:09.549.
Test Case '-[DiskStewardCoreTests.StorageSnapshotTests testCurrentDataVolumeLiveSmoke]' started.
Test Case '-[DiskStewardCoreTests.StorageSnapshotTests testCurrentDataVolumeLiveSmoke]' passed (0.009 seconds).
Test Case '-[DiskStewardCoreTests.StorageSnapshotTests testSnapshotFixtureIsDeterministicAndSchemaValid]' started.
Test Case '-[DiskStewardCoreTests.StorageSnapshotTests testSnapshotFixtureIsDeterministicAndSchemaValid]' passed (0.000 seconds).
Test Case '-[DiskStewardCoreTests.StorageSnapshotTests testVolumeCapacityClampsInvalidFixtureValues]' started.
Test Case '-[DiskStewardCoreTests.StorageSnapshotTests testVolumeCapacityClampsInvalidFixtureValues]' passed (0.000 seconds).
Test Suite 'StorageSnapshotTests' passed at 2026-09-17 11:26:09.558.
	 Executed 3 tests, with 0 failures (0 unexpected) in 0.009 (0.009) seconds
Test Suite 'TaskImpactCorrelationTests' started at 2026-09-17 11:26:09.558.
Test Case '-[DiskStewardCoreTests.TaskImpactCorrelationTests testDescendantWriterLinksOnlyToCorrectConcurrentTask]' started.
Test Case '-[DiskStewardCoreTests.TaskImpactCorrelationTests testDescendantWriterLinksOnlyToCorrectConcurrentTask]' passed (0.000 seconds).
Test Case '-[DiskStewardCoreTests.TaskImpactCorrelationTests testExpiredSessionAndReusedPIDCannotClaimNewEvent]' started.
Test Case '-[DiskStewardCoreTests.TaskImpactCorrelationTests testExpiredSessionAndReusedPIDCannotClaimNewEvent]' passed (0.000 seconds).
Test Case '-[DiskStewardCoreTests.TaskImpactCorrelationTests testOverlappingWorkspaceWithoutWriterStaysUnknownAndDoesNotLeakAcrossTasks]' started.
Test Case '-[DiskStewardCoreTests.TaskImpactCorrelationTests testOverlappingWorkspaceWithoutWriterStaysUnknownAndDoesNotLeakAcrossTasks]' passed (0.000 seconds).
Test Case '-[DiskStewardCoreTests.TaskImpactCorrelationTests testUniqueWorkspaceDowngradesToInferredAndImpactSumsOnlyLinkedEvents]' started.
Test Case '-[DiskStewardCoreTests.TaskImpactCorrelationTests testUniqueWorkspaceDowngradesToInferredAndImpactSumsOnlyLinkedEvents]' passed (0.000 seconds).
Test Suite 'TaskImpactCorrelationTests' passed at 2026-09-17 11:26:09.559.
	 Executed 4 tests, with 0 failures (0 unexpected) in 0.001 (0.001) seconds
Test Suite 'ThresholdNotificationPolicyTests' started at 2026-09-17 11:26:09.559.
Test Case '-[DiskStewardAppTests.ThresholdNotificationPolicyTests testCapacityAndGrowthCrossingsHaveDistinctEvidenceMessages]' started.
Test Case '-[DiskStewardAppTests.ThresholdNotificationPolicyTests testCapacityAndGrowthCrossingsHaveDistinctEvidenceMessages]' passed (0.000 seconds).
Test Case '-[DiskStewardAppTests.ThresholdNotificationPolicyTests testNotificationFiresOnCrossingButNotEveryUnchangedSample]' started.
Test Case '-[DiskStewardAppTests.ThresholdNotificationPolicyTests testNotificationFiresOnCrossingButNotEveryUnchangedSample]' passed (0.000 seconds).
Test Suite 'ThresholdNotificationPolicyTests' passed at 2026-09-17 11:26:09.559.
	 Executed 2 tests, with 0 failures (0 unexpected) in 0.000 (0.000) seconds
Test Suite 'VerificationIsolationTests' started at 2026-09-17 11:26:09.559.
Test Case '-[DiskStewardAppTests.VerificationIsolationTests testArtifactOutputRequiresNewLeafUnderPrivateTemporaryParent]' started.
Test Case '-[DiskStewardAppTests.VerificationIsolationTests testArtifactOutputRequiresNewLeafUnderPrivateTemporaryParent]' passed (0.001 seconds).
Test Case '-[DiskStewardAppTests.VerificationIsolationTests testNormalStartupAndSmokeCannotMistakeSupportOverrideForIsolation]' started.
Test Case '-[DiskStewardAppTests.VerificationIsolationTests testNormalStartupAndSmokeCannotMistakeSupportOverrideForIsolation]' passed (0.000 seconds).
Test Suite 'VerificationIsolationTests' passed at 2026-09-17 11:26:09.561.
	 Executed 2 tests, with 0 failures (0 unexpected) in 0.002 (0.002) seconds
Test Suite 'ZlibRegressionTests' started at 2026-09-17 11:26:09.561.
Test Case '-[DiskStewardCoreTests.ZlibRegressionTests testEmptyFinalizedStreamAndBoundedDecode]' started.
Test Case '-[DiskStewardCoreTests.ZlibRegressionTests testEmptyFinalizedStreamAndBoundedDecode]' passed (0.002 seconds).
Test Suite 'ZlibRegressionTests' passed at 2026-09-17 11:26:09.563.
	 Executed 1 test, with 0 failures (0 unexpected) in 0.002 (0.002) seconds
Test Suite 'DiskStewardPackageTests.xctest' failed at 2026-09-17 11:26:09.563.
	 Executed 302 tests, with 1 test skipped and 1 failure (0 unexpected) in 27.765 (27.796) seconds
Test Suite 'All tests' failed at 2026-09-17 11:26:09.564.
	 Executed 302 tests, with 1 test skipped and 1 failure (0 unexpected) in 27.765 (27.796) seconds
◇ Test run started.
↳ Testing Library Version: 1501
↳ Target Platform: arm64e-apple-macos14.0
✔ Test run with 0 tests in 0 suites passed after 0.001 seconds.
